ticket_id,ticket_text,category,priority,source
T00001,"Switched to alternative product, please cancel plan effective today.",Cancellation,Medium,manual
T00002,Unsubscribe me from all paid services and emails right now.,Cancellation,High,manual
T00003,I am closing my business and need to cancel all associated services.,Cancellation,High,manual
T00004,Stop my subscription at end of current billing period.,Cancellation,Medium,manual
T00005,Want to end contract early due to company restructuring.,Cancellation,High,manual
T00006,Cancel auto-renewal for my annual membership plan.,Cancellation,Medium,manual
T00007,Parcel box arrived completely crushed and open.,Shipping,High,manual
T00008,"Paid extra for next-day priority shipping, but it's taking standard 5 days.",Shipping,Medium,manual
T00009,Customs holding shipment at port demanding additional clearance documentation.,Shipping,Medium,manual
T00010,Wrong tracking code sent in email confirmation.,Shipping,Low,manual
T00011,Courier driver left package in heavy rain without ringing doorbell.,Shipping,Medium,manual
T00012,Locked out of my admin account due to forgotten 2FA device.,Account,Critical,manual
T00013,Password reset link is giving 'expired' error immediately upon arrival.,Account,High,manual
T00014,How do I change my primary account email address?,Account,Low,manual
T00015,Suspicious login attempt detected from unrecognized location. Deactivate account temporarily.,Account,Critical,manual
T00016,Cannot update profile picture or display name in settings page.,Account,Low,manual
T00017,Please transfer account owner privileges to user user2@org.com.,Account,Medium,manual
T00018,Verification code SMS not reaching my mobile phone number.,Account,High,manual
T00019,Account deactivated message showing when logging in. Why?,Account,High,manual
T00020,Want to delete my profile and purge all stored user personal data.,Account,Medium,manual
T00021,SSO Google login fails with OAuth redirect URI mismatch.,Account,High,manual
T00022,Your customer service rep on phone was extremely rude and unhelpful.,Complaint,High,manual
T00023,Unable to sync offline offline records to server once online.,Technical Support,High,manual
T00024,Notification push messages are not arriving on Android 14 devices.,Technical Support,Medium,manual
T00025,I requested refund 10 days ago. Still no update on status???,Refund,High,manual
T00026,Product did not match the website description at all. Returning product for money back.,Refund,Medium,manual
T00027,Accidentally bought 2 licenses instead of 1. Refund the extra one please.,Refund,Medium,manual
T00028,"Order cancelled by seller due to out of stock, but money not refunded yet.",Refund,High,manual
T00029,Where is my refund?,Refund,Medium,manual
T00030,Partial refund received ($20) instead of promised full refund ($100).,Refund,High,manual
T00031,System charged me after trial ended even though I opted out. Money back immediately.,Refund,Critical,manual
T00032,Service quality was unacceptable during webinar event. Requesting subscription refund.,Refund,Medium,manual
T00033,Returned item received at warehouse per carrier tracking #8821. Process reimbursement.,Refund,Medium,manual
T00034,Where can I track my delivery?,Shipping,Low,manual
T00035,Package marked delivered by courier but I did not receive anything at my door.,Shipping,Critical,manual
T00036,Delivery is 4 days late and tracking status has not updated since Monday.,Shipping,High,manual
T00037,Need to change shipping address to Apartment 4B before order dispatches.,Shipping,High,manual
T00038,Item shipped to old residential address by mistake.,Shipping,High,manual
T00039,I was charged currency conversion fee when purchase was in USD. Why?,Billing,Medium,manual
T00040,Promo code PROMO2024 was applied but full price was charged to my card.,Billing,Medium,manual
T00041,"Got a message saying payment failed, but my account balance decreased.",Billing,High,manual
T00042,Why is there an additional $15 maintenance charge on my bill?,Billing,Medium,manual
T00043,The app crashes whenever I try to upload a file.,Technical Support,High,manual
T00044,Getting 500 error when clicking submit.,Technical Support,Medium,manual
T00045,"Hey, your website is completely down on Chrome. White screen showing up.",Technical Support,Critical,manual
T00046,API response time is over 12 seconds for /v1/data endpoint. Server timeout.,Technical Support,High,manual
T00047,Cant connect database error sqlite3.OperationalError database locked.,Technical Support,High,manual
T00048,Export to CSV button does nothing when clicked in Firefox browser.,Technical Support,Medium,manual
T00049,App stuck on loading screen after latest 2.4.1 update.,Technical Support,High,manual
T00050,Dashboard metrics showing 0 despite active data ingestion streams.,Technical Support,Medium,manual
T00051,SSL certificate expired warning when accessing client portal.,Technical Support,Critical,manual
T00052,Mobile app logout spontaneously every 5 minutes.,Technical Support,Medium,manual
T00053,Dark mode toggle is glitching and flickering constantly.,Technical Support,Low,manual
T00054,Desktop software crash dump attached - exit code 0xC0000005.,Technical Support,High,manual
T00055,Charged twice.,Billing,High,manual
T00056,My bank statement indicates that the same transaction was processed twice.,Billing,High,manual
T00057,"I purchased the annual subscription yesterday, but my credit card statement now shows two separate charges for the same order.",Billing,High,manual
T00058,Why did u guys charge me again??,Billing,High,manual
T00059,"This is ridiculous, I have been charged twice and nobody is helping me!",Billing,Critical,manual
T00060,Can you send the PDF receipt for my team subscription to accounting@company.org?,Billing,Low,manual
T00061,Payment went through on my bank app but portal says payment pending.,Billing,Medium,manual
T00062,Incorrect tax amount added to invoice #INV-99201. Plz fix.,Billing,Medium,manual
T00063,Auto renewal billed me $99 even though I sent cancellation request last week.,Billing,High,manual
T00064,Need vat invoice for last month subscription fee.,Billing,Low,manual
T00065,Overcharged by 50 dollars on month end billing statement.,Billing,High,manual
T00066,Support ticket #4401 closed automatically without providing solution.,Complaint,High,manual
T00067,Data privacy concern: shared workspace showing other client's file names.,Complaint,Critical,manual
T00068,Does the enterprise tier support single sign-on (SSO) via SAML 2.0?,Product Inquiry,Low,manual
T00069,Is there an iOS tablet version available for download?,Product Inquiry,Low,manual
T00070,What is the maximum file upload size limit per attachment?,Product Inquiry,Low,manual
T00071,Can I integrate this platform with Zapier or Webhooks?,Product Inquiry,Low,manual
T00072,Looking for detailed documentation on REST API rate limits.,Product Inquiry,Low,manual
T00073,Are there discount options for non-profit organizations or universities?,Product Inquiry,Low,manual
T00074,Does product support dark theme and custom CSS styling?,Product Inquiry,Low,manual
T00075,Is user training included with team plan onboard?,Product Inquiry,Low,manual
T00076,How do I terminate my account subscription?,Cancellation,Medium,manual
T00077,Escalating this issue to management. Unresolved bug open for 30 days.,Complaint,Critical,manual
T00078,Misleading marketing claims regarding features included in standard plan.,Complaint,Medium,manual
T00079,I have been waiting on hold for over 45 minutes without any agent answering.,Complaint,Medium,manual
T00080,Please cancel my subscription immediately before next billing cycle.,Cancellation,High,manual
T00081,Prices increased by 30% without prior email notification to subscribers.,Complaint,High,manual
T00082,Worst experience ever. System has been down 3 times this month!,Complaint,High,manual
T00083,Account closure request following vendor consolidation.,Cancellation,High,external
T00084,Cancelling membership due to budget constraints.,Cancellation,Medium,external
T00085,Terminate trial period and remove credit card details.,Cancellation,Medium,external
T00086,Unresolved software defect open for over six weeks.,Complaint,High,external
T00087,Downgrading from Premium to Free plan before billing cycle.,Cancellation,Medium,external
T00088,Unexpected price structure changes without prior advisory notice.,Complaint,High,external
T00089,Support ticket marked resolved without customer confirmation.,Complaint,High,external
T00090,Inconsistent information provided by different support reps.,Complaint,Medium,external
T00091,Inquiring about compatibility with PostgreSQL 15 database engines.,Product Inquiry,Low,external
T00092,What encryption standards are utilized for data at rest?,Product Inquiry,Low,external
T00093,Are custom API rate limits available for enterprise contracts?,Product Inquiry,Low,external
T00094,Does the system support multi-currency transactions and reporting?,Product Inquiry,Low,external
T00095,Poor communication regarding planned system maintenance window.,Complaint,Medium,external
T00096,Profile contact phone number update request.,Account,Low,external
T00097,GDPR account deletion request and data erasure.,Account,Medium,external
T00098,Unacceptable response time from Tier 1 support team.,Complaint,High,external
T00099,Feature promised during sales call is absent from released product.,Complaint,High,external
T00100,"Returned goods delivered to facility on 12th, awaiting credit posting.",Refund,Medium,external
T00101,Product hardware malfunctioning within 14-day return window.,Refund,High,external
T00102,Overcharge refund agreed by support representative not reflected on card.,Refund,High,external
T00103,Cancelled order refund status inquiry for order reference #77291.,Refund,Medium,external
T00104,Subscription cancelled during money-back guarantee period.,Refund,High,external
T00105,"Defective shipment returned, please credit back original payment source.",Refund,High,external
T00106,Service SLA breach credit refund request for downtime incident.,Refund,High,external
T00107,Double payment deduction refund for transaction ID #10492.,Refund,Critical,external
T00108,"Order items damaged during transport, demanding store credit or refund.",Refund,High,external
T00109,Inquiry regarding roadmap for native mobile tablet application.,Product Inquiry,Low,external
T00110,What is the maximum number of concurrent users supported on Pro plan?,Product Inquiry,Low,external
T00111,Requesting hardware specification guide for on-premise installation.,Product Inquiry,Low,external
T00112,Is SOC2 Type II compliance documentation available upon NDA?,Product Inquiry,Low,external
T00113,Formal notice of contract non-renewal effective at term end.,Cancellation,High,external
T00114,Request to cancel automatic monthly plan renewal.,Cancellation,Medium,external
T00115,Immediate account termination and billing cancellation requested.,Cancellation,High,external
T00116,Address correction required prior to courier dispatch.,Shipping,High,external
T00117,Express delivery deadline missed by courier service provider.,Shipping,Medium,external
T00118,Multi-factor authentication reset required for admin profile.,Account,Critical,external
T00119,Unable to modify account owner email in security settings panel.,Account,Medium,external
T00120,Password reset verification email not arriving in inbox.,Account,High,external
T00121,User permission escalation request for team manager profile.,Account,Medium,external
T00122,Single Sign-On integration failing with identity provider metadata error.,Account,High,external
T00123,High latency reported on regional server node us-east-1.,Technical Support,High,external
T00124,File conversion utility hanging at 99% progress bar indefinitely.,Technical Support,Medium,external
T00125,Web portal rendering blank white page on Safari browser version 17.,Technical Support,High,external
T00126,User authentication token expiring prematurely causing frequent re-logins.,Technical Support,Medium,external
T00127,Database connector throwing connection reset by peer error.,Technical Support,Critical,external
T00128,Discrepancy between quote provided by sales rep and billed invoice total.,Billing,High,external
T00129,Payment confirmation email not received after successful wire transfer.,Billing,Low,external
T00130,Annual invoice shows wrong seat count for active user licenses.,Billing,Medium,external
T00131,Billed standard rate instead of contracted enterprise discount rate.,Billing,High,external
T00132,"Partial order shipment arrived, remaining items missing from package.",Shipping,High,external
T00133,Dispatch confirmation received but shipping label show pending pickup.,Shipping,Low,external
T00134,International freight shipment stuck in customs inspection.,Shipping,Medium,external
T00135,Request to hold parcel at local depot for self pickup.,Shipping,Low,external
T00136,Shipment delivered to wrong zip code according to tracking link.,Shipping,High,external
T00137,Package tracking details not updated for past 72 hours.,Shipping,Medium,external
T00138,Carrier notification indicates delivery delay due to severe weather conditions.,Shipping,Low,external
T00139,Invoice generated without our corporate tax identification number.,Billing,Low,external
T00140,Requesting refund of duplicate charge on transaction statement #9928.,Billing,High,external
T00141,System audit log export truncating records older than 30 days.,Technical Support,Low,external
T00142,Requesting full reimbursement for cancelled conference ticket.,Refund,Medium,external
T00143,Updated my payment method but automated billing still shows expired card.,Billing,Medium,external
T00144,Webhook endpoint returning HTTP 403 Forbidden on payload POST.,Technical Support,High,external
T00145,Search indexing engine failed to update new product listings.,Technical Support,Medium,external
T00146,Memory leak observed in desktop daemon process background worker.,Technical Support,High,external
T00147,Client side validation error preventing form submission on checkout.,Technical Support,Medium,external
T00148,The product quality is sub-par and does not match description. Please refund. Appreciate a quick update on this.,Refund,Low,synthetic
T00149,"My payment failed yesterday, but money was deducted from my bank account. Please advise as soon as possible.",Billing,Critical,synthetic
T00150,My profile settings fail to save changes. Urgent attention required.,Account,High,synthetic
T00151,Very dissatisfied with rude customer service representative on call. Contact me via email or phone.,Complaint,High,synthetic
T00152,I want to cancel my subscription effective immediately. Appreciate a quick update on this.,Cancellation,Medium,synthetic
T00153,Misleading advertising regarding feature capabilities on sales page.,Complaint,Medium,synthetic
T00154,Estimated delivery date has passed but package has not arrived. Appreciate a quick update on this.,Shipping,Medium,synthetic
T00155,I cannot log into my account despite entering correct password. Looking forward to your prompt response.,Account,Medium,synthetic
T00156,Unable to reset password via email link; link expired immediately. Looking forward to your prompt response.,Account,High,synthetic
T00157,I noticed an unauthorized charge of $19.99 on my monthly invoice. Looking forward to your prompt response.,Billing,Medium,synthetic
T00158,Does your enterprise plan support custom API integrations? Please advise as soon as possible.,Product Inquiry,Low,synthetic
T00159,Page load times are extremely slow and API calls are timing out. Looking forward to your prompt response.,Technical Support,High,synthetic
T00160,Unable to connect to remote database server from IP address 192.168.24.222. Looking forward to your prompt response.,Technical Support,High,synthetic
T00161,Looking for comparison between standard and professional tiers. Looking forward to your prompt response.,Product Inquiry,Low,synthetic
T00162,I need an official tax invoice and payment receipt for order 28465. Contact me via email or phone.,Billing,Critical,synthetic
T00163,Misleading advertising regarding feature capabilities on sales page. Appreciate a quick update on this.,Complaint,Medium,synthetic
T00164,Formal complaint regarding poor product build quality and support delay. Urgent attention required.,Complaint,High,synthetic
T00165,"Charged after cancellation request, need immediate reimbursement. Urgent attention required.",Refund,Medium,synthetic
T00166,Why was I billed $249.5 when my plan is $79.99? Contact me via email or phone.,Billing,High,synthetic
T00167,International shipment stuck at distribution center for over a week.,Shipping,High,synthetic
T00168,What is the warranty period and coverage for international orders? Urgent attention required.,Product Inquiry,Low,synthetic
T00169,Appalled by lack of response to critical security vulnerability report. Please advise as soon as possible.,Complaint,High,synthetic
T00170,Closing subscription due to missing essential features. Appreciate a quick update on this.,Cancellation,Critical,synthetic
T00171,Package arrived with crushed outer box and broken contents. Urgent attention required.,Shipping,Medium,synthetic
T00172,I noticed an unauthorized charge of $49.0 on my monthly invoice. Thank you for your assistance.,Billing,Medium,synthetic
T00173,"Express shipping paid, but package sent via standard economy post. Please advise as soon as possible.",Shipping,Critical,synthetic
T00174,Package arrived with crushed outer box and broken contents. Please advise as soon as possible.,Shipping,Low,synthetic
T00175,I requested a refund for order 45102 two weeks ago but haven't received it. Please advise as soon as possible.,Refund,Medium,synthetic
T00176,Worst service experience ever! Unprofessional support team. Looking forward to your prompt response.,Complaint,High,synthetic
T00177,Can you update my credit card billing address and tax ID for billing? Appreciate a quick update on this.,Billing,High,synthetic
T00178,Received suspicious password reset email without requesting it. Urgent attention required.,Account,High,synthetic
T00179,Partial refund missing from my previous dispute case 80950. Appreciate a quick update on this.,Refund,Low,synthetic
T00180,We are switching to an alternative solution and wish to terminate service.,Cancellation,High,synthetic
T00181,Please confirm cancellation of recurring billing for account 17705. Thank you for your assistance.,Cancellation,High,synthetic
T00182,Account permissions are misconfigured and user cannot access dashboard. Looking forward to your prompt response.,Account,High,synthetic
T00183,Bluetooth sync is failing between the hardware device and dashboard. Urgent attention required.,Technical Support,High,synthetic
T00184,"Tracking indicates delivered, but package is missing from my doorstep. Please advise as soon as possible.",Shipping,Medium,synthetic
T00185,Delivery courier left parcel in rain without notification. Urgent attention required.,Shipping,Medium,synthetic
T00186,What are the hardware specifications required to run this software? Thank you for your assistance.,Product Inquiry,Low,synthetic
T00187,My profile settings fail to save changes. Appreciate a quick update on this.,Account,Medium,synthetic
T00188,Page load times are extremely slow and API calls are timing out. Appreciate a quick update on this.,Technical Support,Medium,synthetic
T00189,Returned package was delivered to warehouse. When will refund be processed? Please advise as soon as possible.,Refund,Medium,synthetic
T00190,"Charged after cancellation request, need immediate reimbursement. Contact me via email or phone.",Refund,High,synthetic
T00191,Service was down during our event. Requesting credit refund to account. Contact me via email or phone.,Refund,Medium,synthetic
T00192,How do I transfer account ownership to another administrator? Kindly look into this matter promptly.,Account,Low,synthetic
T00193,Can you update my credit card billing address and tax ID for billing? Please advise as soon as possible.,Billing,High,synthetic
T00194,Very dissatisfied with rude customer service representative on call. Thank you for your assistance.,Complaint,High,synthetic
T00195,Very dissatisfied with rude customer service representative on call. Please advise as soon as possible.,Complaint,Medium,synthetic
T00196,Subscription cancellation button is missing from account settings page. Please advise as soon as possible.,Cancellation,Medium,synthetic
T00197,I am being billed for a service that was supposed to be free during trial. Contact me via email or phone.,Billing,Critical,synthetic
T00198,Looking for comparison between standard and professional tiers. Kindly look into this matter promptly.,Product Inquiry,Low,synthetic
T00199,Does the cloud platform comply with SOC2 and HIPAA standards? Urgent attention required.,Product Inquiry,Low,synthetic
T00200,Why was I billed $99.99 when my plan is $9.99? Urgent attention required.,Billing,High,synthetic
T00201,"Express shipping paid, but package sent via standard economy post. Appreciate a quick update on this.",Shipping,High,synthetic
T00202,Does your enterprise plan support custom API integrations? Thank you for your assistance.,Product Inquiry,Low,synthetic
T00203,Can you update my credit card billing address and tax ID for billing? Kindly look into this matter promptly.,Billing,Critical,synthetic
T00204,"Charged after cancellation request, need immediate reimbursement. Thank you for your assistance.",Refund,Low,synthetic
T00205,Where is my package? Tracking number 38569 shows no movement for 5 days. Looking forward to your prompt response.,Shipping,Medium,synthetic
T00206,Order was canceled by system but refund has not posted to my account. Contact me via email or phone.,Refund,Low,synthetic
T00207,Double charge observed on my bank statement for invoice 15286. Looking forward to your prompt response.,Billing,High,synthetic
T00208,Unable to reset password via email link; link expired immediately. Kindly look into this matter promptly.,Account,High,synthetic
T00209,Service was down during our event. Requesting credit refund to account. Urgent attention required.,Refund,High,synthetic
T00210,Partial refund missing from my previous dispute case 32482. Please advise as soon as possible.,Refund,High,synthetic
T00211,Order was canceled by system but refund has not posted to my account.,Refund,Medium,synthetic
T00212,I need to change shipping address for order 62044 before dispatch. Please advise as soon as possible.,Shipping,Medium,synthetic
T00213,How do I cancel my order before it enters fulfillment phase? Please advise as soon as possible.,Cancellation,Critical,synthetic
T00214,Order was canceled by system but refund has not posted to my account. Looking forward to your prompt response.,Refund,Medium,synthetic
T00215,Appalled by lack of response to critical security vulnerability report. Urgent attention required.,Complaint,Medium,synthetic
T00216,I requested a refund for order 64511 two weeks ago but haven't received it. Appreciate a quick update on this.,Refund,High,synthetic
T00217,What are the hardware specifications required to run this software? Kindly look into this matter promptly.,Product Inquiry,Low,synthetic
T00218,My account has been locked due to multiple failed login attempts. Urgent attention required.,Account,High,synthetic
T00219,Customs clearance is delaying package shipment at border transit. Looking forward to your prompt response.,Shipping,Medium,synthetic
T00220,Mobile app keeps crashing on launch after updating to latest iOS/Android version. Thank you for your assistance.,Technical Support,Medium,synthetic
T00221,Order was canceled by system but refund has not posted to my account. Kindly look into this matter promptly.,Refund,Critical,synthetic
T00222,I demand a prompt refund for defective goods received yesterday. Contact me via email or phone.,Refund,Medium,synthetic
T00223,Where is my package? Tracking number 65311 shows no movement for 5 days. Appreciate a quick update on this.,Shipping,High,synthetic
T00224,Please confirm cancellation of recurring billing for account 92526. Contact me via email or phone.,Cancellation,Low,synthetic
T00225,International shipment stuck at distribution center for over a week. Appreciate a quick update on this.,Shipping,Low,synthetic
T00226,System downtime caused business revenue loss for our team. Appreciate a quick update on this.,Complaint,High,synthetic
T00227,Escalating issue: product failed during critical presentation. Please advise as soon as possible.,Complaint,Medium,synthetic
T00228,Why was I billed $49.0 when my plan is $9.99?,Billing,Medium,synthetic
T00229,Looking for comparison between standard and professional tiers. Please advise as soon as possible.,Product Inquiry,Low,synthetic
T00230,Account permissions are misconfigured and user cannot access dashboard. Appreciate a quick update on this.,Account,Medium,synthetic
T00231,Received suspicious password reset email without requesting it. Please advise as soon as possible.,Account,Low,synthetic
T00232,Canceling contract due to budget constraints in our organization. Appreciate a quick update on this.,Cancellation,Medium,synthetic
T00233,No response to urgent tickets for 72 hours despite premium support SLA. Kindly look into this matter promptly.,Complaint,High,synthetic
T00234,Closing subscription due to missing essential features. Urgent attention required.,Cancellation,Medium,synthetic
T00235,Repeatedly transferred between agents without any resolution. Appreciate a quick update on this.,Complaint,High,synthetic
T00236,Unable to connect to remote database server from IP address 192.168.168.5. Please advise as soon as possible.,Technical Support,Medium,synthetic
T00237,"My payment failed yesterday, but money was deducted from my bank account.",Billing,High,synthetic
T00238,Please confirm cancellation of recurring billing for account 72582.,Cancellation,Critical,synthetic
T00239,The desktop application freezes every time I click the save button. Looking forward to your prompt response.,Technical Support,Medium,synthetic
T00240,Looking for comparison between standard and professional tiers. Urgent attention required.,Product Inquiry,Low,synthetic
T00241,We are switching to an alternative solution and wish to terminate service. Appreciate a quick update on this.,Cancellation,Critical,synthetic
T00242,"Charged after cancellation request, need immediate reimbursement. Kindly look into this matter promptly.",Refund,High,synthetic
T00243,Can you provide information on bulk licensing discounts for 500+ users?,Product Inquiry,Low,synthetic
T00244,Single Sign-On (SSO) integration is failing for company domain.,Account,Medium,synthetic
T00245,I noticed an unauthorized charge of $49.0 on my monthly invoice. Urgent attention required.,Billing,Medium,synthetic
T00246,Where is my package? Tracking number 58504 shows no movement for 5 days. Kindly look into this matter promptly.,Shipping,Low,synthetic
T00247,My profile settings fail to save changes. Please advise as soon as possible.,Account,Medium,synthetic
T00248,Unable to reset password via email link; link expired immediately. Please advise as soon as possible.,Account,Low,synthetic
T00249,Returned package was delivered to warehouse. When will refund be processed? Appreciate a quick update on this.,Refund,Critical,synthetic
T00250,System crashed completely during export task showing error code AUTH_DENIED.,Technical Support,Medium,synthetic
T00251,I need to update my registered email address and phone number. Kindly look into this matter promptly.,Account,High,synthetic
T00252,Package arrived with crushed outer box and broken contents. Contact me via email or phone.,Shipping,Medium,synthetic
T00253,Appalled by lack of response to critical security vulnerability report. Appreciate a quick update on this.,Complaint,High,synthetic
T00254,I want to cancel my subscription effective immediately. Please advise as soon as possible.,Cancellation,Medium,synthetic
T00255,Received suspicious password reset email without requesting it.,Account,Low,synthetic
T00256,I received a late payment penalty charge even though I paid on time.,Billing,Medium,synthetic
T00257,I received a late payment penalty charge even though I paid on time. Please advise as soon as possible.,Billing,High,synthetic
T00258,My credit card was charged twice for transaction 33507. Appreciate a quick update on this.,Billing,High,synthetic
T00259,Unable to connect to remote database server from IP address 192.168.215.9. Appreciate a quick update on this.,Technical Support,High,synthetic
T00260,I accidentally purchased the wrong subscription tier and need money back. Looking forward to your prompt response.,Refund,Medium,synthetic
T00261,Repeatedly transferred between agents without any resolution. Looking forward to your prompt response.,Complaint,High,synthetic
T00262,My profile settings fail to save changes.,Account,High,synthetic
T00263,What is the warranty period and coverage for international orders?,Product Inquiry,Low,synthetic
T00264,My credit card was charged twice for transaction 34884.,Billing,Medium,synthetic
T00265,Unable to connect to remote database server from IP address 192.168.242.127. Contact me via email or phone.,Technical Support,Medium,synthetic
T00266,How do I cancel my order before it enters fulfillment phase? Appreciate a quick update on this.,Cancellation,High,synthetic
T00267,Formal complaint regarding poor product build quality and support delay. Looking forward to your prompt response.,Complaint,Medium,synthetic
T00268,Does your enterprise plan support custom API integrations? Looking forward to your prompt response.,Product Inquiry,Medium,synthetic
T00269,Please confirm cancellation of recurring billing for account 31094. Please advise as soon as possible.,Cancellation,High,synthetic
T00270,I need an official tax invoice and payment receipt for order 53236. Kindly look into this matter promptly.,Billing,Medium,synthetic
T00271,Two-factor authentication code is not being received on my phone. Looking forward to your prompt response.,Account,High,synthetic
T00272,I requested a refund for order 86881 two weeks ago but haven't received it. Contact me via email or phone.,Refund,High,synthetic
T00273,Canceling contract due to budget constraints in our organization.,Cancellation,Medium,synthetic
T00274,I need an official tax invoice and payment receipt for order 70952. Appreciate a quick update on this.,Billing,Medium,synthetic
T00275,We are switching to an alternative solution and wish to terminate service. Thank you for your assistance.,Cancellation,Low,synthetic
T00276,Unable to reset password via email link; link expired immediately.,Account,High,synthetic
T00277,Where is my package? Tracking number 61559 shows no movement for 5 days. Please advise as soon as possible.,Shipping,Medium,synthetic
T00278,"Tracking indicates delivered, but package is missing from my doorstep. Thank you for your assistance.",Shipping,Low,synthetic
T00279,I need to change shipping address for order 27427 before dispatch. Looking forward to your prompt response.,Shipping,Medium,synthetic
T00280,Why was I billed $19.99 when my plan is $9.99? Thank you for your assistance.,Billing,Medium,synthetic
T00281,Delivery courier left parcel in rain without notification. Contact me via email or phone.,Shipping,Low,synthetic
T00282,Page load times are extremely slow and API calls are timing out. Kindly look into this matter promptly.,Technical Support,High,synthetic
T00283,"Tracking indicates delivered, but package is missing from my doorstep.",Shipping,Medium,synthetic
T00284,I want to cancel my subscription effective immediately. Kindly look into this matter promptly.,Cancellation,Medium,synthetic
T00285,"Tracking indicates delivered, but package is missing from my doorstep. Kindly look into this matter promptly.",Shipping,High,synthetic
T00286,Unable to reset password via email link; link expired immediately. Thank you for your assistance.,Account,Low,synthetic
T00287,Service was down during our event. Requesting credit refund to account. Please advise as soon as possible.,Refund,Medium,synthetic
T00288,Is this product compatible with macOS Sequoia and Apple Silicon?,Product Inquiry,Medium,synthetic
T00289,"Tracking indicates delivered, but package is missing from my doorstep. Looking forward to your prompt response.",Shipping,Critical,synthetic
T00290,Received suspicious password reset email without requesting it. Appreciate a quick update on this.,Account,High,synthetic
T00291,Estimated delivery date has passed but package has not arrived. Urgent attention required.,Shipping,Low,synthetic
T00292,Delivery courier left parcel in rain without notification. Appreciate a quick update on this.,Shipping,Medium,synthetic
T00293,Agent closed my support ticket without resolving the actual issue. Thank you for your assistance.,Complaint,Medium,synthetic
T00294,We are switching to an alternative solution and wish to terminate service. Contact me via email or phone.,Cancellation,Low,synthetic
T00295,Does your enterprise plan support custom API integrations? Contact me via email or phone.,Product Inquiry,Medium,synthetic
T00296,VPN connection drops every 5 minutes unexpectedly. Urgent attention required.,Technical Support,Medium,synthetic
T00297,System downtime caused business revenue loss for our team. Thank you for your assistance.,Complaint,High,synthetic
T00298,I demand a prompt refund for defective goods received yesterday. Appreciate a quick update on this.,Refund,Critical,synthetic
T00299,Bluetooth sync is failing between the hardware device and dashboard.,Technical Support,High,synthetic
T00300,Please confirm cancellation of recurring billing for account 80917. Urgent attention required.,Cancellation,Medium,synthetic
T00301,Can I try out premium features during a free trial demo? Kindly look into this matter promptly.,Product Inquiry,Low,synthetic
T00302,No response to urgent tickets for 72 hours despite premium support SLA. Thank you for your assistance.,Complaint,Critical,synthetic
T00303,Page load times are extremely slow and API calls are timing out. Contact me via email or phone.,Technical Support,Critical,synthetic
T00304,What are the hardware specifications required to run this software?,Product Inquiry,Low,synthetic
T00305,Repeatedly transferred between agents without any resolution.,Complaint,Medium,synthetic
T00306,I noticed an unauthorized charge of $19.99 on my monthly invoice.,Billing,High,synthetic
T00307,Appalled by lack of response to critical security vulnerability report. Kindly look into this matter promptly.,Complaint,Critical,synthetic
T00308,System crashed completely during export task showing error code NULL_POINTER_EXC. Looking forward to your prompt response.,Technical Support,Critical,synthetic
T00309,There is a billing discrepancy on my recent statement for billing period Q1 2026. Contact me via email or phone.,Billing,Medium,synthetic
T00310,My profile settings fail to save changes. Thank you for your assistance.,Account,High,synthetic
T00311,I cannot log into my account despite entering correct password. Contact me via email or phone.,Account,High,synthetic
T00312,Misleading advertising regarding feature capabilities on sales page. Thank you for your assistance.,Complaint,High,synthetic
T00313,Double charge observed on my bank statement for invoice 83975. Urgent attention required.,Billing,Low,synthetic
T00314,Can you update my credit card billing address and tax ID for billing?,Billing,Medium,synthetic
T00315,Partial refund missing from my previous dispute case 38664.,Refund,Medium,synthetic
T00316,Appalled by lack of response to critical security vulnerability report.,Complaint,High,synthetic
T00317,How do I cancel my order before it enters fulfillment phase? Urgent attention required.,Cancellation,Medium,synthetic
T00318,My internet is not working and the router LED is blinking red. Please advise as soon as possible.,Technical Support,Critical,synthetic
T00319,Please turn off auto-renewal for my annual membership plan. Thank you for your assistance.,Cancellation,High,synthetic
T00320,Two-factor authentication code is not being received on my phone. Thank you for your assistance.,Account,High,synthetic
T00321,Please confirm cancellation of recurring billing for account 63376. Kindly look into this matter promptly.,Cancellation,Medium,synthetic
T00322,"My payment failed yesterday, but money was deducted from my bank account. Looking forward to your prompt response.",Billing,Medium,synthetic
T00323,Need assistance closing and permanently deleting my account. Thank you for your assistance.,Cancellation,High,synthetic
T00324,There is a billing discrepancy on my recent statement for billing period Jan 2026. Thank you for your assistance.,Billing,Medium,synthetic
T00325,Requesting account closure and deletion of stored customer data. Appreciate a quick update on this.,Cancellation,Low,synthetic
T00326,I noticed an unauthorized charge of $249.5 on my monthly invoice. Appreciate a quick update on this.,Billing,Medium,synthetic
T00327,Are there any upcoming features planned for mobile tablet views?,Product Inquiry,High,synthetic
T00328,Bluetooth sync is failing between the hardware device and dashboard. Looking forward to your prompt response.,Technical Support,High,synthetic
T00329,Partial refund missing from my previous dispute case 57917. Contact me via email or phone.,Refund,Low,synthetic
T00330,I cannot log into my account despite entering correct password. Please advise as soon as possible.,Account,High,synthetic
T00331,Bluetooth sync is failing between the hardware device and dashboard. Kindly look into this matter promptly.,Technical Support,High,synthetic
T00332,Software installation fails due to missing DLL files on Windows 11. Thank you for your assistance.,Technical Support,Medium,synthetic
T00333,"My payment failed yesterday, but money was deducted from my bank account. Thank you for your assistance.",Billing,High,synthetic
T00334,I need to change shipping address for order 10800 before dispatch. Contact me via email or phone.,Shipping,Low,synthetic
T00335,I need to change shipping address for order 28617 before dispatch. Urgent attention required.,Shipping,Medium,synthetic
T00336,Account permissions are misconfigured and user cannot access dashboard. Kindly look into this matter promptly.,Account,Medium,synthetic
T00337,Please turn off auto-renewal for my annual membership plan.,Cancellation,Low,synthetic
T00338,Is this product compatible with macOS Sequoia and Apple Silicon? Looking forward to your prompt response.,Product Inquiry,Low,synthetic
T00339,The web application keeps throwing 500 internal server errors when submitting forms.,Technical Support,High,synthetic
T00340,I need an official tax invoice and payment receipt for order 85800. Please advise as soon as possible.,Billing,Critical,synthetic
T00341,The web application keeps throwing 500 internal server errors when submitting forms. Appreciate a quick update on this.,Technical Support,High,synthetic
T00342,Closing subscription due to missing essential features. Kindly look into this matter promptly.,Cancellation,Medium,synthetic
T00343,Page load times are extremely slow and API calls are timing out.,Technical Support,Medium,synthetic
T00344,Double charge observed on my bank statement for invoice 62487. Kindly look into this matter promptly.,Billing,High,synthetic
T00345,The web application keeps throwing 500 internal server errors when submitting forms. Contact me via email or phone.,Technical Support,High,synthetic
T00346,Please confirm cancellation of recurring billing for account 23868. Looking forward to your prompt response.,Cancellation,Medium,synthetic
T00347,Received suspicious password reset email without requesting it. Kindly look into this matter promptly.,Account,Medium,synthetic
T00348,I need an official tax invoice and payment receipt for order 86434. Urgent attention required.,Billing,High,synthetic
T00349,"Tracking indicates delivered, but package is missing from my doorstep. Urgent attention required.",Shipping,Critical,synthetic
T00350,Returned package was delivered to warehouse. When will refund be processed? Thank you for your assistance.,Refund,Medium,synthetic
T00351,Agent closed my support ticket without resolving the actual issue. Looking forward to your prompt response.,Complaint,Critical,synthetic
T00352,Worst service experience ever! Unprofessional support team.,Complaint,Critical,synthetic
T00353,VPN connection drops every 5 minutes unexpectedly. Kindly look into this matter promptly.,Technical Support,High,synthetic
T00354,Where can I find user manuals and documentation for model PRO-801?,Product Inquiry,Medium,synthetic
T00355,Received suspicious password reset email without requesting it. Contact me via email or phone.,Account,Medium,synthetic
T00356,I received a late payment penalty charge even though I paid on time. Contact me via email or phone.,Billing,Medium,synthetic
T00357,Need assistance closing and permanently deleting my account.,Cancellation,Critical,synthetic
T00358,Double charge observed on my bank statement for invoice 86917. Thank you for your assistance.,Billing,Medium,synthetic
T00359,Mobile app keeps crashing on launch after updating to latest iOS/Android version. Urgent attention required.,Technical Support,High,synthetic
T00360,I need to change shipping address for order 16896 before dispatch. Appreciate a quick update on this.,Shipping,Medium,synthetic
T00361,What are the hardware specifications required to run this software? Looking forward to your prompt response.,Product Inquiry,Low,synthetic
T00362,The desktop application freezes every time I click the save button. Appreciate a quick update on this.,Technical Support,Critical,synthetic
T00363,How do I transfer account ownership to another administrator? Please advise as soon as possible.,Account,High,synthetic
T00364,My internet is not working and the router LED is blinking red. Looking forward to your prompt response.,Technical Support,High,synthetic
T00365,The desktop application freezes every time I click the save button. Thank you for your assistance.,Technical Support,Low,synthetic
T00366,Item arrived damaged in transit. I want an immediate full refund. Thank you for your assistance.,Refund,High,synthetic
T00367,Page load times are extremely slow and API calls are timing out. Please advise as soon as possible.,Technical Support,High,synthetic
T00368,Need assistance closing and permanently deleting my account. Urgent attention required.,Cancellation,Medium,synthetic
T00369,Are there any upcoming features planned for mobile tablet views? Contact me via email or phone.,Product Inquiry,Medium,synthetic
T00370,Can you provide information on bulk licensing discounts for 500+ users? Kindly look into this matter promptly.,Product Inquiry,Low,synthetic
T00371,I cannot log into my account despite entering correct password. Kindly look into this matter promptly.,Account,Low,synthetic
T00372,Can you provide information on bulk licensing discounts for 500+ users? Thank you for your assistance.,Product Inquiry,Low,synthetic
T00373,How do I transfer account ownership to another administrator? Looking forward to your prompt response.,Account,Medium,synthetic
T00374,Please turn off auto-renewal for my annual membership plan. Contact me via email or phone.,Cancellation,Medium,synthetic
T00375,Returned package was delivered to warehouse. When will refund be processed? Looking forward to your prompt response.,Refund,Medium,synthetic
T00376,Appalled by lack of response to critical security vulnerability report. Looking forward to your prompt response.,Complaint,High,synthetic
T00377,System crashed completely during export task showing error code AUTH_DENIED. Thank you for your assistance.,Technical Support,Medium,synthetic
T00378,What are the hardware specifications required to run this software? Please advise as soon as possible.,Product Inquiry,Medium,synthetic
T00379,International shipment stuck at distribution center for over a week. Urgent attention required.,Shipping,Medium,synthetic
T00380,Formal complaint regarding poor product build quality and support delay. Thank you for your assistance.,Complaint,Medium,synthetic
T00381,Are there any upcoming features planned for mobile tablet views? Looking forward to your prompt response.,Product Inquiry,Low,synthetic
T00382,Does your enterprise plan support custom API integrations? Urgent attention required.,Product Inquiry,Medium,synthetic
T00383,Customs clearance is delaying package shipment at border transit. Thank you for your assistance.,Shipping,High,synthetic
T00384,Subscription cancellation button is missing from account settings page.,Cancellation,High,synthetic
T00385,Canceling contract due to budget constraints in our organization. Thank you for your assistance.,Cancellation,Low,synthetic
T00386,How do I transfer account ownership to another administrator? Urgent attention required.,Account,High,synthetic
T00387,Repeatedly transferred between agents without any resolution. Thank you for your assistance.,Complaint,Medium,synthetic
T00388,Please turn off auto-renewal for my annual membership plan. Please advise as soon as possible.,Cancellation,Medium,synthetic
T00389,Unable to connect to remote database server from IP address 192.168.209.82. Thank you for your assistance.,Technical Support,High,synthetic
T00390,Item arrived damaged in transit. I want an immediate full refund.,Refund,Low,synthetic
T00391,My internet is not working and the router LED is blinking red. Thank you for your assistance.,Technical Support,High,synthetic
T00392,International shipment stuck at distribution center for over a week. Thank you for your assistance.,Shipping,Critical,synthetic
T00393,Estimated delivery date has passed but package has not arrived. Please advise as soon as possible.,Shipping,High,synthetic
T00394,Escalating issue: product failed during critical presentation. Looking forward to your prompt response.,Complaint,High,synthetic
T00395,My credit card was charged twice for transaction 13905. Looking forward to your prompt response.,Billing,Medium,synthetic
T00396,Need assistance closing and permanently deleting my account. Contact me via email or phone.,Cancellation,Low,synthetic
T00397,Canceling contract due to budget constraints in our organization. Looking forward to your prompt response.,Cancellation,High,synthetic
T00398,I am being billed for a service that was supposed to be free during trial. Appreciate a quick update on this.,Billing,High,synthetic
T00399,Single Sign-On (SSO) integration is failing for company domain. Please advise as soon as possible.,Account,High,synthetic
T00400,Service was down during our event. Requesting credit refund to account. Appreciate a quick update on this.,Refund,Medium,synthetic
T00401,Formal complaint regarding poor product build quality and support delay. Kindly look into this matter promptly.,Complaint,Low,synthetic
T00402,My order 81876 was shipped to wrong delivery address. Contact me via email or phone.,Shipping,Medium,synthetic
T00403,System downtime caused business revenue loss for our team. Contact me via email or phone.,Complaint,Critical,synthetic
T00404,My internet is not working and the router LED is blinking red. Urgent attention required.,Technical Support,Critical,synthetic
T00405,My order 10378 was shipped to wrong delivery address.,Shipping,Medium,synthetic
T00406,I received a late payment penalty charge even though I paid on time. Looking forward to your prompt response.,Billing,High,synthetic
T00407,We are switching to an alternative solution and wish to terminate service. Urgent attention required.,Cancellation,Medium,synthetic
T00408,System crashed completely during export task showing error code SOCKET_TIMEOUT. Appreciate a quick update on this.,Technical Support,Critical,synthetic
T00409,Where can I find user manuals and documentation for model PRO-666? Thank you for your assistance.,Product Inquiry,Medium,synthetic
T00410,My order 50376 was shipped to wrong delivery address. Appreciate a quick update on this.,Shipping,Medium,synthetic
T00411,I am being billed for a service that was supposed to be free during trial. Please advise as soon as possible.,Billing,Critical,synthetic
T00412,Partial refund missing from my previous dispute case 28156. Thank you for your assistance.,Refund,Critical,synthetic
T00413,My internet is not working and the router LED is blinking red. Contact me via email or phone.,Technical Support,Critical,synthetic
T00414,Closing subscription due to missing essential features. Looking forward to your prompt response.,Cancellation,Low,synthetic
T00415,I want to cancel my subscription effective immediately.,Cancellation,Critical,synthetic
T00416,I requested a refund for order 61142 two weeks ago but haven't received it. Kindly look into this matter promptly.,Refund,High,synthetic
T00417,Service was down during our event. Requesting credit refund to account.,Refund,Low,synthetic
T00418,The web application keeps throwing 500 internal server errors when submitting forms. Urgent attention required.,Technical Support,Low,synthetic
T00419,Is this product compatible with macOS Sequoia and Apple Silicon? Contact me via email or phone.,Product Inquiry,Low,synthetic
T00420,Misleading advertising regarding feature capabilities on sales page. Please advise as soon as possible.,Complaint,Critical,synthetic
T00421,Canceling contract due to budget constraints in our organization. Please advise as soon as possible.,Cancellation,Medium,synthetic
T00422,Escalating issue: product failed during critical presentation. Kindly look into this matter promptly.,Complaint,High,synthetic
T00423,Item arrived damaged in transit. I want an immediate full refund. Urgent attention required.,Refund,Medium,synthetic
T00424,Mobile app keeps crashing on launch after updating to latest iOS/Android version. Looking forward to your prompt response.,Technical Support,Critical,synthetic
T00425,Can you provide information on bulk licensing discounts for 500+ users? Appreciate a quick update on this.,Product Inquiry,High,synthetic
T00426,Estimated delivery date has passed but package has not arrived. Thank you for your assistance.,Shipping,Low,synthetic
T00427,I am being billed for a service that was supposed to be free during trial. Looking forward to your prompt response.,Billing,Medium,synthetic
T00428,There is a billing discrepancy on my recent statement for billing period Jan 2026. Appreciate a quick update on this.,Billing,Low,synthetic
T00429,I need to update my registered email address and phone number. Contact me via email or phone.,Account,High,synthetic
T00430,Package arrived with crushed outer box and broken contents. Kindly look into this matter promptly.,Shipping,Medium,synthetic
T00431,Unable to connect to remote database server from IP address 192.168.102.108. Kindly look into this matter promptly.,Technical Support,Critical,synthetic
T00432,I demand a prompt refund for defective goods received yesterday. Urgent attention required.,Refund,Medium,synthetic
T00433,My credit card was charged twice for transaction 44517. Kindly look into this matter promptly.,Billing,Low,synthetic
T00434,I accidentally purchased the wrong subscription tier and need money back.,Refund,High,synthetic
T00435,The web application keeps throwing 500 internal server errors when submitting forms. Please advise as soon as possible.,Technical Support,Medium,synthetic
T00436,Customs clearance is delaying package shipment at border transit.,Shipping,Medium,synthetic
T00437,"Express shipping paid, but package sent via standard economy post. Kindly look into this matter promptly.",Shipping,Critical,synthetic
T00438,Repeatedly transferred between agents without any resolution. Contact me via email or phone.,Complaint,High,synthetic
T00439,What is the warranty period and coverage for international orders? Looking forward to your prompt response.,Product Inquiry,Low,synthetic
T00440,Worst service experience ever! Unprofessional support team. Kindly look into this matter promptly.,Complaint,Critical,synthetic
T00441,Customs clearance is delaying package shipment at border transit. Urgent attention required.,Shipping,Medium,synthetic
T00442,Closing subscription due to missing essential features.,Cancellation,High,synthetic
T00443,My order 81299 was shipped to wrong delivery address. Kindly look into this matter promptly.,Shipping,High,synthetic
T00444,Service was down during our event. Requesting credit refund to account. Kindly look into this matter promptly.,Refund,Low,synthetic
T00445,Subscription cancellation button is missing from account settings page. Appreciate a quick update on this.,Cancellation,Medium,synthetic
T00446,How do I cancel my order before it enters fulfillment phase? Kindly look into this matter promptly.,Cancellation,Medium,synthetic
T00447,System downtime caused business revenue loss for our team. Urgent attention required.,Complaint,High,synthetic
T00448,Partial refund missing from my previous dispute case 36989. Kindly look into this matter promptly.,Refund,Critical,synthetic
T00449,Does your enterprise plan support custom API integrations? Kindly look into this matter promptly.,Product Inquiry,Low,synthetic
T00450,The desktop application freezes every time I click the save button.,Technical Support,High,synthetic
T00451,Escalating issue: product failed during critical presentation. Thank you for your assistance.,Complaint,High,synthetic
T00452,I noticed an unauthorized charge of $499.0 on my monthly invoice. Please advise as soon as possible.,Billing,Medium,synthetic
T00453,Can I try out premium features during a free trial demo? Urgent attention required.,Product Inquiry,High,synthetic
T00454,Bluetooth sync is failing between the hardware device and dashboard. Appreciate a quick update on this.,Technical Support,High,synthetic
T00455,Mobile app keeps crashing on launch after updating to latest iOS/Android version.,Technical Support,High,synthetic
T00456,Very dissatisfied with rude customer service representative on call. Appreciate a quick update on this.,Complaint,Medium,synthetic
T00457,Software installation fails due to missing DLL files on Windows 11. Appreciate a quick update on this.,Technical Support,Critical,synthetic
T00458,Can I try out premium features during a free trial demo? Contact me via email or phone.,Product Inquiry,Low,synthetic
T00459,VPN connection drops every 5 minutes unexpectedly. Looking forward to your prompt response.,Technical Support,High,synthetic
T00460,Are there any upcoming features planned for mobile tablet views? Appreciate a quick update on this.,Product Inquiry,Medium,synthetic
T00461,VPN connection drops every 5 minutes unexpectedly.,Technical Support,High,synthetic
T00462,Estimated delivery date has passed but package has not arrived. Contact me via email or phone.,Shipping,Critical,synthetic
T00463,System crashed completely during export task showing error code ERR_502. Appreciate a quick update on this.,Technical Support,Critical,synthetic
T00464,My account has been locked due to multiple failed login attempts. Kindly look into this matter promptly.,Account,High,synthetic
T00465,Unable to reset password via email link; link expired immediately. Urgent attention required.,Account,Critical,synthetic
T00466,Double charge observed on my bank statement for invoice 35485. Please advise as soon as possible.,Billing,High,synthetic
T00467,Formal complaint regarding poor product build quality and support delay.,Complaint,High,synthetic
T00468,Bluetooth sync is failing between the hardware device and dashboard. Thank you for your assistance.,Technical Support,High,synthetic
T00469,Customs clearance is delaying package shipment at border transit. Contact me via email or phone.,Shipping,High,synthetic
T00470,How do I transfer account ownership to another administrator?,Account,High,synthetic
T00471,I accidentally purchased the wrong subscription tier and need money back. Urgent attention required.,Refund,Medium,synthetic
T00472,My profile settings fail to save changes. Kindly look into this matter promptly.,Account,High,synthetic
T00473,Software installation fails due to missing DLL files on Windows 11.,Technical Support,Low,synthetic
T00474,My profile settings fail to save changes. Looking forward to your prompt response.,Account,High,synthetic
T00475,Received suspicious password reset email without requesting it. Thank you for your assistance.,Account,Low,synthetic
T00476,Repeatedly transferred between agents without any resolution. Kindly look into this matter promptly.,Complaint,High,synthetic
T00477,Why was I billed $499.0 when my plan is $9.99? Appreciate a quick update on this.,Billing,Medium,synthetic
T00478,Looking for comparison between standard and professional tiers.,Product Inquiry,Low,synthetic
T00479,The desktop application freezes every time I click the save button. Contact me via email or phone.,Technical Support,Critical,synthetic
T00480,The product quality is sub-par and does not match description. Please refund.,Refund,Medium,synthetic
T00481,Does your enterprise plan support custom API integrations?,Product Inquiry,Low,synthetic
T00482,Requesting account closure and deletion of stored customer data.,Cancellation,Medium,synthetic
T00483,How do I cancel my order before it enters fulfillment phase? Thank you for your assistance.,Cancellation,Medium,synthetic
T00484,I need an official tax invoice and payment receipt for order 27507.,Billing,High,synthetic
T00485,Where can I find user manuals and documentation for model PRO-565? Urgent attention required.,Product Inquiry,Medium,synthetic
T00486,Can I try out premium features during a free trial demo? Thank you for your assistance.,Product Inquiry,Low,synthetic
T00487,Very dissatisfied with rude customer service representative on call. Kindly look into this matter promptly.,Complaint,Medium,synthetic
T00488,Software installation fails due to missing DLL files on Windows 11. Contact me via email or phone.,Technical Support,High,synthetic
T00489,System crashed completely during export task showing error code AUTH_DENIED. Appreciate a quick update on this.,Technical Support,Critical,synthetic
T00490,Where is my package? Tracking number 68240 shows no movement for 5 days.,Shipping,Low,synthetic
T00491,The product quality is sub-par and does not match description. Please refund. Urgent attention required.,Refund,High,synthetic
T00492,My credit card was charged twice for transaction 90862. Contact me via email or phone.,Billing,Critical,synthetic
T00493,Very dissatisfied with rude customer service representative on call. Looking forward to your prompt response.,Complaint,Medium,synthetic
T00494,Account permissions are misconfigured and user cannot access dashboard. Thank you for your assistance.,Account,High,synthetic
T00495,Order was canceled by system but refund has not posted to my account. Appreciate a quick update on this.,Refund,High,synthetic
T00496,Partial refund missing from my previous dispute case 50579. Urgent attention required.,Refund,High,synthetic
T00497,Does your enterprise plan support custom API integrations? Appreciate a quick update on this.,Product Inquiry,Low,synthetic
T00498,I need to update my registered email address and phone number.,Account,Medium,synthetic
T00499,I need to update my registered email address and phone number. Urgent attention required.,Account,High,synthetic
T00500,I need an official tax invoice and payment receipt for order 50250. Thank you for your assistance.,Billing,Medium,synthetic
T00501,Software installation fails due to missing DLL files on Windows 11. Urgent attention required.,Technical Support,Critical,synthetic
T00502,System downtime caused business revenue loss for our team. Please advise as soon as possible.,Complaint,Critical,synthetic
T00503,I requested a refund for order 92776 two weeks ago but haven't received it.,Refund,High,synthetic
T00504,System downtime caused business revenue loss for our team. Looking forward to your prompt response.,Complaint,High,synthetic
T00505,My account has been locked due to multiple failed login attempts. Looking forward to your prompt response.,Account,High,synthetic
T00506,"My payment failed yesterday, but money was deducted from my bank account. Urgent attention required.",Billing,High,synthetic
T00507,My order 95986 was shipped to wrong delivery address. Looking forward to your prompt response.,Shipping,Medium,synthetic
T00508,No response to urgent tickets for 72 hours despite premium support SLA.,Complaint,Medium,synthetic
T00509,Two-factor authentication code is not being received on my phone.,Account,High,synthetic
T00510,System crashed completely during export task showing error code ERR_502. Urgent attention required.,Technical Support,High,synthetic
T00511,Software installation fails due to missing DLL files on Windows 11. Looking forward to your prompt response.,Technical Support,Medium,synthetic
T00512,International shipment stuck at distribution center for over a week. Kindly look into this matter promptly.,Shipping,Low,synthetic
T00513,Misleading advertising regarding feature capabilities on sales page. Looking forward to your prompt response.,Complaint,High,synthetic
T00514,Where can I find user manuals and documentation for model PRO-202? Looking forward to your prompt response.,Product Inquiry,Low,synthetic
T00515,Where is my package? Tracking number 18817 shows no movement for 5 days. Contact me via email or phone.,Shipping,Low,synthetic
T00516,Misleading advertising regarding feature capabilities on sales page. Urgent attention required.,Complaint,High,synthetic
T00517,I accidentally purchased the wrong subscription tier and need money back. Please advise as soon as possible.,Refund,Low,synthetic
T00518,I need to change shipping address for order 71281 before dispatch. Thank you for your assistance.,Shipping,High,synthetic
T00519,I noticed an unauthorized charge of $99.99 on my monthly invoice. Contact me via email or phone.,Billing,Medium,synthetic
T00520,There is a billing discrepancy on my recent statement for billing period Jan 2026. Urgent attention required.,Billing,Medium,synthetic
T00521,The product quality is sub-par and does not match description. Please refund. Please advise as soon as possible.,Refund,Medium,synthetic
T00522,I requested a refund for order 27953 two weeks ago but haven't received it. Thank you for your assistance.,Refund,Medium,synthetic
T00523,Subscription cancellation button is missing from account settings page. Looking forward to your prompt response.,Cancellation,High,synthetic
T00524,Where can I find user manuals and documentation for model PRO-555? Kindly look into this matter promptly.,Product Inquiry,Low,synthetic
T00525,Unable to connect to remote database server from IP address 192.168.14.89.,Technical Support,Medium,synthetic
T00526,Agent closed my support ticket without resolving the actual issue. Please advise as soon as possible.,Complaint,Critical,synthetic
T00527,Very dissatisfied with rude customer service representative on call. Urgent attention required.,Complaint,Critical,synthetic
T00528,Page load times are extremely slow and API calls are timing out. Thank you for your assistance.,Technical Support,High,synthetic
T00529,I demand a prompt refund for defective goods received yesterday. Kindly look into this matter promptly.,Refund,Medium,synthetic
T00530,No response to urgent tickets for 72 hours despite premium support SLA. Contact me via email or phone.,Complaint,Medium,synthetic
T00531,Single Sign-On (SSO) integration is failing for company domain. Thank you for your assistance.,Account,High,synthetic
T00532,Order was canceled by system but refund has not posted to my account. Urgent attention required.,Refund,Medium,synthetic
T00533,"Charged after cancellation request, need immediate reimbursement. Please advise as soon as possible.",Refund,High,synthetic
T00534,Looking for comparison between standard and professional tiers. Appreciate a quick update on this.,Product Inquiry,Medium,synthetic
T00535,My order 82185 was shipped to wrong delivery address. Thank you for your assistance.,Shipping,Medium,synthetic
T00536,System crashed completely during export task showing error code AUTH_DENIED. Kindly look into this matter promptly.,Technical Support,Critical,synthetic
T00537,Order was canceled by system but refund has not posted to my account. Please advise as soon as possible.,Refund,Medium,synthetic
T00538,There is a billing discrepancy on my recent statement for billing period Feb 2026. Contact me via email or phone.,Billing,High,synthetic
T00539,Double charge observed on my bank statement for invoice 49824. Contact me via email or phone.,Billing,High,synthetic
T00540,I requested a refund for order 27284 two weeks ago but haven't received it. Urgent attention required.,Refund,Critical,synthetic
T00541,Requesting account closure and deletion of stored customer data. Kindly look into this matter promptly.,Cancellation,Low,synthetic
T00542,Are there any upcoming features planned for mobile tablet views? Thank you for your assistance.,Product Inquiry,Low,synthetic
T00543,Mobile app keeps crashing on launch after updating to latest iOS/Android version. Appreciate a quick update on this.,Technical Support,Critical,synthetic
T00544,My account has been locked due to multiple failed login attempts. Thank you for your assistance.,Account,High,synthetic
T00545,Closing subscription due to missing essential features. Contact me via email or phone.,Cancellation,Medium,synthetic
T00546,Is this product compatible with macOS Sequoia and Apple Silicon? Kindly look into this matter promptly.,Product Inquiry,Medium,synthetic
T00547,"My payment failed yesterday, but money was deducted from my bank account. Appreciate a quick update on this.",Billing,Critical,synthetic
T00548,Can I try out premium features during a free trial demo?,Product Inquiry,High,synthetic
T00549,VPN connection drops every 5 minutes unexpectedly. Appreciate a quick update on this.,Technical Support,Critical,synthetic
T00550,Package arrived with crushed outer box and broken contents. Thank you for your assistance.,Shipping,Medium,synthetic
T00551,Why was I billed $99.99 when my plan is $29.99? Please advise as soon as possible.,Billing,High,synthetic
T00552,"Charged after cancellation request, need immediate reimbursement.",Refund,Medium,synthetic
T00553,"Express shipping paid, but package sent via standard economy post.",Shipping,Critical,synthetic
T00554,I cannot log into my account despite entering correct password. Appreciate a quick update on this.,Account,Medium,synthetic
T00555,Two-factor authentication code is not being received on my phone. Kindly look into this matter promptly.,Account,Medium,synthetic
T00556,Misleading advertising regarding feature capabilities on sales page. Contact me via email or phone.,Complaint,High,synthetic
T00557,Very dissatisfied with rude customer service representative on call.,Complaint,Medium,synthetic
T00558,I need to update my registered email address and phone number. Thank you for your assistance.,Account,Critical,synthetic
T00559,Does the cloud platform comply with SOC2 and HIPAA standards? Looking forward to your prompt response.,Product Inquiry,Low,synthetic
T00560,Account permissions are misconfigured and user cannot access dashboard.,Account,High,synthetic
T00561,"Express shipping paid, but package sent via standard economy post. Thank you for your assistance.",Shipping,Low,synthetic
T00562,I requested a refund for order 15378 two weeks ago but haven't received it. Looking forward to your prompt response.,Refund,Medium,synthetic
T00563,Mobile app keeps crashing on launch after updating to latest iOS/Android version. Please advise as soon as possible.,Technical Support,Medium,synthetic
T00564,I am being billed for a service that was supposed to be free during trial.,Billing,Critical,synthetic
T00565,Two-factor authentication code is not being received on my phone. Appreciate a quick update on this.,Account,Medium,synthetic
T00566,Delivery courier left parcel in rain without notification. Please advise as soon as possible.,Shipping,Medium,synthetic
T00567,Why was I billed $499.0 when my plan is $79.99? Kindly look into this matter promptly.,Billing,High,synthetic
T00568,Worst service experience ever! Unprofessional support team. Thank you for your assistance.,Complaint,Medium,synthetic
T00569,System crashed completely during export task showing error code ERR_502. Thank you for your assistance.,Technical Support,Critical,synthetic
T00570,Returned package was delivered to warehouse. When will refund be processed?,Refund,Low,synthetic
T00571,I noticed an unauthorized charge of $499.0 on my monthly invoice. Kindly look into this matter promptly.,Billing,Medium,synthetic
T00572,Agent closed my support ticket without resolving the actual issue. Kindly look into this matter promptly.,Complaint,High,synthetic
T00573,Are there any upcoming features planned for mobile tablet views? Urgent attention required.,Product Inquiry,Low,synthetic
T00574,Two-factor authentication code is not being received on my phone. Contact me via email or phone.,Account,High,synthetic
T00575,I am being billed for a service that was supposed to be free during trial. Kindly look into this matter promptly.,Billing,High,synthetic
T00576,How do I cancel my order before it enters fulfillment phase? Contact me via email or phone.,Cancellation,High,synthetic
T00577,Subscription cancellation button is missing from account settings page. Thank you for your assistance.,Cancellation,High,synthetic
T00578,We are switching to an alternative solution and wish to terminate service. Looking forward to your prompt response.,Cancellation,Low,synthetic
T00579,Single Sign-On (SSO) integration is failing for company domain. Contact me via email or phone.,Account,High,synthetic
T00580,My credit card was charged twice for transaction 53309. Urgent attention required.,Billing,High,synthetic
T00581,Service was down during our event. Requesting credit refund to account. Looking forward to your prompt response.,Refund,Medium,synthetic
T00582,Account permissions are misconfigured and user cannot access dashboard. Please advise as soon as possible.,Account,High,synthetic
T00583,My order 60002 was shipped to wrong delivery address. Please advise as soon as possible.,Shipping,Medium,synthetic
T00584,What is the warranty period and coverage for international orders? Please advise as soon as possible.,Product Inquiry,Low,synthetic
T00585,My credit card was charged twice for transaction 60014. Please advise as soon as possible.,Billing,High,synthetic
T00586,There is a billing discrepancy on my recent statement for billing period Feb 2026. Please advise as soon as possible.,Billing,Medium,synthetic
T00587,The web application keeps throwing 500 internal server errors when submitting forms. Kindly look into this matter promptly.,Technical Support,High,synthetic
T00588,No response to urgent tickets for 72 hours despite premium support SLA. Please advise as soon as possible.,Complaint,High,synthetic
T00589,Returned package was delivered to warehouse. When will refund be processed? Contact me via email or phone.,Refund,High,synthetic
T00590,There is a billing discrepancy on my recent statement for billing period Q1 2026. Please advise as soon as possible.,Billing,Medium,synthetic
T00591,"My payment failed yesterday, but money was deducted from my bank account. Kindly look into this matter promptly.",Billing,High,synthetic
T00592,Software installation fails due to missing DLL files on Windows 11. Kindly look into this matter promptly.,Technical Support,High,synthetic
T00593,My account has been locked due to multiple failed login attempts. Appreciate a quick update on this.,Account,High,synthetic
T00594,I received a late payment penalty charge even though I paid on time. Appreciate a quick update on this.,Billing,High,synthetic
T00595,Where is my package? Tracking number 64835 shows no movement for 5 days. Urgent attention required.,Shipping,Low,synthetic
T00596,The product quality is sub-par and does not match description. Please refund. Thank you for your assistance.,Refund,High,synthetic
T00597,I need an official tax invoice and payment receipt for order 65108. Looking forward to your prompt response.,Billing,High,synthetic
T00598,Worst service experience ever! Unprofessional support team. Appreciate a quick update on this.,Complaint,Low,synthetic
T00599,"Express shipping paid, but package sent via standard economy post. Contact me via email or phone.",Shipping,Low,synthetic
T00600,I need to change shipping address for order 12871 before dispatch.,Shipping,Low,synthetic
T00601,There is a billing discrepancy on my recent statement for billing period Q1 2026. Appreciate a quick update on this.,Billing,High,synthetic
T00602,I received a late payment penalty charge even though I paid on time. Kindly look into this matter promptly.,Billing,High,synthetic
T00603,"Charged after cancellation request, need immediate reimbursement. Looking forward to your prompt response.",Refund,High,synthetic
T00604,Escalating issue: product failed during critical presentation.,Complaint,Medium,synthetic
T00605,My order 54849 was shipped to wrong delivery address. Urgent attention required.,Shipping,Medium,synthetic
T00606,Please turn off auto-renewal for my annual membership plan. Appreciate a quick update on this.,Cancellation,Medium,synthetic
T00607,Requesting account closure and deletion of stored customer data. Please advise as soon as possible.,Cancellation,Medium,synthetic
T00608,Package arrived with crushed outer box and broken contents. Looking forward to your prompt response.,Shipping,Low,synthetic
T00609,Unable to connect to remote database server from IP address 192.168.152.92. Urgent attention required.,Technical Support,High,synthetic
T00610,Closing subscription due to missing essential features. Please advise as soon as possible.,Cancellation,Low,synthetic
T00611,I want to cancel my subscription effective immediately. Looking forward to your prompt response.,Cancellation,Medium,synthetic
T00612,Need assistance closing and permanently deleting my account. Kindly look into this matter promptly.,Cancellation,Medium,synthetic
T00613,System crashed completely during export task showing error code AUTH_DENIED. Please advise as soon as possible.,Technical Support,Low,synthetic
T00614,I demand a prompt refund for defective goods received yesterday.,Refund,High,synthetic
T00615,How do I transfer account ownership to another administrator? Contact me via email or phone.,Account,High,synthetic
T00616,Requesting account closure and deletion of stored customer data. Looking forward to your prompt response.,Cancellation,Low,synthetic
T00617,Unable to reset password via email link; link expired immediately. Appreciate a quick update on this.,Account,High,synthetic
T00618,Where can I find user manuals and documentation for model PRO-293? Contact me via email or phone.,Product Inquiry,Low,synthetic
T00619,My profile settings fail to save changes. Contact me via email or phone.,Account,High,synthetic
T00620,Requesting account closure and deletion of stored customer data. Thank you for your assistance.,Cancellation,High,synthetic
T00621,Delivery courier left parcel in rain without notification. Kindly look into this matter promptly.,Shipping,Medium,synthetic
T00622,I need to update my registered email address and phone number. Please advise as soon as possible.,Account,Medium,synthetic
T00623,Need assistance closing and permanently deleting my account. Please advise as soon as possible.,Cancellation,Low,synthetic
T00624,I am being billed for a service that was supposed to be free during trial. Urgent attention required.,Billing,High,synthetic
T00625,Partial refund missing from my previous dispute case 14739. Looking forward to your prompt response.,Refund,Medium,synthetic
T00626,My credit card was charged twice for transaction 89689. Thank you for your assistance.,Billing,High,synthetic
T00627,System crashed completely during export task showing error code SOCKET_TIMEOUT.,Technical Support,High,synthetic
T00628,There is a billing discrepancy on my recent statement for billing period Feb 2026. Looking forward to your prompt response.,Billing,Medium,synthetic
T00629,Where can I find user manuals and documentation for model PRO-689? Appreciate a quick update on this.,Product Inquiry,Low,synthetic
T00630,How do I cancel my order before it enters fulfillment phase? Looking forward to your prompt response.,Cancellation,Critical,synthetic
T00631,I need to update my registered email address and phone number. Appreciate a quick update on this.,Account,Low,synthetic
T00632,VPN connection drops every 5 minutes unexpectedly. Please advise as soon as possible.,Technical Support,High,synthetic
T00633,The desktop application freezes every time I click the save button. Please advise as soon as possible.,Technical Support,Medium,synthetic
T00634,What is the warranty period and coverage for international orders? Thank you for your assistance.,Product Inquiry,Medium,synthetic
T00635,I demand a prompt refund for defective goods received yesterday. Looking forward to your prompt response.,Refund,High,synthetic
T00636,Repeatedly transferred between agents without any resolution. Please advise as soon as possible.,Complaint,Medium,synthetic
T00637,System crashed completely during export task showing error code ERR_502. Looking forward to your prompt response.,Technical Support,Low,synthetic
T00638,Please turn off auto-renewal for my annual membership plan. Urgent attention required.,Cancellation,Medium,synthetic
T00639,Customs clearance is delaying package shipment at border transit. Appreciate a quick update on this.,Shipping,Medium,synthetic
T00640,I need to change shipping address for order 11403 before dispatch. Kindly look into this matter promptly.,Shipping,Medium,synthetic
T00641,The desktop application freezes every time I click the save button. Kindly look into this matter promptly.,Technical Support,High,synthetic
T00642,Escalating issue: product failed during critical presentation. Appreciate a quick update on this.,Complaint,Medium,synthetic
T00643,"My payment failed yesterday, but money was deducted from my bank account. Contact me via email or phone.",Billing,Medium,synthetic
T00644,The product quality is sub-par and does not match description. Please refund. Contact me via email or phone.,Refund,High,synthetic
T00645,There is a billing discrepancy on my recent statement for billing period Feb 2026. Kindly look into this matter promptly.,Billing,High,synthetic
T00646,System crashed completely during export task showing error code ERR_502.,Technical Support,Medium,synthetic
T00647,Two-factor authentication code is not being received on my phone. Urgent attention required.,Account,High,synthetic
T00648,I want to cancel my subscription effective immediately. Urgent attention required.,Cancellation,Medium,synthetic
T00649,Why was I billed $19.99 when my plan is $9.99? Looking forward to your prompt response.,Billing,High,synthetic
T00650,Single Sign-On (SSO) integration is failing for company domain. Appreciate a quick update on this.,Account,High,synthetic
T00651,Agent closed my support ticket without resolving the actual issue. Urgent attention required.,Complaint,High,synthetic
T00652,Subscription cancellation button is missing from account settings page. Urgent attention required.,Cancellation,Medium,synthetic
T00653,Double charge observed on my bank statement for invoice 45557. Appreciate a quick update on this.,Billing,High,synthetic
T00654,Where can I find user manuals and documentation for model PRO-698? Please advise as soon as possible.,Product Inquiry,Low,synthetic
T00655,I received a late payment penalty charge even though I paid on time. Urgent attention required.,Billing,High,synthetic
T00656,I accidentally purchased the wrong subscription tier and need money back. Appreciate a quick update on this.,Refund,Medium,synthetic
T00657,There is a billing discrepancy on my recent statement for billing period Feb 2026. Urgent attention required.,Billing,High,synthetic
T00658,I cannot log into my account despite entering correct password.,Account,Medium,synthetic
T00659,Can you provide information on bulk licensing discounts for 500+ users? Contact me via email or phone.,Product Inquiry,Low,synthetic
T00660,Double charge observed on my bank statement for invoice 51750.,Billing,High,synthetic
T00661,Does the cloud platform comply with SOC2 and HIPAA standards? Please advise as soon as possible.,Product Inquiry,High,synthetic
T00662,There is a billing discrepancy on my recent statement for billing period Q1 2026. Looking forward to your prompt response.,Billing,Medium,synthetic
T00663,No response to urgent tickets for 72 hours despite premium support SLA. Appreciate a quick update on this.,Complaint,Critical,synthetic
T00664,Please confirm cancellation of recurring billing for account 51892. Appreciate a quick update on this.,Cancellation,Medium,synthetic
T00665,System crashed completely during export task showing error code SOCKET_TIMEOUT. Looking forward to your prompt response.,Technical Support,High,synthetic
T00666,The product quality is sub-par and does not match description. Please refund. Looking forward to your prompt response.,Refund,High,synthetic
T00667,System crashed completely during export task showing error code ERR_502. Kindly look into this matter promptly.,Technical Support,Low,synthetic
T00668,Please turn off auto-renewal for my annual membership plan. Kindly look into this matter promptly.,Cancellation,High,synthetic
T00669,Where is my package? Tracking number 30180 shows no movement for 5 days. Thank you for your assistance.,Shipping,Medium,synthetic
T00670,Need assistance closing and permanently deleting my account. Appreciate a quick update on this.,Cancellation,High,synthetic
T00671,Subscription cancellation button is missing from account settings page. Kindly look into this matter promptly.,Cancellation,Low,synthetic
T00672,Account permissions are misconfigured and user cannot access dashboard. Urgent attention required.,Account,Medium,synthetic
T00673,Item arrived damaged in transit. I want an immediate full refund. Kindly look into this matter promptly.,Refund,Medium,synthetic
T00674,Subscription cancellation button is missing from account settings page. Contact me via email or phone.,Cancellation,Medium,synthetic
T00675,Please turn off auto-renewal for my annual membership plan. Looking forward to your prompt response.,Cancellation,Medium,synthetic
T00676,System crashed completely during export task showing error code NULL_POINTER_EXC. Appreciate a quick update on this.,Technical Support,Medium,synthetic
T00677,There is a billing discrepancy on my recent statement for billing period Q1 2026. Thank you for your assistance.,Billing,Critical,synthetic
T00678,What are the hardware specifications required to run this software? Contact me via email or phone.,Product Inquiry,Low,synthetic
T00679,System crashed completely during export task showing error code AUTH_DENIED. Contact me via email or phone.,Technical Support,Low,synthetic
T00680,System crashed completely during export task showing error code NULL_POINTER_EXC. Thank you for your assistance.,Technical Support,High,synthetic
T00681,There is a billing discrepancy on my recent statement for billing period Jan 2026. Kindly look into this matter promptly.,Billing,Medium,synthetic
T00682,There is a billing discrepancy on my recent statement for billing period Feb 2026.,Billing,Critical,synthetic
T00683,Can you update my credit card billing address and tax ID for billing? Contact me via email or phone.,Billing,Medium,synthetic
T00684,There is a billing discrepancy on my recent statement for billing period Q1 2026.,Billing,Critical,synthetic
T00685,There is a billing discrepancy on my recent statement for billing period Jan 2026. Contact me via email or phone.,Billing,High,synthetic
T00686,Single Sign-On (SSO) integration is failing for company domain. Kindly look into this matter promptly.,Account,High,synthetic
T00687,There is a billing discrepancy on my recent statement for billing period Jan 2026.,Billing,High,synthetic
T00688,There is a billing discrepancy on my recent statement for billing period Jan 2026. Looking forward to your prompt response.,Billing,Critical,synthetic
T00689,System crashed completely during export task showing error code NULL_POINTER_EXC. Please advise as soon as possible.,Technical Support,Critical,synthetic
T00690,There is a billing discrepancy on my recent statement for billing period Q1 2026. Urgent attention required.,Billing,Medium,synthetic
T00691,There is a billing discrepancy on my recent statement for billing period Q1 2026. Kindly look into this matter promptly.,Billing,Critical,synthetic
T00692,Returned package was delivered to warehouse. When will refund be processed? Kindly look into this matter promptly.,Refund,High,synthetic
T00693,Can I try out premium features during a free trial demo? Please advise as soon as possible.,Product Inquiry,Low,synthetic
T00694,Customs clearance is delaying package shipment at border transit. Please advise as soon as possible.,Shipping,Medium,synthetic
T00695,Repeatedly transferred between agents without any resolution. Urgent attention required.,Complaint,High,synthetic
T00696,Can you update my credit card billing address and tax ID for billing? Thank you for your assistance.,Billing,Medium,synthetic
T00697,Item arrived damaged in transit. I want an immediate full refund. Looking forward to your prompt response.,Refund,High,synthetic
T00698,"Express shipping paid, but package sent via standard economy post. Urgent attention required.",Shipping,Critical,synthetic
T00699,My account has been locked due to multiple failed login attempts.,Account,Medium,synthetic
T00700,Misleading advertising regarding feature capabilities on sales page. Kindly look into this matter promptly.,Complaint,High,synthetic
T00701,Delivery courier left parcel in rain without notification.,Shipping,Medium,synthetic
T00702,Customs clearance is delaying package shipment at border transit. Kindly look into this matter promptly.,Shipping,Medium,synthetic
T00703,Unable to reset password via email link; link expired immediately. Contact me via email or phone.,Account,High,synthetic
T00704,Delivery courier left parcel in rain without notification. Looking forward to your prompt response.,Shipping,Medium,synthetic
T00705,Package arrived with crushed outer box and broken contents.,Shipping,Medium,synthetic
T00706,Single Sign-On (SSO) integration is failing for company domain. Urgent attention required.,Account,Low,synthetic
T00707,Package arrived with crushed outer box and broken contents. Appreciate a quick update on this.,Shipping,High,synthetic
T00708,I demand a prompt refund for defective goods received yesterday. Please advise as soon as possible.,Refund,Medium,synthetic
T00709,Requesting account closure and deletion of stored customer data. Urgent attention required.,Cancellation,High,synthetic
T00710,Need assistance closing and permanently deleting my account. Looking forward to your prompt response.,Cancellation,Medium,synthetic
T00711,Can you provide information on bulk licensing discounts for 500+ users? Urgent attention required.,Product Inquiry,Low,synthetic
T00712,Formal complaint regarding poor product build quality and support delay. Appreciate a quick update on this.,Complaint,High,synthetic
T00713,Bluetooth sync is failing between the hardware device and dashboard. Please advise as soon as possible.,Technical Support,Medium,synthetic
T00714,I cannot log into my account despite entering correct password. Urgent attention required.,Account,High,synthetic
T00715,Agent closed my support ticket without resolving the actual issue.,Complaint,Medium,synthetic
T00716,Are there any upcoming features planned for mobile tablet views? Please advise as soon as possible.,Product Inquiry,Low,synthetic
T00717,What are the hardware specifications required to run this software? Appreciate a quick update on this.,Product Inquiry,Low,synthetic
T00718,Does the cloud platform comply with SOC2 and HIPAA standards?,Product Inquiry,Medium,synthetic
T00719,"Tracking indicates delivered, but package is missing from my doorstep. Appreciate a quick update on this.",Shipping,Medium,synthetic
T00720,Can you update my credit card billing address and tax ID for billing? Urgent attention required.,Billing,Medium,synthetic
T00721,I accidentally purchased the wrong subscription tier and need money back. Thank you for your assistance.,Refund,Medium,synthetic
T00722,I accidentally purchased the wrong subscription tier and need money back. Contact me via email or phone.,Refund,High,synthetic
T00723,"Charged after cancellation request, need immediate reimbursement. Appreciate a quick update on this.",Refund,Low,synthetic
T00724,Mobile app keeps crashing on launch after updating to latest iOS/Android version. Kindly look into this matter promptly.,Technical Support,Medium,synthetic
T00725,There is a billing discrepancy on my recent statement for billing period Feb 2026. Appreciate a quick update on this.,Billing,High,synthetic
T00726,System crashed completely during export task showing error code SOCKET_TIMEOUT. Kindly look into this matter promptly.,Technical Support,High,synthetic
T00727,Appalled by lack of response to critical security vulnerability report. Contact me via email or phone.,Complaint,Medium,synthetic
T00728,Agent closed my support ticket without resolving the actual issue. Appreciate a quick update on this.,Complaint,Critical,synthetic
T00729,System downtime caused business revenue loss for our team.,Complaint,High,synthetic
T00730,I received a late payment penalty charge even though I paid on time. Thank you for your assistance.,Billing,Medium,synthetic
T00731,Mobile app keeps crashing on launch after updating to latest iOS/Android version. Contact me via email or phone.,Technical Support,High,synthetic
T00732,System crashed completely during export task showing error code NULL_POINTER_EXC. Urgent attention required.,Technical Support,Low,synthetic
T00733,Received suspicious password reset email without requesting it. Looking forward to your prompt response.,Account,High,synthetic
T00734,My internet is not working and the router LED is blinking red.,Technical Support,Critical,synthetic
T00735,My account has been locked due to multiple failed login attempts. Contact me via email or phone.,Account,Critical,synthetic
T00736,Does the cloud platform comply with SOC2 and HIPAA standards? Contact me via email or phone.,Product Inquiry,Low,synthetic
T00737,What is the warranty period and coverage for international orders? Kindly look into this matter promptly.,Product Inquiry,Medium,synthetic
T00738,Does the cloud platform comply with SOC2 and HIPAA standards? Kindly look into this matter promptly.,Product Inquiry,Low,synthetic
T00739,What is the warranty period and coverage for international orders? Appreciate a quick update on this.,Product Inquiry,Low,synthetic
T00740,Worst service experience ever! Unprofessional support team. Urgent attention required.,Complaint,Medium,synthetic
T00741,There is a billing discrepancy on my recent statement for billing period Jan 2026. Please advise as soon as possible.,Billing,Critical,synthetic
T00742,System crashed completely during export task showing error code ERR_502. Contact me via email or phone.,Technical Support,Critical,synthetic
T00743,System crashed completely during export task showing error code NULL_POINTER_EXC. Kindly look into this matter promptly.,Technical Support,High,synthetic
T00744,Escalating issue: product failed during critical presentation. Urgent attention required.,Complaint,Medium,synthetic
T00745,System crashed completely during export task showing error code SOCKET_TIMEOUT. Urgent attention required.,Technical Support,High,synthetic
T00746,Single Sign-On (SSO) integration is failing for company domain. Looking forward to your prompt response.,Account,Low,synthetic
T00747,Two-factor authentication code is not being received on my phone. Please advise as soon as possible.,Account,Critical,synthetic
T00748,Is this product compatible with macOS Sequoia and Apple Silicon? Thank you for your assistance.,Product Inquiry,Low,synthetic
T00749,Estimated delivery date has passed but package has not arrived. Kindly look into this matter promptly.,Shipping,Low,synthetic
T00750,Can you provide information on bulk licensing discounts for 500+ users? Please advise as soon as possible.,Product Inquiry,Low,synthetic
T00751,How do I transfer account ownership to another administrator? Thank you for your assistance.,Account,Medium,synthetic
T00752,Worst service experience ever! Unprofessional support team. Contact me via email or phone.,Complaint,High,synthetic
T00753,Are there any upcoming features planned for mobile tablet views? Kindly look into this matter promptly.,Product Inquiry,Low,synthetic
T00754,Account permissions are misconfigured and user cannot access dashboard. Contact me via email or phone.,Account,High,synthetic
T00755,The web application keeps throwing 500 internal server errors when submitting forms. Thank you for your assistance.,Technical Support,High,synthetic
T00756,Estimated delivery date has passed but package has not arrived. Looking forward to your prompt response.,Shipping,Medium,synthetic
T00757,There is a billing discrepancy on my recent statement for billing period Feb 2026. Thank you for your assistance.,Billing,High,synthetic
T00758,Appalled by lack of response to critical security vulnerability report. Thank you for your assistance.,Complaint,Low,synthetic
T00759,My internet is not working and the router LED is blinking red. Kindly look into this matter promptly.,Technical Support,High,synthetic
T00760,Agent closed my support ticket without resolving the actual issue. Contact me via email or phone.,Complaint,Critical,synthetic
T00761,Looking for comparison between standard and professional tiers. Thank you for your assistance.,Product Inquiry,High,synthetic
T00762,My account has been locked due to multiple failed login attempts. Please advise as soon as possible.,Account,High,synthetic
T00763,Worst service experience ever! Unprofessional support team. Please advise as soon as possible.,Complaint,Low,synthetic
T00764,Order was canceled by system but refund has not posted to my account. Thank you for your assistance.,Refund,Low,synthetic
T00765,Item arrived damaged in transit. I want an immediate full refund. Contact me via email or phone.,Refund,Medium,synthetic
T00766,No response to urgent tickets for 72 hours despite premium support SLA. Looking forward to your prompt response.,Complaint,Medium,synthetic
T00767,No response to urgent tickets for 72 hours despite premium support SLA. Urgent attention required.,Complaint,High,synthetic
T00768,What is the warranty period and coverage for international orders? Contact me via email or phone.,Product Inquiry,Low,synthetic
T00769,Closing subscription due to missing essential features. Thank you for your assistance.,Cancellation,Low,synthetic
T00770,VPN connection drops every 5 minutes unexpectedly. Contact me via email or phone.,Technical Support,Critical,synthetic
T00771,I cannot log into my account despite entering correct password. Thank you for your assistance.,Account,High,synthetic
T00772,My internet is not working and the router LED is blinking red. Appreciate a quick update on this.,Technical Support,High,synthetic
T00773,Item arrived damaged in transit. I want an immediate full refund. Appreciate a quick update on this.,Refund,Low,synthetic
T00774,International shipment stuck at distribution center for over a week. Contact me via email or phone.,Shipping,Critical,synthetic
T00775,Is this product compatible with macOS Sequoia and Apple Silicon? Appreciate a quick update on this.,Product Inquiry,Medium,synthetic
T00776,Can you provide information on bulk licensing discounts for 500+ users? Looking forward to your prompt response.,Product Inquiry,Low,synthetic
T00777,Returned package was delivered to warehouse. When will refund be processed? Urgent attention required.,Refund,Low,synthetic
T00778,The web application keeps throwing 500 internal server errors when submitting forms. Looking forward to your prompt response.,Technical Support,Medium,synthetic
T00779,I want to cancel my subscription effective immediately. Contact me via email or phone.,Cancellation,Medium,synthetic
T00780,Canceling contract due to budget constraints in our organization. Contact me via email or phone.,Cancellation,Medium,synthetic
T00781,System downtime caused business revenue loss for our team. Kindly look into this matter promptly.,Complaint,Critical,synthetic
T00782,What are the hardware specifications required to run this software? Urgent attention required.,Product Inquiry,Low,synthetic
T00783,Looking for comparison between standard and professional tiers. Contact me via email or phone.,Product Inquiry,Low,synthetic
T00784,VPN connection drops every 5 minutes unexpectedly. Thank you for your assistance.,Technical Support,Medium,synthetic
T00785,Estimated delivery date has passed but package has not arrived.,Shipping,Medium,synthetic
T00786,Software installation fails due to missing DLL files on Windows 11. Please advise as soon as possible.,Technical Support,Critical,synthetic
T00787,I accidentally purchased the wrong subscription tier and need money back. Kindly look into this matter promptly.,Refund,Medium,synthetic
T00788,Bluetooth sync is failing between the hardware device and dashboard. Contact me via email or phone.,Technical Support,Medium,synthetic
T00789,I demand a prompt refund for defective goods received yesterday. Thank you for your assistance.,Refund,High,synthetic
T00790,Page load times are extremely slow and API calls are timing out. Urgent attention required.,Technical Support,Medium,synthetic
T00791,Item arrived damaged in transit. I want an immediate full refund. Please advise as soon as possible.,Refund,Medium,synthetic
T00792,The desktop application freezes every time I click the save button. Urgent attention required.,Technical Support,High,synthetic
T00793,Formal complaint regarding poor product build quality and support delay. Please advise as soon as possible.,Complaint,Medium,synthetic
T00794,Does the cloud platform comply with SOC2 and HIPAA standards? Appreciate a quick update on this.,Product Inquiry,Low,synthetic
T00795,Is this product compatible with macOS Sequoia and Apple Silicon? Please advise as soon as possible.,Product Inquiry,High,synthetic
T00796,"Tracking indicates delivered, but package is missing from my doorstep. Contact me via email or phone.",Shipping,Low,synthetic
T00797,Can you update my credit card billing address and tax ID for billing? Looking forward to your prompt response.,Billing,Low,synthetic
T00798,System crashed completely during export task showing error code AUTH_DENIED. Looking forward to your prompt response.,Technical Support,High,synthetic
T00799,"Express shipping paid, but package sent via standard economy post. Looking forward to your prompt response.",Shipping,Critical,synthetic
T00800,Escalating issue: product failed during critical presentation. Contact me via email or phone.,Complaint,Medium,synthetic
T00801,Delivery courier left parcel in rain without notification. Thank you for your assistance.,Shipping,Medium,synthetic
T00802,Canceling contract due to budget constraints in our organization. Urgent attention required.,Cancellation,High,synthetic
T00803,Can I try out premium features during a free trial demo? Appreciate a quick update on this.,Product Inquiry,Low,synthetic
T00804,Service was down during our event. Requesting credit refund to account. Thank you for your assistance.,Refund,Medium,synthetic
T00805,I need to update my registered email address and phone number. Looking forward to your prompt response.,Account,Critical,synthetic
T00806,We are switching to an alternative solution and wish to terminate service. Kindly look into this matter promptly.,Cancellation,Medium,synthetic
T00807,International shipment stuck at distribution center for over a week. Please advise as soon as possible.,Shipping,Medium,synthetic
T00808,I want to cancel my subscription effective immediately. Thank you for your assistance.,Cancellation,Medium,synthetic
T00809,Canceling contract due to budget constraints in our organization. Kindly look into this matter promptly.,Cancellation,Low,synthetic
T00810,International shipment stuck at distribution center for over a week. Looking forward to your prompt response.,Shipping,Critical,synthetic
T00811,Does the cloud platform comply with SOC2 and HIPAA standards? Thank you for your assistance.,Product Inquiry,Medium,synthetic
T00812,Requesting account closure and deletion of stored customer data. Contact me via email or phone.,Cancellation,Medium,synthetic
T00813,Can I try out premium features during a free trial demo? Looking forward to your prompt response.,Product Inquiry,Medium,synthetic
T00814,We are switching to an alternative solution and wish to terminate service. Please advise as soon as possible.,Cancellation,Medium,synthetic
T00815,Is this product compatible with macOS Sequoia and Apple Silicon? Urgent attention required.,Product Inquiry,Medium,synthetic
T00816,I am being billed for a service that was supposed to be free during trial. Thank you for your assistance.,Billing,High,synthetic
T00817,How do I cancel my order before it enters fulfillment phase?,Cancellation,Medium,synthetic
T00818,How do I transfer account ownership to another administrator? Appreciate a quick update on this.,Account,Medium,synthetic
T00819,The product quality is sub-par and does not match description. Please refund. Kindly look into this matter promptly.,Refund,Low,synthetic
T00820,Formal complaint regarding poor product build quality and support delay. Contact me via email or phone.,Complaint,Low,synthetic
