ticket_id,ticket_text,category,priority,source
TICK-004329,Formal complaint regarding poor product build quality and support delay. Contact me via email or phone.,Complaint,Low,synthetic
TICK-001545,Why was I billed $19.99 when my plan is $9.99? Kindly look into this matter promptly.,Billing,High,synthetic
TICK-002719,The product quality is sub-par and does not match description. Please refund. Kindly look into this matter promptly.,Refund,Low,synthetic
TICK-004147,How do I transfer account ownership to another administrator? Appreciate a quick update on this.,Account,Medium,synthetic
TICK-006138,How do I cancel my order before it enters fulfillment phase?,Cancellation,Medium,synthetic
TICK-001195,I am being billed for a service that was supposed to be free during trial. Thank you for your assistance.,Billing,High,synthetic
TICK-005315,Is this product compatible with macOS Sequoia and Apple Silicon? Urgent attention required.,Product Inquiry,Medium,synthetic
TICK-001201,I need an official tax invoice and payment receipt for order 28465. Contact me via email or phone.,Billing,Critical,synthetic
TICK-005101,Looking for comparison between standard and professional tiers. Looking forward to your prompt response.,Product Inquiry,Low,synthetic
TICK-002043,Unable to connect to remote database server from IP address 192.168.24.222. Looking forward to your prompt response.,Technical Support,High,synthetic
TICK-002014,Page load times are extremely slow and API calls are timing out. Looking forward to your prompt response.,Technical Support,High,synthetic
TICK-005188,Does your enterprise plan support custom API integrations? Please advise as soon as possible.,Product Inquiry,Low,synthetic
TICK-001344,I noticed an unauthorized charge of $19.99 on my monthly invoice. Looking forward to your prompt response.,Billing,Medium,synthetic
TICK-003928,Unable to reset password via email link; link expired immediately. Looking forward to your prompt response.,Account,High,synthetic
TICK-003620,I cannot log into my account despite entering correct password. Looking forward to your prompt response.,Account,Medium,synthetic
TICK-003284,Estimated delivery date has passed but package has not arrived. Appreciate a quick update on this.,Shipping,Medium,synthetic
TICK-004695,Misleading advertising regarding feature capabilities on sales page.,Complaint,Medium,synthetic
TICK-006051,I want to cancel my subscription effective immediately. Appreciate a quick update on this.,Cancellation,Medium,synthetic
TICK-004671,Very dissatisfied with rude customer service representative on call. Contact me via email or phone.,Complaint,High,synthetic
TICK-004070,My profile settings fail to save changes. Urgent attention required.,Account,High,synthetic
TICK-001583,"My payment failed yesterday, but money was deducted from my bank account. Please advise as soon as possible.",Billing,Critical,synthetic
TICK-002744,The product quality is sub-par and does not match description. Please refund. Appreciate a quick update on this.,Refund,Low,synthetic
TICK-005768,We are switching to an alternative solution and wish to terminate service. Please advise as soon as possible.,Cancellation,Medium,synthetic
TICK-001039,My credit card was charged twice for transaction 56898. Looking forward to your prompt response.,Billing,Critical,synthetic
TICK-005404,Can I try out premium features during a free trial demo? Looking forward to your prompt response.,Product Inquiry,Medium,synthetic
TICK-005899,Requesting account closure and deletion of stored customer data. Contact me via email or phone.,Cancellation,Medium,synthetic
TICK-005020,Does the cloud platform comply with SOC2 and HIPAA standards? Thank you for your assistance.,Product Inquiry,Medium,synthetic
TICK-003340,International shipment stuck at distribution center for over a week. Looking forward to your prompt response.,Shipping,Critical,synthetic
TICK-006062,Canceling contract due to budget constraints in our organization. Kindly look into this matter promptly.,Cancellation,Low,synthetic
TICK-005575,I want to cancel my subscription effective immediately. Thank you for your assistance.,Cancellation,Medium,synthetic
TICK-003082,International shipment stuck at distribution center for over a week. Please advise as soon as possible.,Shipping,Medium,synthetic
TICK-006035,We are switching to an alternative solution and wish to terminate service. Kindly look into this matter promptly.,Cancellation,Medium,synthetic
TICK-003757,I need to update my registered email address and phone number. Looking forward to your prompt response.,Account,Critical,synthetic
TICK-002695,Service was down during our event. Requesting credit refund to account. Thank you for your assistance.,Refund,Medium,synthetic
TICK-001102,My credit card was charged twice for transaction 26547. Thank you for your assistance.,Billing,High,synthetic
TICK-004938,Can I try out premium features during a free trial demo? Appreciate a quick update on this.,Product Inquiry,Low,synthetic
TICK-001979,Unable to connect to remote database server from IP address 192.168.250.92. Kindly look into this matter promptly.,Technical Support,Critical,synthetic
TICK-005835,Canceling contract due to budget constraints in our organization. Urgent attention required.,Cancellation,High,synthetic
TICK-003386,Delivery courier left parcel in rain without notification. Thank you for your assistance.,Shipping,Medium,synthetic
TICK-004262,Escalating issue: product failed during critical presentation. Contact me via email or phone.,Complaint,Medium,synthetic
TICK-003576,"Express shipping paid, but package sent via standard economy post. Looking forward to your prompt response.",Shipping,Critical,synthetic
TICK-002119,System crashed completely during export task showing error code AUTH_DENIED. Looking forward to your prompt response.,Technical Support,High,synthetic
TICK-001380,Can you update my credit card billing address and tax ID for billing? Looking forward to your prompt response.,Billing,Low,synthetic
TICK-003187,"Tracking indicates delivered, but package is missing from my doorstep. Contact me via email or phone.",Shipping,Low,synthetic
TICK-005532,Is this product compatible with macOS Sequoia and Apple Silicon? Please advise as soon as possible.,Product Inquiry,High,synthetic
TICK-005405,Does the cloud platform comply with SOC2 and HIPAA standards? Appreciate a quick update on this.,Product Inquiry,Low,synthetic
TICK-003586,I need to change shipping address for order 39508 before dispatch. Looking forward to your prompt response.,Shipping,Medium,synthetic
TICK-004672,Formal complaint regarding poor product build quality and support delay. Please advise as soon as possible.,Complaint,Medium,synthetic
TICK-002203,The desktop application freezes every time I click the save button. Urgent attention required.,Technical Support,High,synthetic
TICK-002949,Item arrived damaged in transit. I want an immediate full refund. Please advise as soon as possible.,Refund,Medium,synthetic
TICK-002294,Page load times are extremely slow and API calls are timing out. Urgent attention required.,Technical Support,Medium,synthetic
TICK-002632,Partial refund missing from my previous dispute case 21120.,Refund,High,synthetic
TICK-002490,I demand a prompt refund for defective goods received yesterday. Thank you for your assistance.,Refund,High,synthetic
TICK-005461,Where can I find user manuals and documentation for model PRO-551? Kindly look into this matter promptly.,Product Inquiry,Low,synthetic
TICK-005781,Please confirm cancellation of recurring billing for account 78269. Thank you for your assistance.,Cancellation,Medium,synthetic
TICK-002209,Bluetooth sync is failing between the hardware device and dashboard. Contact me via email or phone.,Technical Support,Medium,synthetic
TICK-003575,Estimated delivery date has passed but package has not arrived. Appreciate a quick update on this.,Shipping,Medium,synthetic
TICK-002841,I accidentally purchased the wrong subscription tier and need money back. Kindly look into this matter promptly.,Refund,Medium,synthetic
TICK-003296,My order 86610 was shipped to wrong delivery address. Appreciate a quick update on this.,Shipping,Low,synthetic
TICK-006109,Please confirm cancellation of recurring billing for account 40831. Contact me via email or phone.,Cancellation,Medium,synthetic
TICK-001998,Software installation fails due to missing DLL files on Windows 11. Please advise as soon as possible.,Technical Support,Critical,synthetic
TICK-003031,Estimated delivery date has passed but package has not arrived.,Shipping,Medium,synthetic
TICK-002258,VPN connection drops every 5 minutes unexpectedly. Thank you for your assistance.,Technical Support,Medium,synthetic
TICK-005499,Looking for comparison between standard and professional tiers. Contact me via email or phone.,Product Inquiry,Low,synthetic
TICK-005299,What are the hardware specifications required to run this software? Urgent attention required.,Product Inquiry,Low,synthetic
TICK-004743,System downtime caused business revenue loss for our team. Kindly look into this matter promptly.,Complaint,Critical,synthetic
TICK-002348,I requested a refund for order 88555 two weeks ago but haven't received it. Please advise as soon as possible.,Refund,Medium,synthetic
TICK-005586,Canceling contract due to budget constraints in our organization. Contact me via email or phone.,Cancellation,Medium,synthetic
TICK-006090,I want to cancel my subscription effective immediately. Contact me via email or phone.,Cancellation,Medium,synthetic
TICK-001821,The web application keeps throwing 500 internal server errors when submitting forms. Looking forward to your prompt response.,Technical Support,Medium,synthetic
TICK-002443,Returned package was delivered to warehouse. When will refund be processed? Urgent attention required.,Refund,Low,synthetic
TICK-005441,Can you provide information on bulk licensing discounts for 500+ users? Looking forward to your prompt response.,Product Inquiry,Low,synthetic
TICK-004995,Is this product compatible with macOS Sequoia and Apple Silicon? Appreciate a quick update on this.,Product Inquiry,Medium,synthetic
TICK-003177,International shipment stuck at distribution center for over a week. Contact me via email or phone.,Shipping,Critical,synthetic
TICK-002865,Item arrived damaged in transit. I want an immediate full refund. Appreciate a quick update on this.,Refund,Low,synthetic
TICK-001790,My internet is not working and the router LED is blinking red. Appreciate a quick update on this.,Technical Support,High,synthetic
TICK-004166,I cannot log into my account despite entering correct password. Thank you for your assistance.,Account,High,synthetic
TICK-001683,VPN connection drops every 5 minutes unexpectedly. Contact me via email or phone.,Technical Support,Critical,synthetic
TICK-006178,Closing subscription due to missing essential features. Thank you for your assistance.,Cancellation,Low,synthetic
TICK-005229,What is the warranty period and coverage for international orders? Contact me via email or phone.,Product Inquiry,Low,synthetic
TICK-004445,No response to urgent tickets for 72 hours despite premium support SLA. Urgent attention required.,Complaint,High,synthetic
TICK-004333,No response to urgent tickets for 72 hours despite premium support SLA. Looking forward to your prompt response.,Complaint,Medium,synthetic
TICK-002392,Item arrived damaged in transit. I want an immediate full refund. Contact me via email or phone.,Refund,Medium,synthetic
TICK-002715,Order was canceled by system but refund has not posted to my account. Thank you for your assistance.,Refund,Low,synthetic
TICK-001232,I need an official tax invoice and payment receipt for order 42435. Thank you for your assistance.,Billing,Critical,synthetic
TICK-004665,Worst service experience ever! Unprofessional support team. Please advise as soon as possible.,Complaint,Low,synthetic
TICK-003930,My account has been locked due to multiple failed login attempts. Please advise as soon as possible.,Account,High,synthetic
TICK-005395,Looking for comparison between standard and professional tiers. Thank you for your assistance.,Product Inquiry,High,synthetic
TICK-004890,Agent closed my support ticket without resolving the actual issue. Contact me via email or phone.,Complaint,Critical,synthetic
TICK-001672,My internet is not working and the router LED is blinking red. Kindly look into this matter promptly.,Technical Support,High,synthetic
TICK-004647,Appalled by lack of response to critical security vulnerability report. Thank you for your assistance.,Complaint,Low,synthetic
TICK-001366,There is a billing discrepancy on my recent statement for billing period Feb 2026. Thank you for your assistance.,Billing,High,synthetic
TICK-003511,Estimated delivery date has passed but package has not arrived. Looking forward to your prompt response.,Shipping,Medium,synthetic
TICK-001744,The web application keeps throwing 500 internal server errors when submitting forms. Thank you for your assistance.,Technical Support,High,synthetic
TICK-004137,Account permissions are misconfigured and user cannot access dashboard. Contact me via email or phone.,Account,High,synthetic
TICK-005112,Are there any upcoming features planned for mobile tablet views? Kindly look into this matter promptly.,Product Inquiry,Low,synthetic
TICK-004765,Worst service experience ever! Unprofessional support team. Contact me via email or phone.,Complaint,High,synthetic
TICK-003783,How do I transfer account ownership to another administrator? Thank you for your assistance.,Account,Medium,synthetic
TICK-002111,The desktop application freezes every time I click the save button. Urgent attention required.,Technical Support,Medium,synthetic
TICK-005339,Can you provide information on bulk licensing discounts for 500+ users? Please advise as soon as possible.,Product Inquiry,Low,synthetic
TICK-003175,Estimated delivery date has passed but package has not arrived. Kindly look into this matter promptly.,Shipping,Low,synthetic
TICK-003232,My order 38113 was shipped to wrong delivery address. Thank you for your assistance.,Shipping,High,synthetic
TICK-005447,Is this product compatible with macOS Sequoia and Apple Silicon? Thank you for your assistance.,Product Inquiry,Low,synthetic
TICK-001919,Software installation fails due to missing DLL files on Windows 11. Please advise as soon as possible.,Technical Support,High,synthetic
TICK-004061,Two-factor authentication code is not being received on my phone. Please advise as soon as possible.,Account,Critical,synthetic
TICK-005833,Closing subscription due to missing essential features. Thank you for your assistance.,Cancellation,Medium,synthetic
TICK-003797,Single Sign-On (SSO) integration is failing for company domain. Looking forward to your prompt response.,Account,Low,synthetic
TICK-002168,System crashed completely during export task showing error code SOCKET_TIMEOUT. Urgent attention required.,Technical Support,High,synthetic
TICK-001166,Why was I billed $19.99 when my plan is $79.99? Thank you for your assistance.,Billing,Medium,synthetic
TICK-004463,Escalating issue: product failed during critical presentation. Urgent attention required.,Complaint,Medium,synthetic
TICK-002297,System crashed completely during export task showing error code NULL_POINTER_EXC. Kindly look into this matter promptly.,Technical Support,High,synthetic
TICK-002096,System crashed completely during export task showing error code ERR_502. Contact me via email or phone.,Technical Support,Critical,synthetic
TICK-001089,There is a billing discrepancy on my recent statement for billing period Jan 2026. Please advise as soon as possible.,Billing,Critical,synthetic
TICK-004440,Worst service experience ever! Unprofessional support team. Urgent attention required.,Complaint,Medium,synthetic
TICK-004267,Worst service experience ever! Unprofessional support team. Contact me via email or phone.,Complaint,Low,synthetic
TICK-005294,What is the warranty period and coverage for international orders? Appreciate a quick update on this.,Product Inquiry,Low,synthetic
TICK-005206,Does the cloud platform comply with SOC2 and HIPAA standards? Kindly look into this matter promptly.,Product Inquiry,Low,synthetic
TICK-003227,Where is my package? Tracking number 32032 shows no movement for 5 days. Urgent attention required.,Shipping,Medium,synthetic
TICK-002161,Unable to connect to remote database server from IP address 192.168.244.223. Thank you for your assistance.,Technical Support,Medium,synthetic
TICK-005009,What is the warranty period and coverage for international orders? Kindly look into this matter promptly.,Product Inquiry,Medium,synthetic
TICK-001844,My internet is not working and the router LED is blinking red. Appreciate a quick update on this.,Technical Support,High,synthetic
TICK-005202,Does the cloud platform comply with SOC2 and HIPAA standards? Contact me via email or phone.,Product Inquiry,Low,synthetic
TICK-003874,My account has been locked due to multiple failed login attempts. Contact me via email or phone.,Account,Critical,synthetic
TICK-001986,My internet is not working and the router LED is blinking red.,Technical Support,Critical,synthetic
TICK-001198,My credit card was charged twice for transaction 75278. Looking forward to your prompt response.,Billing,Medium,synthetic
TICK-003933,Received suspicious password reset email without requesting it. Looking forward to your prompt response.,Account,High,synthetic
TICK-001466,Double charge observed on my bank statement for invoice 96431. Kindly look into this matter promptly.,Billing,Critical,synthetic
TICK-001968,System crashed completely during export task showing error code NULL_POINTER_EXC. Urgent attention required.,Technical Support,Low,synthetic
TICK-001701,Mobile app keeps crashing on launch after updating to latest iOS/Android version. Contact me via email or phone.,Technical Support,High,synthetic
TICK-005664,Canceling contract due to budget constraints in our organization. Kindly look into this matter promptly.,Cancellation,High,synthetic
TICK-001019,I received a late payment penalty charge even though I paid on time. Thank you for your assistance.,Billing,Medium,synthetic
TICK-004375,System downtime caused business revenue loss for our team.,Complaint,High,synthetic
TICK-004529,Agent closed my support ticket without resolving the actual issue. Appreciate a quick update on this.,Complaint,Critical,synthetic
TICK-004560,Appalled by lack of response to critical security vulnerability report. Contact me via email or phone.,Complaint,Medium,synthetic
TICK-001908,System crashed completely during export task showing error code SOCKET_TIMEOUT. Kindly look into this matter promptly.,Technical Support,High,synthetic
TICK-001033,There is a billing discrepancy on my recent statement for billing period Feb 2026. Appreciate a quick update on this.,Billing,High,synthetic
TICK-001882,Mobile app keeps crashing on launch after updating to latest iOS/Android version. Kindly look into this matter promptly.,Technical Support,Medium,synthetic
TICK-002547,"Charged after cancellation request, need immediate reimbursement. Appreciate a quick update on this.",Refund,Low,synthetic
TICK-002867,I accidentally purchased the wrong subscription tier and need money back. Contact me via email or phone.,Refund,High,synthetic
TICK-002769,I accidentally purchased the wrong subscription tier and need money back. Thank you for your assistance.,Refund,Medium,synthetic
TICK-001407,Can you update my credit card billing address and tax ID for billing? Urgent attention required.,Billing,Medium,synthetic
TICK-003204,"Tracking indicates delivered, but package is missing from my doorstep. Appreciate a quick update on this.",Shipping,Medium,synthetic
TICK-005022,Does the cloud platform comply with SOC2 and HIPAA standards?,Product Inquiry,Medium,synthetic
TICK-005059,What are the hardware specifications required to run this software? Appreciate a quick update on this.,Product Inquiry,Low,synthetic
TICK-005429,Are there any upcoming features planned for mobile tablet views? Please advise as soon as possible.,Product Inquiry,Low,synthetic
TICK-004697,Agent closed my support ticket without resolving the actual issue.,Complaint,Medium,synthetic
TICK-003895,I cannot log into my account despite entering correct password. Urgent attention required.,Account,High,synthetic
TICK-001470,My credit card was charged twice for transaction 76476. Please advise as soon as possible.,Billing,High,synthetic
TICK-002135,Bluetooth sync is failing between the hardware device and dashboard. Please advise as soon as possible.,Technical Support,Medium,synthetic
TICK-001627,My credit card was charged twice for transaction 21287. Kindly look into this matter promptly.,Billing,High,synthetic
TICK-002134,Page load times are extremely slow and API calls are timing out. Urgent attention required.,Technical Support,High,synthetic
TICK-004897,Formal complaint regarding poor product build quality and support delay. Appreciate a quick update on this.,Complaint,High,synthetic
TICK-005103,Can you provide information on bulk licensing discounts for 500+ users? Urgent attention required.,Product Inquiry,Low,synthetic
TICK-004942,Are there any upcoming features planned for mobile tablet views? Please advise as soon as possible.,Product Inquiry,Low,synthetic
TICK-005701,Need assistance closing and permanently deleting my account. Looking forward to your prompt response.,Cancellation,Medium,synthetic
TICK-005668,Requesting account closure and deletion of stored customer data. Urgent attention required.,Cancellation,High,synthetic
TICK-002615,I demand a prompt refund for defective goods received yesterday. Please advise as soon as possible.,Refund,Medium,synthetic
TICK-003357,Package arrived with crushed outer box and broken contents. Appreciate a quick update on this.,Shipping,High,synthetic
TICK-003826,Single Sign-On (SSO) integration is failing for company domain. Urgent attention required.,Account,Low,synthetic
TICK-003208,Package arrived with crushed outer box and broken contents.,Shipping,Medium,synthetic
TICK-003264,My order 88745 was shipped to wrong delivery address. Contact me via email or phone.,Shipping,Medium,synthetic
TICK-004911,Does the cloud platform comply with SOC2 and HIPAA standards? Appreciate a quick update on this.,Product Inquiry,Low,synthetic
TICK-003503,Delivery courier left parcel in rain without notification. Looking forward to your prompt response.,Shipping,Medium,synthetic
TICK-004248,Unable to reset password via email link; link expired immediately. Contact me via email or phone.,Account,High,synthetic
TICK-004249,How do I transfer account ownership to another administrator? Appreciate a quick update on this.,Account,High,synthetic
TICK-003559,Customs clearance is delaying package shipment at border transit. Kindly look into this matter promptly.,Shipping,Medium,synthetic
TICK-001073,I need an official tax invoice and payment receipt for order 56507. Contact me via email or phone.,Billing,Low,synthetic
TICK-003392,Delivery courier left parcel in rain without notification.,Shipping,Medium,synthetic
TICK-004458,Misleading advertising regarding feature capabilities on sales page. Kindly look into this matter promptly.,Complaint,High,synthetic
TICK-003793,My account has been locked due to multiple failed login attempts.,Account,Medium,synthetic
TICK-002728,Partial refund missing from my previous dispute case 89024. Kindly look into this matter promptly.,Refund,Medium,synthetic
TICK-003164,International shipment stuck at distribution center for over a week. Please advise as soon as possible.,Shipping,Medium,synthetic
TICK-003583,"Express shipping paid, but package sent via standard economy post. Urgent attention required.",Shipping,Critical,synthetic
TICK-004581,Appalled by lack of response to critical security vulnerability report. Contact me via email or phone.,Complaint,High,synthetic
TICK-002862,The product quality is sub-par and does not match description. Please refund. Kindly look into this matter promptly.,Refund,High,synthetic
TICK-002327,Item arrived damaged in transit. I want an immediate full refund. Looking forward to your prompt response.,Refund,High,synthetic
TICK-001397,Can you update my credit card billing address and tax ID for billing? Thank you for your assistance.,Billing,Medium,synthetic
TICK-005628,I want to cancel my subscription effective immediately. Thank you for your assistance.,Cancellation,Medium,synthetic
TICK-002975,Delivery courier left parcel in rain without notification.,Shipping,Medium,synthetic
TICK-004668,Repeatedly transferred between agents without any resolution. Urgent attention required.,Complaint,High,synthetic
TICK-003472,Customs clearance is delaying package shipment at border transit. Please advise as soon as possible.,Shipping,Medium,synthetic
TICK-003129,My order 25717 was shipped to wrong delivery address. Thank you for your assistance.,Shipping,High,synthetic
TICK-004018,Received suspicious password reset email without requesting it. Urgent attention required.,Account,High,synthetic
TICK-005362,Are there any upcoming features planned for mobile tablet views? Kindly look into this matter promptly.,Product Inquiry,Low,synthetic
TICK-004106,Unable to reset password via email link; link expired immediately. Contact me via email or phone.,Account,High,synthetic
TICK-001548,Can you update my credit card billing address and tax ID for billing? Appreciate a quick update on this.,Billing,High,synthetic
TICK-004498,Worst service experience ever! Unprofessional support team. Looking forward to your prompt response.,Complaint,High,synthetic
TICK-003172,International shipment stuck at distribution center for over a week. Please advise as soon as possible.,Shipping,Medium,synthetic
TICK-002783,I requested a refund for order 45102 two weeks ago but haven't received it. Please advise as soon as possible.,Refund,Medium,synthetic
TICK-003278,Package arrived with crushed outer box and broken contents. Please advise as soon as possible.,Shipping,Low,synthetic
TICK-003326,"Express shipping paid, but package sent via standard economy post. Please advise as soon as possible.",Shipping,Critical,synthetic
TICK-001053,I noticed an unauthorized charge of $49.0 on my monthly invoice. Thank you for your assistance.,Billing,Medium,synthetic
TICK-003471,Package arrived with crushed outer box and broken contents. Urgent attention required.,Shipping,Medium,synthetic
TICK-006156,Closing subscription due to missing essential features. Appreciate a quick update on this.,Cancellation,Critical,synthetic
TICK-004534,Appalled by lack of response to critical security vulnerability report. Please advise as soon as possible.,Complaint,High,synthetic
TICK-005455,What is the warranty period and coverage for international orders? Urgent attention required.,Product Inquiry,Low,synthetic
TICK-003977,My account has been locked due to multiple failed login attempts. Contact me via email or phone.,Account,Low,synthetic
TICK-003086,International shipment stuck at distribution center for over a week.,Shipping,High,synthetic
TICK-001571,Why was I billed $249.5 when my plan is $79.99? Contact me via email or phone.,Billing,High,synthetic
TICK-002390,"Charged after cancellation request, need immediate reimbursement. Urgent attention required.",Refund,Medium,synthetic
TICK-004785,Formal complaint regarding poor product build quality and support delay. Urgent attention required.,Complaint,High,synthetic
TICK-004571,Misleading advertising regarding feature capabilities on sales page. Appreciate a quick update on this.,Complaint,Medium,synthetic
TICK-004900,Very dissatisfied with rude customer service representative on call. Thank you for your assistance.,Complaint,High,synthetic
TICK-001531,Can you update my credit card billing address and tax ID for billing? Please advise as soon as possible.,Billing,High,synthetic
TICK-004076,How do I transfer account ownership to another administrator? Kindly look into this matter promptly.,Account,Low,synthetic
TICK-002801,Service was down during our event. Requesting credit refund to account. Contact me via email or phone.,Refund,Medium,synthetic
TICK-002526,"Charged after cancellation request, need immediate reimbursement. Contact me via email or phone.",Refund,High,synthetic
TICK-002743,Returned package was delivered to warehouse. When will refund be processed? Please advise as soon as possible.,Refund,Medium,synthetic
TICK-005443,What is the warranty period and coverage for international orders? Kindly look into this matter promptly.,Product Inquiry,Low,synthetic
TICK-002139,Page load times are extremely slow and API calls are timing out. Appreciate a quick update on this.,Technical Support,Medium,synthetic
TICK-005034,Does the cloud platform comply with SOC2 and HIPAA standards? Contact me via email or phone.,Product Inquiry,Medium,synthetic
TICK-005345,Looking for comparison between standard and professional tiers. Contact me via email or phone.,Product Inquiry,Medium,synthetic
TICK-001893,Bluetooth sync is failing between the hardware device and dashboard. Please advise as soon as possible.,Technical Support,Critical,synthetic
TICK-003675,My profile settings fail to save changes. Appreciate a quick update on this.,Account,Medium,synthetic
TICK-003870,My profile settings fail to save changes. Appreciate a quick update on this.,Account,Medium,synthetic
TICK-005535,What are the hardware specifications required to run this software? Thank you for your assistance.,Product Inquiry,Low,synthetic
TICK-003145,Delivery courier left parcel in rain without notification. Urgent attention required.,Shipping,Medium,synthetic
TICK-003276,"Tracking indicates delivered, but package is missing from my doorstep. Please advise as soon as possible.",Shipping,Medium,synthetic
TICK-005320,Is this product compatible with macOS Sequoia and Apple Silicon? Please advise as soon as possible.,Product Inquiry,Low,synthetic
TICK-001652,Bluetooth sync is failing between the hardware device and dashboard. Urgent attention required.,Technical Support,High,synthetic
TICK-003982,Account permissions are misconfigured and user cannot access dashboard. Looking forward to your prompt response.,Account,High,synthetic
TICK-005842,Please confirm cancellation of recurring billing for account 17705. Thank you for your assistance.,Cancellation,High,synthetic
TICK-003306,Estimated delivery date has passed but package has not arrived.,Shipping,Critical,synthetic
TICK-006170,We are switching to an alternative solution and wish to terminate service.,Cancellation,High,synthetic
TICK-002730,Partial refund missing from my previous dispute case 80950. Appreciate a quick update on this.,Refund,Low,synthetic
TICK-002950,Partial refund missing from my previous dispute case 32482. Please advise as soon as possible.,Refund,High,synthetic
TICK-002884,Service was down during our event. Requesting credit refund to account. Urgent attention required.,Refund,High,synthetic
TICK-002469,"Charged after cancellation request, need immediate reimbursement. Urgent attention required.",Refund,Medium,synthetic
TICK-004016,Unable to reset password via email link; link expired immediately. Kindly look into this matter promptly.,Account,High,synthetic
TICK-001342,Double charge observed on my bank statement for invoice 15286. Looking forward to your prompt response.,Billing,High,synthetic
TICK-002371,Order was canceled by system but refund has not posted to my account. Contact me via email or phone.,Refund,Low,synthetic
TICK-002035,System crashed completely during export task showing error code AUTH_DENIED. Looking forward to your prompt response.,Technical Support,Low,synthetic
TICK-005571,Requesting account closure and deletion of stored customer data. Contact me via email or phone.,Cancellation,Medium,synthetic
TICK-003072,Where is my package? Tracking number 38569 shows no movement for 5 days. Looking forward to your prompt response.,Shipping,Medium,synthetic
TICK-003470,Estimated delivery date has passed but package has not arrived.,Shipping,Low,synthetic
TICK-004185,My account has been locked due to multiple failed login attempts. Contact me via email or phone.,Account,Low,synthetic
TICK-003160,Delivery courier left parcel in rain without notification.,Shipping,Medium,synthetic
TICK-002572,"Charged after cancellation request, need immediate reimbursement. Thank you for your assistance.",Refund,Low,synthetic
TICK-001406,Can you update my credit card billing address and tax ID for billing? Kindly look into this matter promptly.,Billing,Critical,synthetic
TICK-005098,Does your enterprise plan support custom API integrations? Thank you for your assistance.,Product Inquiry,Low,synthetic
TICK-003144,"Express shipping paid, but package sent via standard economy post. Appreciate a quick update on this.",Shipping,High,synthetic
TICK-001467,Why was I billed $99.99 when my plan is $9.99? Urgent attention required.,Billing,High,synthetic
TICK-005231,Does the cloud platform comply with SOC2 and HIPAA standards? Urgent attention required.,Product Inquiry,Low,synthetic
TICK-005091,Looking for comparison between standard and professional tiers. Kindly look into this matter promptly.,Product Inquiry,Low,synthetic
TICK-001541,I am being billed for a service that was supposed to be free during trial. Contact me via email or phone.,Billing,Critical,synthetic
TICK-005729,Subscription cancellation button is missing from account settings page. Please advise as soon as possible.,Cancellation,Medium,synthetic
TICK-004689,Very dissatisfied with rude customer service representative on call. Please advise as soon as possible.,Complaint,Medium,synthetic
TICK-004010,Single Sign-On (SSO) integration is failing for company domain. Looking forward to your prompt response.,Account,High,synthetic
TICK-003319,International shipment stuck at distribution center for over a week. Appreciate a quick update on this.,Shipping,Low,synthetic
TICK-006145,Please confirm cancellation of recurring billing for account 92526. Contact me via email or phone.,Cancellation,Low,synthetic
TICK-003484,Where is my package? Tracking number 65311 shows no movement for 5 days. Appreciate a quick update on this.,Shipping,High,synthetic
TICK-002385,I demand a prompt refund for defective goods received yesterday. Contact me via email or phone.,Refund,Medium,synthetic
TICK-002471,Order was canceled by system but refund has not posted to my account. Kindly look into this matter promptly.,Refund,Critical,synthetic
TICK-002133,Mobile app keeps crashing on launch after updating to latest iOS/Android version. Thank you for your assistance.,Technical Support,Medium,synthetic
TICK-003195,Customs clearance is delaying package shipment at border transit. Looking forward to your prompt response.,Shipping,Medium,synthetic
TICK-004142,My account has been locked due to multiple failed login attempts. Urgent attention required.,Account,High,synthetic
TICK-005994,Requesting account closure and deletion of stored customer data. Urgent attention required.,Cancellation,Low,synthetic
TICK-004603,Formal complaint regarding poor product build quality and support delay. Please advise as soon as possible.,Complaint,High,synthetic
TICK-005187,What are the hardware specifications required to run this software? Kindly look into this matter promptly.,Product Inquiry,Low,synthetic
TICK-002504,I requested a refund for order 64511 two weeks ago but haven't received it. Appreciate a quick update on this.,Refund,High,synthetic
TICK-004253,Appalled by lack of response to critical security vulnerability report. Urgent attention required.,Complaint,Medium,synthetic
TICK-002857,Service was down during our event. Requesting credit refund to account. Thank you for your assistance.,Refund,High,synthetic
TICK-002496,Order was canceled by system but refund has not posted to my account. Looking forward to your prompt response.,Refund,Medium,synthetic
TICK-003097,"Tracking indicates delivered, but package is missing from my doorstep. Appreciate a quick update on this.",Shipping,Low,synthetic
TICK-005784,How do I cancel my order before it enters fulfillment phase? Please advise as soon as possible.,Cancellation,Critical,synthetic
TICK-005316,Looking for comparison between standard and professional tiers. Kindly look into this matter promptly.,Product Inquiry,Low,synthetic
TICK-003054,I need to change shipping address for order 62044 before dispatch. Please advise as soon as possible.,Shipping,Medium,synthetic
TICK-002945,Order was canceled by system but refund has not posted to my account.,Refund,Medium,synthetic
TICK-001591,Why was I billed $49.0 when my plan is $9.99? Contact me via email or phone.,Billing,High,synthetic
TICK-005481,Does the cloud platform comply with SOC2 and HIPAA standards? Contact me via email or phone.,Product Inquiry,Medium,synthetic
TICK-005303,Looking for comparison between standard and professional tiers. Urgent attention required.,Product Inquiry,Low,synthetic
TICK-002147,The desktop application freezes every time I click the save button. Looking forward to your prompt response.,Technical Support,Medium,synthetic
TICK-002421,Service was down during our event. Requesting credit refund to account. Thank you for your assistance.,Refund,High,synthetic
TICK-003556,Delivery courier left parcel in rain without notification.,Shipping,Medium,synthetic
TICK-005661,Please confirm cancellation of recurring billing for account 72582.,Cancellation,Critical,synthetic
TICK-001274,"My payment failed yesterday, but money was deducted from my bank account.",Billing,High,synthetic
TICK-001676,Unable to connect to remote database server from IP address 192.168.168.5. Please advise as soon as possible.,Technical Support,Medium,synthetic
TICK-004808,Repeatedly transferred between agents without any resolution. Appreciate a quick update on this.,Complaint,High,synthetic
TICK-005779,Closing subscription due to missing essential features. Urgent attention required.,Cancellation,Medium,synthetic
TICK-002948,Order was canceled by system but refund has not posted to my account.,Refund,High,synthetic
TICK-004676,No response to urgent tickets for 72 hours despite premium support SLA. Kindly look into this matter promptly.,Complaint,High,synthetic
TICK-005806,Canceling contract due to budget constraints in our organization. Appreciate a quick update on this.,Cancellation,Medium,synthetic
TICK-003756,Received suspicious password reset email without requesting it. Please advise as soon as possible.,Account,Low,synthetic
TICK-004217,Two-factor authentication code is not being received on my phone. Please advise as soon as possible.,Account,High,synthetic
TICK-003804,Unable to reset password via email link; link expired immediately. Looking forward to your prompt response.,Account,Critical,synthetic
TICK-004077,Account permissions are misconfigured and user cannot access dashboard. Appreciate a quick update on this.,Account,Medium,synthetic
TICK-005142,Looking for comparison between standard and professional tiers. Please advise as soon as possible.,Product Inquiry,Low,synthetic
TICK-003307,I need to change shipping address for order 93179 before dispatch. Please advise as soon as possible.,Shipping,Critical,synthetic
TICK-003275,Estimated delivery date has passed but package has not arrived.,Shipping,Medium,synthetic
TICK-001315,Why was I billed $49.0 when my plan is $9.99?,Billing,Medium,synthetic
TICK-004295,Escalating issue: product failed during critical presentation. Please advise as soon as possible.,Complaint,Medium,synthetic
TICK-004877,System downtime caused business revenue loss for our team. Appreciate a quick update on this.,Complaint,High,synthetic
TICK-003828,Received suspicious password reset email without requesting it.,Account,Low,synthetic
TICK-005092,What is the warranty period and coverage for international orders? Contact me via email or phone.,Product Inquiry,Low,synthetic
TICK-005789,I want to cancel my subscription effective immediately. Please advise as soon as possible.,Cancellation,Medium,synthetic
TICK-005983,Requesting account closure and deletion of stored customer data. Urgent attention required.,Cancellation,Medium,synthetic
TICK-004374,Appalled by lack of response to critical security vulnerability report. Appreciate a quick update on this.,Complaint,High,synthetic
TICK-003205,Package arrived with crushed outer box and broken contents. Contact me via email or phone.,Shipping,Medium,synthetic
TICK-004154,I need to update my registered email address and phone number. Kindly look into this matter promptly.,Account,High,synthetic
TICK-001938,System crashed completely during export task showing error code AUTH_DENIED.,Technical Support,Medium,synthetic
TICK-001421,I received a late payment penalty charge even though I paid on time. Thank you for your assistance.,Billing,High,synthetic
TICK-003550,Where is my package? Tracking number 50582 shows no movement for 5 days. Kindly look into this matter promptly.,Shipping,Medium,synthetic
TICK-002882,Returned package was delivered to warehouse. When will refund be processed? Appreciate a quick update on this.,Refund,Critical,synthetic
TICK-003875,Unable to reset password via email link; link expired immediately. Please advise as soon as possible.,Account,Low,synthetic
TICK-003958,My profile settings fail to save changes. Please advise as soon as possible.,Account,Medium,synthetic
TICK-003020,Where is my package? Tracking number 58504 shows no movement for 5 days. Kindly look into this matter promptly.,Shipping,Low,synthetic
TICK-002130,Mobile app keeps crashing on launch after updating to latest iOS/Android version. Contact me via email or phone.,Technical Support,High,synthetic
TICK-001156,I noticed an unauthorized charge of $49.0 on my monthly invoice. Urgent attention required.,Billing,Medium,synthetic
TICK-004187,I cannot log into my account despite entering correct password. Looking forward to your prompt response.,Account,High,synthetic
TICK-003661,Single Sign-On (SSO) integration is failing for company domain.,Account,Medium,synthetic
TICK-003294,International shipment stuck at distribution center for over a week. Please advise as soon as possible.,Shipping,High,synthetic
TICK-004906,Can you provide information on bulk licensing discounts for 500+ users?,Product Inquiry,Low,synthetic
TICK-002646,"Charged after cancellation request, need immediate reimbursement. Kindly look into this matter promptly.",Refund,High,synthetic
TICK-005580,We are switching to an alternative solution and wish to terminate service. Appreciate a quick update on this.,Cancellation,Critical,synthetic
TICK-003664,Two-factor authentication code is not being received on my phone. Looking forward to your prompt response.,Account,High,synthetic
TICK-001254,I need an official tax invoice and payment receipt for order 53236. Kindly look into this matter promptly.,Billing,Medium,synthetic
TICK-003092,"Tracking indicates delivered, but package is missing from my doorstep. Contact me via email or phone.",Shipping,Medium,synthetic
TICK-006092,Please confirm cancellation of recurring billing for account 31094. Please advise as soon as possible.,Cancellation,High,synthetic
TICK-004935,Does your enterprise plan support custom API integrations? Looking forward to your prompt response.,Product Inquiry,Medium,synthetic
TICK-004419,Misleading advertising regarding feature capabilities on sales page. Appreciate a quick update on this.,Complaint,High,synthetic
TICK-004601,Formal complaint regarding poor product build quality and support delay. Looking forward to your prompt response.,Complaint,Medium,synthetic
TICK-005686,How do I cancel my order before it enters fulfillment phase? Appreciate a quick update on this.,Cancellation,High,synthetic
TICK-004818,Escalating issue: product failed during critical presentation. Urgent attention required.,Complaint,Critical,synthetic
TICK-004356,Worst service experience ever! Unprofessional support team. Contact me via email or phone.,Complaint,High,synthetic
TICK-006003,We are switching to an alternative solution and wish to terminate service. Appreciate a quick update on this.,Cancellation,Medium,synthetic
TICK-001833,Unable to connect to remote database server from IP address 192.168.242.127. Contact me via email or phone.,Technical Support,Medium,synthetic
TICK-001595,My credit card was charged twice for transaction 34884.,Billing,Medium,synthetic
TICK-005348,What is the warranty period and coverage for international orders?,Product Inquiry,Low,synthetic
TICK-003674,My profile settings fail to save changes.,Account,High,synthetic
TICK-001777,Bluetooth sync is failing between the hardware device and dashboard. Contact me via email or phone.,Technical Support,High,synthetic
TICK-002616,Item arrived damaged in transit. I want an immediate full refund. Appreciate a quick update on this.,Refund,High,synthetic
TICK-004842,Repeatedly transferred between agents without any resolution. Looking forward to your prompt response.,Complaint,High,synthetic
TICK-002411,I accidentally purchased the wrong subscription tier and need money back. Looking forward to your prompt response.,Refund,Medium,synthetic
TICK-002230,Unable to connect to remote database server from IP address 192.168.215.9. Appreciate a quick update on this.,Technical Support,High,synthetic
TICK-001332,My credit card was charged twice for transaction 33507. Appreciate a quick update on this.,Billing,High,synthetic
TICK-001573,I received a late payment penalty charge even though I paid on time. Please advise as soon as possible.,Billing,High,synthetic
TICK-001069,I received a late payment penalty charge even though I paid on time.,Billing,Medium,synthetic
TICK-002894,Service was down during our event. Requesting credit refund to account. Please advise as soon as possible.,Refund,Medium,synthetic
TICK-004162,Unable to reset password via email link; link expired immediately. Thank you for your assistance.,Account,Low,synthetic
TICK-003504,"Tracking indicates delivered, but package is missing from my doorstep. Kindly look into this matter promptly.",Shipping,High,synthetic
TICK-005793,I want to cancel my subscription effective immediately. Kindly look into this matter promptly.,Cancellation,Medium,synthetic
TICK-003866,Single Sign-On (SSO) integration is failing for company domain.,Account,Critical,synthetic
TICK-004155,Received suspicious password reset email without requesting it. Looking forward to your prompt response.,Account,Low,synthetic
TICK-003285,Delivery courier left parcel in rain without notification. Urgent attention required.,Shipping,Medium,synthetic
TICK-003428,"Tracking indicates delivered, but package is missing from my doorstep.",Shipping,Medium,synthetic
TICK-005049,What is the warranty period and coverage for international orders?,Product Inquiry,High,synthetic
TICK-004700,Repeatedly transferred between agents without any resolution. Appreciate a quick update on this.,Complaint,Critical,synthetic
TICK-001939,Page load times are extremely slow and API calls are timing out. Kindly look into this matter promptly.,Technical Support,High,synthetic
TICK-003824,Received suspicious password reset email without requesting it.,Account,High,synthetic
TICK-004983,Does the cloud platform comply with SOC2 and HIPAA standards? Appreciate a quick update on this.,Product Inquiry,Medium,synthetic
TICK-003352,Delivery courier left parcel in rain without notification. Contact me via email or phone.,Shipping,Low,synthetic
TICK-004428,Appalled by lack of response to critical security vulnerability report. Urgent attention required.,Complaint,Medium,synthetic
TICK-001150,Why was I billed $19.99 when my plan is $9.99? Thank you for your assistance.,Billing,Medium,synthetic
TICK-004322,Agent closed my support ticket without resolving the actual issue. Contact me via email or phone.,Complaint,Critical,synthetic
TICK-003530,I need to change shipping address for order 27427 before dispatch. Looking forward to your prompt response.,Shipping,Medium,synthetic
TICK-003224,"Tracking indicates delivered, but package is missing from my doorstep. Thank you for your assistance.",Shipping,Low,synthetic
TICK-002234,My internet is not working and the router LED is blinking red.,Technical Support,High,synthetic
TICK-003579,Where is my package? Tracking number 61559 shows no movement for 5 days. Please advise as soon as possible.,Shipping,Medium,synthetic
TICK-005824,Closing subscription due to missing essential features. Urgent attention required.,Cancellation,High,synthetic
TICK-004207,Unable to reset password via email link; link expired immediately.,Account,High,synthetic
TICK-005610,We are switching to an alternative solution and wish to terminate service. Thank you for your assistance.,Cancellation,Low,synthetic
TICK-001066,I need an official tax invoice and payment receipt for order 70952. Appreciate a quick update on this.,Billing,Medium,synthetic
TICK-005879,Canceling contract due to budget constraints in our organization. Appreciate a quick update on this.,Cancellation,Medium,synthetic
TICK-006120,Canceling contract due to budget constraints in our organization.,Cancellation,Medium,synthetic
TICK-004746,No response to urgent tickets for 72 hours despite premium support SLA. Kindly look into this matter promptly.,Complaint,Medium,synthetic
TICK-002804,I requested a refund for order 86881 two weeks ago but haven't received it. Contact me via email or phone.,Refund,High,synthetic
TICK-005351,Can I try out premium features during a free trial demo? Kindly look into this matter promptly.,Product Inquiry,Low,synthetic
TICK-005921,Please confirm cancellation of recurring billing for account 30541. Please advise as soon as possible.,Cancellation,Medium,synthetic
TICK-002370,Returned package was delivered to warehouse. When will refund be processed? Please advise as soon as possible.,Refund,High,synthetic
TICK-003158,Estimated delivery date has passed but package has not arrived. Appreciate a quick update on this.,Shipping,Critical,synthetic
TICK-005857,Please confirm cancellation of recurring billing for account 80917. Urgent attention required.,Cancellation,Medium,synthetic
TICK-001807,Bluetooth sync is failing between the hardware device and dashboard.,Technical Support,High,synthetic
TICK-002457,I demand a prompt refund for defective goods received yesterday. Appreciate a quick update on this.,Refund,Critical,synthetic
TICK-004442,System downtime caused business revenue loss for our team. Thank you for your assistance.,Complaint,High,synthetic
TICK-001820,VPN connection drops every 5 minutes unexpectedly. Urgent attention required.,Technical Support,Medium,synthetic
TICK-001543,I need an official tax invoice and payment receipt for order 11170. Kindly look into this matter promptly.,Billing,High,synthetic
TICK-004345,System downtime caused business revenue loss for our team. Thank you for your assistance.,Complaint,Low,synthetic
TICK-005016,Does your enterprise plan support custom API integrations? Contact me via email or phone.,Product Inquiry,Medium,synthetic
TICK-003996,My profile settings fail to save changes. Please advise as soon as possible.,Account,Medium,synthetic
TICK-005629,We are switching to an alternative solution and wish to terminate service. Contact me via email or phone.,Cancellation,Low,synthetic
TICK-002574,Returned package was delivered to warehouse. When will refund be processed? Please advise as soon as possible.,Refund,High,synthetic
TICK-004289,Escalating issue: product failed during critical presentation. Please advise as soon as possible.,Complaint,High,synthetic
TICK-004862,Agent closed my support ticket without resolving the actual issue. Thank you for your assistance.,Complaint,Medium,synthetic
TICK-003004,Delivery courier left parcel in rain without notification. Appreciate a quick update on this.,Shipping,Medium,synthetic
TICK-003234,Estimated delivery date has passed but package has not arrived. Urgent attention required.,Shipping,Low,synthetic
TICK-003819,Received suspicious password reset email without requesting it. Appreciate a quick update on this.,Account,High,synthetic
TICK-003193,"Tracking indicates delivered, but package is missing from my doorstep. Looking forward to your prompt response.",Shipping,Critical,synthetic
TICK-005116,Is this product compatible with macOS Sequoia and Apple Silicon?,Product Inquiry,Medium,synthetic
TICK-001287,Can you update my credit card billing address and tax ID for billing? Thank you for your assistance.,Billing,High,synthetic
TICK-004991,What are the hardware specifications required to run this software? Kindly look into this matter promptly.,Product Inquiry,Medium,synthetic
TICK-001255,Can you update my credit card billing address and tax ID for billing?,Billing,Medium,synthetic
TICK-001062,Double charge observed on my bank statement for invoice 83975. Urgent attention required.,Billing,Low,synthetic
TICK-003548,"Tracking indicates delivered, but package is missing from my doorstep.",Shipping,Medium,synthetic
TICK-003348,I need to change shipping address for order 53103 before dispatch. Looking forward to your prompt response.,Shipping,Medium,synthetic
TICK-004651,Misleading advertising regarding feature capabilities on sales page. Thank you for your assistance.,Complaint,High,synthetic
TICK-003021,Where is my package? Tracking number 67135 shows no movement for 5 days. Please advise as soon as possible.,Shipping,Critical,synthetic
TICK-003854,I cannot log into my account despite entering correct password. Contact me via email or phone.,Account,High,synthetic
TICK-004027,My profile settings fail to save changes. Thank you for your assistance.,Account,High,synthetic
TICK-005261,Are there any upcoming features planned for mobile tablet views? Kindly look into this matter promptly.,Product Inquiry,Low,synthetic
TICK-001423,There is a billing discrepancy on my recent statement for billing period Q1 2026. Contact me via email or phone.,Billing,Medium,synthetic
TICK-002255,System crashed completely during export task showing error code NULL_POINTER_EXC. Looking forward to your prompt response.,Technical Support,Critical,synthetic
TICK-004812,Appalled by lack of response to critical security vulnerability report. Kindly look into this matter promptly.,Complaint,Critical,synthetic
TICK-001364,I noticed an unauthorized charge of $19.99 on my monthly invoice.,Billing,High,synthetic
TICK-004263,Repeatedly transferred between agents without any resolution.,Complaint,Medium,synthetic
TICK-004843,System downtime caused business revenue loss for our team. Thank you for your assistance.,Complaint,High,synthetic
TICK-004407,Worst service experience ever! Unprofessional support team. Looking forward to your prompt response.,Complaint,Critical,synthetic
TICK-004921,What are the hardware specifications required to run this software?,Product Inquiry,Low,synthetic
TICK-001709,Page load times are extremely slow and API calls are timing out. Contact me via email or phone.,Technical Support,Critical,synthetic
TICK-004851,No response to urgent tickets for 72 hours despite premium support SLA. Thank you for your assistance.,Complaint,Critical,synthetic
TICK-002290,VPN connection drops every 5 minutes unexpectedly. Contact me via email or phone.,Technical Support,Low,synthetic
TICK-005871,Please confirm cancellation of recurring billing for account 71157.,Cancellation,Low,synthetic
TICK-005473,Are there any upcoming features planned for mobile tablet views?,Product Inquiry,High,synthetic
TICK-003967,My account has been locked due to multiple failed login attempts. Urgent attention required.,Account,Medium,synthetic
TICK-001032,I noticed an unauthorized charge of $249.5 on my monthly invoice. Appreciate a quick update on this.,Billing,Medium,synthetic
TICK-006189,Please confirm cancellation of recurring billing for account 65503. Thank you for your assistance.,Cancellation,Medium,synthetic
TICK-006108,Requesting account closure and deletion of stored customer data. Appreciate a quick update on this.,Cancellation,Low,synthetic
TICK-003241,Package arrived with crushed outer box and broken contents. Urgent attention required.,Shipping,Medium,synthetic
TICK-003518,International shipment stuck at distribution center for over a week. Contact me via email or phone.,Shipping,Low,synthetic
TICK-001624,There is a billing discrepancy on my recent statement for billing period Jan 2026. Thank you for your assistance.,Billing,Medium,synthetic
TICK-005891,Need assistance closing and permanently deleting my account. Thank you for your assistance.,Cancellation,High,synthetic
TICK-001144,"My payment failed yesterday, but money was deducted from my bank account. Looking forward to your prompt response.",Billing,Medium,synthetic
TICK-005997,Please confirm cancellation of recurring billing for account 63376. Kindly look into this matter promptly.,Cancellation,Medium,synthetic
TICK-003755,Two-factor authentication code is not being received on my phone. Thank you for your assistance.,Account,High,synthetic
TICK-005696,Please turn off auto-renewal for my annual membership plan. Thank you for your assistance.,Cancellation,High,synthetic
TICK-003425,Where is my package? Tracking number 72087 shows no movement for 5 days. Appreciate a quick update on this.,Shipping,Low,synthetic
TICK-002836,Order was canceled by system but refund has not posted to my account. Thank you for your assistance.,Refund,High,synthetic
TICK-003501,Where is my package? Tracking number 63025 shows no movement for 5 days. Looking forward to your prompt response.,Shipping,Medium,synthetic
TICK-005228,Are there any upcoming features planned for mobile tablet views? Kindly look into this matter promptly.,Product Inquiry,Medium,synthetic
TICK-003153,International shipment stuck at distribution center for over a week. Looking forward to your prompt response.,Shipping,Medium,synthetic
TICK-002733,"Charged after cancellation request, need immediate reimbursement. Thank you for your assistance.",Refund,High,synthetic
TICK-001942,My internet is not working and the router LED is blinking red. Please advise as soon as possible.,Technical Support,Critical,synthetic
TICK-006001,How do I cancel my order before it enters fulfillment phase? Urgent attention required.,Cancellation,Medium,synthetic
TICK-004270,Appalled by lack of response to critical security vulnerability report.,Complaint,High,synthetic
TICK-002675,Partial refund missing from my previous dispute case 38664.,Refund,Medium,synthetic
TICK-001236,I need an official tax invoice and payment receipt for order 85800. Please advise as soon as possible.,Billing,Critical,synthetic
TICK-005032,Does the cloud platform comply with SOC2 and HIPAA standards? Kindly look into this matter promptly.,Product Inquiry,High,synthetic
TICK-002242,My internet is not working and the router LED is blinking red. Kindly look into this matter promptly.,Technical Support,High,synthetic
TICK-002647,The product quality is sub-par and does not match description. Please refund. Appreciate a quick update on this.,Refund,High,synthetic
TICK-001654,The web application keeps throwing 500 internal server errors when submitting forms.,Technical Support,High,synthetic
TICK-005387,Is this product compatible with macOS Sequoia and Apple Silicon? Looking forward to your prompt response.,Product Inquiry,Low,synthetic
TICK-005837,Please turn off auto-renewal for my annual membership plan.,Cancellation,Low,synthetic
TICK-003622,Account permissions are misconfigured and user cannot access dashboard. Kindly look into this matter promptly.,Account,Medium,synthetic
TICK-003401,I need to change shipping address for order 28617 before dispatch. Urgent attention required.,Shipping,Medium,synthetic
TICK-005527,Can I try out premium features during a free trial demo? Appreciate a quick update on this.,Product Inquiry,Medium,synthetic
TICK-004642,Misleading advertising regarding feature capabilities on sales page. Kindly look into this matter promptly.,Complaint,Critical,synthetic
TICK-003265,I need to change shipping address for order 10800 before dispatch. Contact me via email or phone.,Shipping,Low,synthetic
TICK-001476,"My payment failed yesterday, but money was deducted from my bank account. Thank you for your assistance.",Billing,High,synthetic
TICK-005132,Looking for comparison between standard and professional tiers. Please advise as soon as possible.,Product Inquiry,Low,synthetic
TICK-002445,Partial refund missing from my previous dispute case 20874. Contact me via email or phone.,Refund,High,synthetic
TICK-005938,Please confirm cancellation of recurring billing for account 59361.,Cancellation,Low,synthetic
TICK-002094,Software installation fails due to missing DLL files on Windows 11. Thank you for your assistance.,Technical Support,Medium,synthetic
TICK-001286,Why was I billed $99.99 when my plan is $29.99?,Billing,Low,synthetic
TICK-002005,Software installation fails due to missing DLL files on Windows 11. Thank you for your assistance.,Technical Support,High,synthetic
TICK-001828,Bluetooth sync is failing between the hardware device and dashboard. Kindly look into this matter promptly.,Technical Support,High,synthetic
TICK-005616,We are switching to an alternative solution and wish to terminate service.,Cancellation,Medium,synthetic
TICK-004947,Does the cloud platform comply with SOC2 and HIPAA standards? Contact me via email or phone.,Product Inquiry,Low,synthetic
TICK-005033,Looking for comparison between standard and professional tiers. Urgent attention required.,Product Inquiry,Medium,synthetic
TICK-003645,I cannot log into my account despite entering correct password. Please advise as soon as possible.,Account,High,synthetic
TICK-002435,Partial refund missing from my previous dispute case 57917. Contact me via email or phone.,Refund,Low,synthetic
TICK-001988,Bluetooth sync is failing between the hardware device and dashboard. Looking forward to your prompt response.,Technical Support,High,synthetic
TICK-005826,We are switching to an alternative solution and wish to terminate service.,Cancellation,Critical,synthetic
TICK-005329,Where can I find user manuals and documentation for model PRO-801?,Product Inquiry,Medium,synthetic
TICK-003549,Package arrived with crushed outer box and broken contents. Appreciate a quick update on this.,Shipping,High,synthetic
TICK-003765,Received suspicious password reset email without requesting it. Please advise as soon as possible.,Account,High,synthetic
TICK-004968,What is the warranty period and coverage for international orders? Contact me via email or phone.,Product Inquiry,Medium,synthetic
TICK-001716,VPN connection drops every 5 minutes unexpectedly. Kindly look into this matter promptly.,Technical Support,High,synthetic
TICK-002727,Service was down during our event. Requesting credit refund to account. Thank you for your assistance.,Refund,High,synthetic
TICK-005561,I want to cancel my subscription effective immediately. Appreciate a quick update on this.,Cancellation,Medium,synthetic
TICK-002448,The product quality is sub-par and does not match description. Please refund. Appreciate a quick update on this.,Refund,Medium,synthetic
TICK-004281,Worst service experience ever! Unprofessional support team.,Complaint,Critical,synthetic
TICK-003280,"Express shipping paid, but package sent via standard economy post. Appreciate a quick update on this.",Shipping,Medium,synthetic
TICK-004346,Agent closed my support ticket without resolving the actual issue. Looking forward to your prompt response.,Complaint,Critical,synthetic
TICK-002819,Returned package was delivered to warehouse. When will refund be processed? Thank you for your assistance.,Refund,Medium,synthetic
TICK-004319,Formal complaint regarding poor product build quality and support delay. Appreciate a quick update on this.,Complaint,High,synthetic
TICK-003202,"Tracking indicates delivered, but package is missing from my doorstep. Urgent attention required.",Shipping,Critical,synthetic
TICK-001234,I need an official tax invoice and payment receipt for order 86434. Urgent attention required.,Billing,High,synthetic
TICK-005935,I want to cancel my subscription effective immediately. Appreciate a quick update on this.,Cancellation,Critical,synthetic
TICK-004233,Received suspicious password reset email without requesting it. Kindly look into this matter promptly.,Account,Medium,synthetic
TICK-001740,The web application keeps throwing 500 internal server errors when submitting forms. Thank you for your assistance.,Technical Support,Medium,synthetic
TICK-005902,Please confirm cancellation of recurring billing for account 23868. Looking forward to your prompt response.,Cancellation,Medium,synthetic
TICK-001720,The web application keeps throwing 500 internal server errors when submitting forms. Contact me via email or phone.,Technical Support,High,synthetic
TICK-003512,Package arrived with crushed outer box and broken contents. Contact me via email or phone.,Shipping,Low,synthetic
TICK-001148,Double charge observed on my bank statement for invoice 62487. Kindly look into this matter promptly.,Billing,High,synthetic
TICK-001096,I noticed an unauthorized charge of $19.99 on my monthly invoice. Appreciate a quick update on this.,Billing,High,synthetic
TICK-006188,Please confirm cancellation of recurring billing for account 49215. Kindly look into this matter promptly.,Cancellation,Medium,synthetic
TICK-002325,"Charged after cancellation request, need immediate reimbursement. Appreciate a quick update on this.",Refund,Medium,synthetic
TICK-001860,Page load times are extremely slow and API calls are timing out.,Technical Support,Medium,synthetic
TICK-004355,Agent closed my support ticket without resolving the actual issue. Looking forward to your prompt response.,Complaint,Low,synthetic
TICK-005605,Closing subscription due to missing essential features. Kindly look into this matter promptly.,Cancellation,Medium,synthetic
TICK-005010,Can you provide information on bulk licensing discounts for 500+ users?,Product Inquiry,Low,synthetic
TICK-002271,The web application keeps throwing 500 internal server errors when submitting forms. Appreciate a quick update on this.,Technical Support,High,synthetic
TICK-001967,Page load times are extremely slow and API calls are timing out. Please advise as soon as possible.,Technical Support,High,synthetic
TICK-002396,Item arrived damaged in transit. I want an immediate full refund. Thank you for your assistance.,Refund,High,synthetic
TICK-002069,The desktop application freezes every time I click the save button. Thank you for your assistance.,Technical Support,Low,synthetic
TICK-005017,What are the hardware specifications required to run this software? Kindly look into this matter promptly.,Product Inquiry,Low,synthetic
TICK-004540,Agent closed my support ticket without resolving the actual issue. Appreciate a quick update on this.,Complaint,High,synthetic
TICK-005105,Can you provide information on bulk licensing discounts for 500+ users? Looking forward to your prompt response.,Product Inquiry,Low,synthetic
TICK-003723,Two-factor authentication code is not being received on my phone. Thank you for your assistance.,Account,Medium,synthetic
TICK-003987,Received suspicious password reset email without requesting it.,Account,High,synthetic
TICK-001060,I received a late payment penalty charge even though I paid on time.,Billing,Low,synthetic
TICK-002461,Item arrived damaged in transit. I want an immediate full refund. Please advise as soon as possible.,Refund,Medium,synthetic
TICK-001626,There is a billing discrepancy on my recent statement for billing period Jan 2026. Please advise as soon as possible.,Billing,Medium,synthetic
TICK-001078,Double charge observed on my bank statement for invoice 78765. Urgent attention required.,Billing,Medium,synthetic
TICK-001972,My internet is not working and the router LED is blinking red. Looking forward to your prompt response.,Technical Support,High,synthetic
TICK-003821,How do I transfer account ownership to another administrator? Please advise as soon as possible.,Account,High,synthetic
TICK-001811,The desktop application freezes every time I click the save button. Appreciate a quick update on this.,Technical Support,Critical,synthetic
TICK-005137,What are the hardware specifications required to run this software? Looking forward to your prompt response.,Product Inquiry,Low,synthetic
TICK-003474,I need to change shipping address for order 16896 before dispatch. Appreciate a quick update on this.,Shipping,Medium,synthetic
TICK-002062,Unable to connect to remote database server from IP address 192.168.40.115. Looking forward to your prompt response.,Technical Support,Medium,synthetic
TICK-001869,The web application keeps throwing 500 internal server errors when submitting forms. Thank you for your assistance.,Technical Support,Low,synthetic
TICK-001838,Mobile app keeps crashing on launch after updating to latest iOS/Android version. Urgent attention required.,Technical Support,High,synthetic
TICK-003245,Delivery courier left parcel in rain without notification. Appreciate a quick update on this.,Shipping,Medium,synthetic
TICK-004796,System downtime caused business revenue loss for our team. Kindly look into this matter promptly.,Complaint,Medium,synthetic
TICK-003125,"Tracking indicates delivered, but package is missing from my doorstep. Kindly look into this matter promptly.",Shipping,Medium,synthetic
TICK-001500,I noticed an unauthorized charge of $499.0 on my monthly invoice. Appreciate a quick update on this.,Billing,Medium,synthetic
TICK-001220,Double charge observed on my bank statement for invoice 86917. Thank you for your assistance.,Billing,Medium,synthetic
TICK-005918,Need assistance closing and permanently deleting my account.,Cancellation,Critical,synthetic
TICK-004757,System downtime caused business revenue loss for our team.,Complaint,High,synthetic
TICK-002891,"Charged after cancellation request, need immediate reimbursement. Contact me via email or phone.",Refund,Medium,synthetic
TICK-001512,I received a late payment penalty charge even though I paid on time. Contact me via email or phone.,Billing,Medium,synthetic
TICK-004091,Received suspicious password reset email without requesting it. Contact me via email or phone.,Account,Medium,synthetic
TICK-003677,How do I transfer account ownership to another administrator? Kindly look into this matter promptly.,Account,High,synthetic
TICK-003430,Customs clearance is delaying package shipment at border transit. Thank you for your assistance.,Shipping,High,synthetic
TICK-001547,Can you update my credit card billing address and tax ID for billing? Kindly look into this matter promptly.,Billing,Medium,synthetic
TICK-002885,Item arrived damaged in transit. I want an immediate full refund. Please advise as soon as possible.,Refund,Medium,synthetic
TICK-005394,Does your enterprise plan support custom API integrations? Urgent attention required.,Product Inquiry,Medium,synthetic
TICK-005069,Are there any upcoming features planned for mobile tablet views? Looking forward to your prompt response.,Product Inquiry,Low,synthetic
TICK-001934,The desktop application freezes every time I click the save button. Urgent attention required.,Technical Support,High,synthetic
TICK-004338,Formal complaint regarding poor product build quality and support delay. Thank you for your assistance.,Complaint,Medium,synthetic
TICK-003103,International shipment stuck at distribution center for over a week. Urgent attention required.,Shipping,Medium,synthetic
TICK-005212,What are the hardware specifications required to run this software? Please advise as soon as possible.,Product Inquiry,Medium,synthetic
TICK-003244,International shipment stuck at distribution center for over a week. Looking forward to your prompt response.,Shipping,Medium,synthetic
TICK-002568,I demand a prompt refund for defective goods received yesterday. Thank you for your assistance.,Refund,Medium,synthetic
TICK-002006,System crashed completely during export task showing error code AUTH_DENIED. Thank you for your assistance.,Technical Support,Medium,synthetic
TICK-004692,Appalled by lack of response to critical security vulnerability report. Looking forward to your prompt response.,Complaint,High,synthetic
TICK-002620,Returned package was delivered to warehouse. When will refund be processed? Looking forward to your prompt response.,Refund,Medium,synthetic
TICK-004993,Does your enterprise plan support custom API integrations? Contact me via email or phone.,Product Inquiry,Low,synthetic
TICK-003026,Delivery courier left parcel in rain without notification.,Shipping,High,synthetic
TICK-005693,Please turn off auto-renewal for my annual membership plan. Contact me via email or phone.,Cancellation,Medium,synthetic
TICK-004042,How do I transfer account ownership to another administrator? Looking forward to your prompt response.,Account,Medium,synthetic
TICK-004503,Agent closed my support ticket without resolving the actual issue. Contact me via email or phone.,Complaint,Low,synthetic
TICK-002963,Delivery courier left parcel in rain without notification. Thank you for your assistance.,Shipping,Medium,synthetic
TICK-003139,Package arrived with crushed outer box and broken contents. Appreciate a quick update on this.,Shipping,Low,synthetic
TICK-001704,Mobile app keeps crashing on launch after updating to latest iOS/Android version. Contact me via email or phone.,Technical Support,High,synthetic
TICK-001300,Can you update my credit card billing address and tax ID for billing?,Billing,Medium,synthetic
TICK-004934,Can you provide information on bulk licensing discounts for 500+ users? Thank you for your assistance.,Product Inquiry,Low,synthetic
TICK-003838,I cannot log into my account despite entering correct password. Kindly look into this matter promptly.,Account,Low,synthetic
TICK-003267,Estimated delivery date has passed but package has not arrived. Appreciate a quick update on this.,Shipping,Medium,synthetic
TICK-005300,Can you provide information on bulk licensing discounts for 500+ users? Kindly look into this matter promptly.,Product Inquiry,Low,synthetic
TICK-001372,I received a late payment penalty charge even though I paid on time.,Billing,Medium,synthetic
TICK-003652,How do I transfer account ownership to another administrator? Thank you for your assistance.,Account,High,synthetic
TICK-005021,Are there any upcoming features planned for mobile tablet views? Contact me via email or phone.,Product Inquiry,Medium,synthetic
TICK-005868,Need assistance closing and permanently deleting my account. Urgent attention required.,Cancellation,Medium,synthetic
TICK-006060,Canceling contract due to budget constraints in our organization. Looking forward to your prompt response.,Cancellation,High,synthetic
TICK-005372,What is the warranty period and coverage for international orders? Appreciate a quick update on this.,Product Inquiry,Low,synthetic
TICK-004803,No response to urgent tickets for 72 hours despite premium support SLA. Kindly look into this matter promptly.,Complaint,High,synthetic
TICK-004564,Appalled by lack of response to critical security vulnerability report.,Complaint,High,synthetic
TICK-005636,Need assistance closing and permanently deleting my account. Contact me via email or phone.,Cancellation,Low,synthetic
TICK-005183,Is this product compatible with macOS Sequoia and Apple Silicon? Appreciate a quick update on this.,Product Inquiry,Low,synthetic
TICK-001002,My credit card was charged twice for transaction 13905. Looking forward to your prompt response.,Billing,Medium,synthetic
TICK-004767,Escalating issue: product failed during critical presentation. Looking forward to your prompt response.,Complaint,High,synthetic
TICK-002073,Mobile app keeps crashing on launch after updating to latest iOS/Android version. Kindly look into this matter promptly.,Technical Support,High,synthetic
TICK-002952,Estimated delivery date has passed but package has not arrived. Please advise as soon as possible.,Shipping,High,synthetic
TICK-003266,International shipment stuck at distribution center for over a week. Thank you for your assistance.,Shipping,Critical,synthetic
TICK-001897,My internet is not working and the router LED is blinking red. Thank you for your assistance.,Technical Support,High,synthetic
TICK-001111,Can you update my credit card billing address and tax ID for billing? Appreciate a quick update on this.,Billing,Low,synthetic
TICK-002484,Item arrived damaged in transit. I want an immediate full refund.,Refund,Low,synthetic
TICK-005985,Canceling contract due to budget constraints in our organization. Looking forward to your prompt response.,Cancellation,Low,synthetic
TICK-004051,My profile settings fail to save changes. Thank you for your assistance.,Account,High,synthetic
TICK-002140,Unable to connect to remote database server from IP address 192.168.209.82. Thank you for your assistance.,Technical Support,High,synthetic
TICK-005947,Please confirm cancellation of recurring billing for account 90485. Thank you for your assistance.,Cancellation,Medium,synthetic
TICK-005694,Need assistance closing and permanently deleting my account. Contact me via email or phone.,Cancellation,High,synthetic
TICK-004163,Unable to reset password via email link; link expired immediately. Looking forward to your prompt response.,Account,High,synthetic
TICK-002123,Page load times are extremely slow and API calls are timing out. Appreciate a quick update on this.,Technical Support,Medium,synthetic
TICK-005614,Please turn off auto-renewal for my annual membership plan. Please advise as soon as possible.,Cancellation,Medium,synthetic
TICK-004276,Repeatedly transferred between agents without any resolution. Thank you for your assistance.,Complaint,Medium,synthetic
TICK-003893,How do I transfer account ownership to another administrator? Urgent attention required.,Account,High,synthetic
TICK-006180,Canceling contract due to budget constraints in our organization. Thank you for your assistance.,Cancellation,Low,synthetic
TICK-004535,Agent closed my support ticket without resolving the actual issue. Appreciate a quick update on this.,Complaint,High,synthetic
TICK-003715,I cannot log into my account despite entering correct password. Kindly look into this matter promptly.,Account,Medium,synthetic
TICK-002283,Unable to connect to remote database server from IP address 192.168.168.103. Appreciate a quick update on this.,Technical Support,Critical,synthetic
TICK-005591,Subscription cancellation button is missing from account settings page.,Cancellation,High,synthetic
TICK-003242,My order 50376 was shipped to wrong delivery address. Appreciate a quick update on this.,Shipping,Medium,synthetic
TICK-005375,Where can I find user manuals and documentation for model PRO-666? Thank you for your assistance.,Product Inquiry,Medium,synthetic
TICK-002046,System crashed completely during export task showing error code SOCKET_TIMEOUT. Appreciate a quick update on this.,Technical Support,Critical,synthetic
TICK-005949,Requesting account closure and deletion of stored customer data. Urgent attention required.,Cancellation,High,synthetic
TICK-006056,We are switching to an alternative solution and wish to terminate service. Urgent attention required.,Cancellation,Medium,synthetic
TICK-002893,Order was canceled by system but refund has not posted to my account.,Refund,Medium,synthetic
TICK-003316,Customs clearance is delaying package shipment at border transit. Please advise as soon as possible.,Shipping,Medium,synthetic
TICK-001335,I received a late payment penalty charge even though I paid on time. Looking forward to your prompt response.,Billing,High,synthetic
TICK-001958,VPN connection drops every 5 minutes unexpectedly. Thank you for your assistance.,Technical Support,Medium,synthetic
TICK-003324,"Tracking indicates delivered, but package is missing from my doorstep. Thank you for your assistance.",Shipping,Medium,synthetic
TICK-001263,I received a late payment penalty charge even though I paid on time.,Billing,Medium,synthetic
TICK-003094,My order 10378 was shipped to wrong delivery address.,Shipping,Medium,synthetic
TICK-001728,VPN connection drops every 5 minutes unexpectedly. Contact me via email or phone.,Technical Support,Low,synthetic
TICK-004980,What are the hardware specifications required to run this software? Kindly look into this matter promptly.,Product Inquiry,High,synthetic
TICK-004134,I cannot log into my account despite entering correct password. Contact me via email or phone.,Account,Medium,synthetic
TICK-002996,Customs clearance is delaying package shipment at border transit. Kindly look into this matter promptly.,Shipping,Medium,synthetic
TICK-004101,Two-factor authentication code is not being received on my phone. Looking forward to your prompt response.,Account,High,synthetic
TICK-002604,Returned package was delivered to warehouse. When will refund be processed? Looking forward to your prompt response.,Refund,Medium,synthetic
TICK-001120,I noticed an unauthorized charge of $19.99 on my monthly invoice. Urgent attention required.,Billing,Medium,synthetic
TICK-002148,My internet is not working and the router LED is blinking red. Urgent attention required.,Technical Support,Critical,synthetic
TICK-004578,Agent closed my support ticket without resolving the actual issue. Looking forward to your prompt response.,Complaint,Medium,synthetic
TICK-004390,System downtime caused business revenue loss for our team. Contact me via email or phone.,Complaint,Critical,synthetic
TICK-001970,Page load times are extremely slow and API calls are timing out. Looking forward to your prompt response.,Technical Support,High,synthetic
TICK-003315,My order 81876 was shipped to wrong delivery address. Contact me via email or phone.,Shipping,Medium,synthetic
TICK-004619,Formal complaint regarding poor product build quality and support delay. Kindly look into this matter promptly.,Complaint,Low,synthetic
TICK-002856,I requested a refund for order 89320 two weeks ago but haven't received it. Appreciate a quick update on this.,Refund,Medium,synthetic
TICK-005075,Looking for comparison between standard and professional tiers. Contact me via email or phone.,Product Inquiry,Medium,synthetic
TICK-005762,Please confirm cancellation of recurring billing for account 51219. Looking forward to your prompt response.,Cancellation,Medium,synthetic
TICK-002137,Mobile app keeps crashing on launch after updating to latest iOS/Android version. Urgent attention required.,Technical Support,Medium,synthetic
TICK-002586,Service was down during our event. Requesting credit refund to account. Appreciate a quick update on this.,Refund,Medium,synthetic
TICK-005520,Can you provide information on bulk licensing discounts for 500+ users? Kindly look into this matter promptly.,Product Inquiry,Low,synthetic
TICK-005209,Looking for comparison between standard and professional tiers. Please advise as soon as possible.,Product Inquiry,Low,synthetic
TICK-005452,Does your enterprise plan support custom API integrations? Looking forward to your prompt response.,Product Inquiry,Low,synthetic
TICK-003305,Delivery courier left parcel in rain without notification. Appreciate a quick update on this.,Shipping,Low,synthetic
TICK-001932,Bluetooth sync is failing between the hardware device and dashboard. Urgent attention required.,Technical Support,High,synthetic
TICK-003643,Single Sign-On (SSO) integration is failing for company domain. Please advise as soon as possible.,Account,High,synthetic
TICK-004075,How do I transfer account ownership to another administrator? Urgent attention required.,Account,Medium,synthetic
TICK-002208,Mobile app keeps crashing on launch after updating to latest iOS/Android version. Urgent attention required.,Technical Support,Critical,synthetic
TICK-001055,I am being billed for a service that was supposed to be free during trial. Appreciate a quick update on this.,Billing,High,synthetic
TICK-002233,Mobile app keeps crashing on launch after updating to latest iOS/Android version. Looking forward to your prompt response.,Technical Support,Critical,synthetic
TICK-001463,I need an official tax invoice and payment receipt for order 90856. Please advise as soon as possible.,Billing,High,synthetic
TICK-005238,Can I try out premium features during a free trial demo? Kindly look into this matter promptly.,Product Inquiry,Low,synthetic
TICK-002760,Item arrived damaged in transit. I want an immediate full refund. Urgent attention required.,Refund,Medium,synthetic
TICK-003272,My order 57988 was shipped to wrong delivery address. Appreciate a quick update on this.,Shipping,Low,synthetic
TICK-004752,Escalating issue: product failed during critical presentation. Kindly look into this matter promptly.,Complaint,High,synthetic
TICK-005761,Subscription cancellation button is missing from account settings page. Please advise as soon as possible.,Cancellation,High,synthetic
TICK-006006,Canceling contract due to budget constraints in our organization. Please advise as soon as possible.,Cancellation,Medium,synthetic
TICK-004677,Misleading advertising regarding feature capabilities on sales page. Please advise as soon as possible.,Complaint,Critical,synthetic
TICK-005545,Is this product compatible with macOS Sequoia and Apple Silicon? Contact me via email or phone.,Product Inquiry,Low,synthetic
TICK-004406,Appalled by lack of response to critical security vulnerability report. Urgent attention required.,Complaint,Low,synthetic
TICK-002284,The web application keeps throwing 500 internal server errors when submitting forms. Urgent attention required.,Technical Support,Low,synthetic
TICK-002051,System crashed completely during export task showing error code SOCKET_TIMEOUT. Kindly look into this matter promptly.,Technical Support,Critical,synthetic
TICK-002313,Service was down during our event. Requesting credit refund to account.,Refund,Low,synthetic
TICK-002788,I requested a refund for order 61142 two weeks ago but haven't received it. Kindly look into this matter promptly.,Refund,High,synthetic
TICK-006165,I want to cancel my subscription effective immediately.,Cancellation,Critical,synthetic
TICK-004626,Agent closed my support ticket without resolving the actual issue. Contact me via email or phone.,Complaint,Medium,synthetic
TICK-005839,Closing subscription due to missing essential features. Looking forward to your prompt response.,Cancellation,Low,synthetic
TICK-001936,My internet is not working and the router LED is blinking red. Contact me via email or phone.,Technical Support,Critical,synthetic
TICK-002824,Partial refund missing from my previous dispute case 28156. Thank you for your assistance.,Refund,Critical,synthetic
TICK-005528,Does the cloud platform comply with SOC2 and HIPAA standards? Appreciate a quick update on this.,Product Inquiry,Medium,synthetic
TICK-003217,"Tracking indicates delivered, but package is missing from my doorstep. Thank you for your assistance.",Shipping,Medium,synthetic
TICK-001239,I am being billed for a service that was supposed to be free during trial. Please advise as soon as possible.,Billing,Critical,synthetic
TICK-004509,Agent closed my support ticket without resolving the actual issue.,Complaint,Critical,synthetic
TICK-005018,What is the warranty period and coverage for international orders? Looking forward to your prompt response.,Product Inquiry,Low,synthetic
TICK-005472,Can you provide information on bulk licensing discounts for 500+ users?,Product Inquiry,Low,synthetic
TICK-005203,Can you provide information on bulk licensing discounts for 500+ users? Urgent attention required.,Product Inquiry,Low,synthetic
TICK-005623,Canceling contract due to budget constraints in our organization.,Cancellation,Low,synthetic
TICK-004395,Repeatedly transferred between agents without any resolution. Contact me via email or phone.,Complaint,High,synthetic
TICK-003111,"Express shipping paid, but package sent via standard economy post. Kindly look into this matter promptly.",Shipping,Critical,synthetic
TICK-004231,Received suspicious password reset email without requesting it. Please advise as soon as possible.,Account,High,synthetic
TICK-002899,Returned package was delivered to warehouse. When will refund be processed? Urgent attention required.,Refund,Medium,synthetic
TICK-002562,Returned package was delivered to warehouse. When will refund be processed? Looking forward to your prompt response.,Refund,Medium,synthetic
TICK-003220,Customs clearance is delaying package shipment at border transit.,Shipping,Medium,synthetic
TICK-002153,The web application keeps throwing 500 internal server errors when submitting forms. Please advise as soon as possible.,Technical Support,Medium,synthetic
TICK-003231,"Express shipping paid, but package sent via standard economy post. Looking forward to your prompt response.",Shipping,Medium,synthetic
TICK-001061,There is a billing discrepancy on my recent statement for billing period Jan 2026. Please advise as soon as possible.,Billing,Critical,synthetic
TICK-002582,"Charged after cancellation request, need immediate reimbursement. Appreciate a quick update on this.",Refund,Medium,synthetic
TICK-004326,Formal complaint regarding poor product build quality and support delay. Contact me via email or phone.,Complaint,High,synthetic
TICK-002589,Item arrived damaged in transit. I want an immediate full refund. Appreciate a quick update on this.,Refund,Medium,synthetic
TICK-002797,I accidentally purchased the wrong subscription tier and need money back.,Refund,High,synthetic
TICK-002251,Mobile app keeps crashing on launch after updating to latest iOS/Android version. Looking forward to your prompt response.,Technical Support,Medium,synthetic
TICK-001505,My credit card was charged twice for transaction 44517. Kindly look into this matter promptly.,Billing,Low,synthetic
TICK-003403,"Tracking indicates delivered, but package is missing from my doorstep. Contact me via email or phone.",Shipping,Medium,synthetic
TICK-003566,I need to change shipping address for order 21867 before dispatch. Contact me via email or phone.,Shipping,High,synthetic
TICK-002598,I demand a prompt refund for defective goods received yesterday. Urgent attention required.,Refund,Medium,synthetic
TICK-002036,Unable to connect to remote database server from IP address 192.168.102.108. Kindly look into this matter promptly.,Technical Support,Critical,synthetic
TICK-003337,Package arrived with crushed outer box and broken contents. Kindly look into this matter promptly.,Shipping,Medium,synthetic
TICK-002191,The web application keeps throwing 500 internal server errors when submitting forms. Please advise as soon as possible.,Technical Support,High,synthetic
TICK-003700,I need to update my registered email address and phone number. Contact me via email or phone.,Account,High,synthetic
TICK-002669,Returned package was delivered to warehouse. When will refund be processed? Urgent attention required.,Refund,Medium,synthetic
TICK-001045,There is a billing discrepancy on my recent statement for billing period Jan 2026. Appreciate a quick update on this.,Billing,Low,synthetic
TICK-004246,Single Sign-On (SSO) integration is failing for company domain. Please advise as soon as possible.,Account,High,synthetic
TICK-001100,I am being billed for a service that was supposed to be free during trial. Looking forward to your prompt response.,Billing,Medium,synthetic
TICK-003137,Estimated delivery date has passed but package has not arrived. Thank you for your assistance.,Shipping,Low,synthetic
TICK-004943,What is the warranty period and coverage for international orders?,Product Inquiry,Medium,synthetic
TICK-004525,Formal complaint regarding poor product build quality and support delay. Looking forward to your prompt response.,Complaint,High,synthetic
TICK-003853,My account has been locked due to multiple failed login attempts.,Account,High,synthetic
TICK-004965,Can you provide information on bulk licensing discounts for 500+ users? Appreciate a quick update on this.,Product Inquiry,High,synthetic
TICK-005378,Can I try out premium features during a free trial demo? Urgent attention required.,Product Inquiry,High,synthetic
TICK-001648,I noticed an unauthorized charge of $499.0 on my monthly invoice. Please advise as soon as possible.,Billing,Medium,synthetic
TICK-003406,I need to change shipping address for order 82096 before dispatch. Contact me via email or phone.,Shipping,Medium,synthetic
TICK-004787,Escalating issue: product failed during critical presentation. Thank you for your assistance.,Complaint,High,synthetic
TICK-002075,The desktop application freezes every time I click the save button.,Technical Support,High,synthetic
TICK-002544,Returned package was delivered to warehouse. When will refund be processed? Thank you for your assistance.,Refund,Low,synthetic
TICK-002222,My internet is not working and the router LED is blinking red. Urgent attention required.,Technical Support,Medium,synthetic
TICK-005317,Does your enterprise plan support custom API integrations? Kindly look into this matter promptly.,Product Inquiry,Low,synthetic
TICK-004828,Repeatedly transferred between agents without any resolution. Contact me via email or phone.,Complaint,Medium,synthetic
TICK-002522,Partial refund missing from my previous dispute case 36989. Kindly look into this matter promptly.,Refund,Critical,synthetic
TICK-004747,System downtime caused business revenue loss for our team. Urgent attention required.,Complaint,High,synthetic
TICK-003888,My profile settings fail to save changes. Thank you for your assistance.,Account,Critical,synthetic
TICK-006029,How do I cancel my order before it enters fulfillment phase? Kindly look into this matter promptly.,Cancellation,Medium,synthetic
TICK-004224,Two-factor authentication code is not being received on my phone. Thank you for your assistance.,Account,High,synthetic
TICK-005755,Subscription cancellation button is missing from account settings page. Appreciate a quick update on this.,Cancellation,Medium,synthetic
TICK-003384,I need to change shipping address for order 50763 before dispatch. Urgent attention required.,Shipping,Medium,synthetic
TICK-001842,Software installation fails due to missing DLL files on Windows 11. Thank you for your assistance.,Technical Support,Low,synthetic
TICK-002909,Service was down during our event. Requesting credit refund to account. Kindly look into this matter promptly.,Refund,Low,synthetic
TICK-003228,My order 81299 was shipped to wrong delivery address. Kindly look into this matter promptly.,Shipping,High,synthetic
TICK-005750,Closing subscription due to missing essential features.,Cancellation,High,synthetic
TICK-001954,Mobile app keeps crashing on launch after updating to latest iOS/Android version. Contact me via email or phone.,Technical Support,Critical,synthetic
TICK-004425,System downtime caused business revenue loss for our team. Appreciate a quick update on this.,Complaint,High,synthetic
TICK-002341,Order was canceled by system but refund has not posted to my account.,Refund,Low,synthetic
TICK-003248,Customs clearance is delaying package shipment at border transit. Urgent attention required.,Shipping,Medium,synthetic
TICK-005288,Is this product compatible with macOS Sequoia and Apple Silicon? Appreciate a quick update on this.,Product Inquiry,Low,synthetic
TICK-004056,Unable to reset password via email link; link expired immediately. Contact me via email or phone.,Account,Medium,synthetic
TICK-005719,Please turn off auto-renewal for my annual membership plan. Thank you for your assistance.,Cancellation,Medium,synthetic
TICK-002798,Returned package was delivered to warehouse. When will refund be processed? Please advise as soon as possible.,Refund,Low,synthetic
TICK-003117,International shipment stuck at distribution center for over a week. Please advise as soon as possible.,Shipping,Critical,synthetic
TICK-004021,Received suspicious password reset email without requesting it. Kindly look into this matter promptly.,Account,High,synthetic
TICK-004688,Worst service experience ever! Unprofessional support team. Kindly look into this matter promptly.,Complaint,Critical,synthetic
TICK-003416,"Express shipping paid, but package sent via standard economy post. Urgent attention required.",Shipping,Medium,synthetic
TICK-002555,I demand a prompt refund for defective goods received yesterday. Urgent attention required.,Refund,High,synthetic
TICK-004683,Formal complaint regarding poor product build quality and support delay.,Complaint,High,synthetic
TICK-001052,Double charge observed on my bank statement for invoice 35485. Please advise as soon as possible.,Billing,High,synthetic
TICK-005609,Canceling contract due to budget constraints in our organization. Please advise as soon as possible.,Cancellation,Low,synthetic
TICK-004244,Unable to reset password via email link; link expired immediately. Urgent attention required.,Account,Critical,synthetic
TICK-003957,My account has been locked due to multiple failed login attempts. Kindly look into this matter promptly.,Account,High,synthetic
TICK-003154,"Express shipping paid, but package sent via standard economy post. Please advise as soon as possible.",Shipping,Medium,synthetic
TICK-005442,Is this product compatible with macOS Sequoia and Apple Silicon? Appreciate a quick update on this.,Product Inquiry,Low,synthetic
TICK-002055,Page load times are extremely slow and API calls are timing out. Contact me via email or phone.,Technical Support,High,synthetic
TICK-001042,Can you update my credit card billing address and tax ID for billing? Kindly look into this matter promptly.,Billing,Medium,synthetic
TICK-001662,My internet is not working and the router LED is blinking red. Thank you for your assistance.,Technical Support,Critical,synthetic
TICK-002226,System crashed completely during export task showing error code ERR_502. Appreciate a quick update on this.,Technical Support,Critical,synthetic
TICK-001731,VPN connection drops every 5 minutes unexpectedly. Kindly look into this matter promptly.,Technical Support,Low,synthetic
TICK-001523,I received a late payment penalty charge even though I paid on time. Please advise as soon as possible.,Billing,Medium,synthetic
TICK-005264,Does the cloud platform comply with SOC2 and HIPAA standards?,Product Inquiry,High,synthetic
TICK-003012,Estimated delivery date has passed but package has not arrived. Contact me via email or phone.,Shipping,Critical,synthetic
TICK-002138,VPN connection drops every 5 minutes unexpectedly.,Technical Support,High,synthetic
TICK-005002,Are there any upcoming features planned for mobile tablet views? Appreciate a quick update on this.,Product Inquiry,Medium,synthetic
TICK-003432,International shipment stuck at distribution center for over a week.,Shipping,High,synthetic
TICK-003017,Customs clearance is delaying package shipment at border transit. Looking forward to your prompt response.,Shipping,High,synthetic
TICK-006087,I want to cancel my subscription effective immediately. Appreciate a quick update on this.,Cancellation,Medium,synthetic
TICK-006088,I want to cancel my subscription effective immediately. Contact me via email or phone.,Cancellation,Low,synthetic
TICK-004191,Unable to reset password via email link; link expired immediately. Looking forward to your prompt response.,Account,High,synthetic
TICK-005613,I want to cancel my subscription effective immediately. Thank you for your assistance.,Cancellation,Medium,synthetic
TICK-004793,Appalled by lack of response to critical security vulnerability report. Contact me via email or phone.,Complaint,Critical,synthetic
TICK-002206,VPN connection drops every 5 minutes unexpectedly. Looking forward to your prompt response.,Technical Support,High,synthetic
TICK-001453,I am being billed for a service that was supposed to be free during trial. Contact me via email or phone.,Billing,Medium,synthetic
TICK-005530,Can I try out premium features during a free trial demo? Contact me via email or phone.,Product Inquiry,Low,synthetic
TICK-001084,I noticed an unauthorized charge of $49.0 on my monthly invoice. Thank you for your assistance.,Billing,Medium,synthetic
TICK-001877,Software installation fails due to missing DLL files on Windows 11. Appreciate a quick update on this.,Technical Support,Critical,synthetic
TICK-003481,"Tracking indicates delivered, but package is missing from my doorstep. Appreciate a quick update on this.",Shipping,Medium,synthetic
TICK-005538,Can I try out premium features during a free trial demo? Urgent attention required.,Product Inquiry,Medium,synthetic
TICK-003667,Account permissions are misconfigured and user cannot access dashboard. Kindly look into this matter promptly.,Account,High,synthetic
TICK-003317,Estimated delivery date has passed but package has not arrived. Urgent attention required.,Shipping,Medium,synthetic
TICK-004433,Very dissatisfied with rude customer service representative on call. Appreciate a quick update on this.,Complaint,Medium,synthetic
TICK-005344,What is the warranty period and coverage for international orders? Urgent attention required.,Product Inquiry,Low,synthetic
TICK-001853,Mobile app keeps crashing on launch after updating to latest iOS/Android version.,Technical Support,High,synthetic
TICK-004311,Escalating issue: product failed during critical presentation. Contact me via email or phone.,Complaint,Critical,synthetic
TICK-004774,Formal complaint regarding poor product build quality and support delay. Urgent attention required.,Complaint,Medium,synthetic
TICK-005180,What is the warranty period and coverage for international orders? Appreciate a quick update on this.,Product Inquiry,Medium,synthetic
TICK-004405,Formal complaint regarding poor product build quality and support delay. Please advise as soon as possible.,Complaint,Medium,synthetic
TICK-002735,I requested a refund for order 99313 two weeks ago but haven't received it. Please advise as soon as possible.,Refund,Medium,synthetic
TICK-001237,I noticed an unauthorized charge of $19.99 on my monthly invoice. Looking forward to your prompt response.,Billing,Medium,synthetic
TICK-001781,Bluetooth sync is failing between the hardware device and dashboard. Appreciate a quick update on this.,Technical Support,High,synthetic
TICK-005665,Please confirm cancellation of recurring billing for account 61167. Please advise as soon as possible.,Cancellation,High,synthetic
TICK-001090,"My payment failed yesterday, but money was deducted from my bank account. Looking forward to your prompt response.",Billing,High,synthetic
TICK-003499,My order 57623 was shipped to wrong delivery address. Contact me via email or phone.,Shipping,Medium,synthetic
TICK-002173,The web application keeps throwing 500 internal server errors when submitting forms.,Technical Support,Medium,synthetic
TICK-002215,The desktop application freezes every time I click the save button. Contact me via email or phone.,Technical Support,Critical,synthetic
TICK-005258,Looking for comparison between standard and professional tiers.,Product Inquiry,Low,synthetic
TICK-001645,Why was I billed $499.0 when my plan is $9.99? Appreciate a quick update on this.,Billing,Medium,synthetic
TICK-004660,Repeatedly transferred between agents without any resolution. Kindly look into this matter promptly.,Complaint,High,synthetic
TICK-003948,Two-factor authentication code is not being received on my phone. Please advise as soon as possible.,Account,Medium,synthetic
TICK-002958,Package arrived with crushed outer box and broken contents. Kindly look into this matter promptly.,Shipping,Medium,synthetic
TICK-001981,Unable to connect to remote database server from IP address 192.168.132.106. Contact me via email or phone.,Technical Support,Low,synthetic
TICK-003944,Received suspicious password reset email without requesting it. Thank you for your assistance.,Account,Low,synthetic
TICK-001825,VPN connection drops every 5 minutes unexpectedly.,Technical Support,Critical,synthetic
TICK-004232,My profile settings fail to save changes. Looking forward to your prompt response.,Account,High,synthetic
TICK-005259,What is the warranty period and coverage for international orders? Urgent attention required.,Product Inquiry,Low,synthetic
TICK-003299,"Express shipping paid, but package sent via standard economy post. Looking forward to your prompt response.",Shipping,Low,synthetic
TICK-001943,Software installation fails due to missing DLL files on Windows 11.,Technical Support,Low,synthetic
TICK-004954,Are there any upcoming features planned for mobile tablet views? Looking forward to your prompt response.,Product Inquiry,Medium,synthetic
TICK-003917,My profile settings fail to save changes. Kindly look into this matter promptly.,Account,High,synthetic
TICK-002570,I accidentally purchased the wrong subscription tier and need money back. Urgent attention required.,Refund,Medium,synthetic
TICK-001088,Can you update my credit card billing address and tax ID for billing? Please advise as soon as possible.,Billing,High,synthetic
TICK-001848,System crashed completely during export task showing error code SOCKET_TIMEOUT. Appreciate a quick update on this.,Technical Support,High,synthetic
TICK-001607,I noticed an unauthorized charge of $99.99 on my monthly invoice. Thank you for your assistance.,Billing,Medium,synthetic
TICK-005169,Looking for comparison between standard and professional tiers. Contact me via email or phone.,Product Inquiry,Low,synthetic
TICK-002686,The product quality is sub-par and does not match description. Please refund. Kindly look into this matter promptly.,Refund,Medium,synthetic
TICK-004084,Account permissions are misconfigured and user cannot access dashboard. Kindly look into this matter promptly.,Account,High,synthetic
TICK-003758,My account has been locked due to multiple failed login attempts. Urgent attention required.,Account,Critical,synthetic
TICK-002989,Estimated delivery date has passed but package has not arrived. Appreciate a quick update on this.,Shipping,Medium,synthetic
TICK-005242,Are there any upcoming features planned for mobile tablet views? Please advise as soon as possible.,Product Inquiry,High,synthetic
TICK-005102,Where can I find user manuals and documentation for model PRO-107? Thank you for your assistance.,Product Inquiry,Low,synthetic
TICK-003841,How do I transfer account ownership to another administrator?,Account,High,synthetic
TICK-004760,Escalating issue: product failed during critical presentation. Looking forward to your prompt response.,Complaint,Critical,synthetic
TICK-002187,Software installation fails due to missing DLL files on Windows 11.,Technical Support,High,synthetic
TICK-004962,Can you provide information on bulk licensing discounts for 500+ users? Urgent attention required.,Product Inquiry,Low,synthetic
TICK-001969,The web application keeps throwing 500 internal server errors when submitting forms. Looking forward to your prompt response.,Technical Support,Medium,synthetic
TICK-003251,Customs clearance is delaying package shipment at border transit. Contact me via email or phone.,Shipping,High,synthetic
TICK-005440,Looking for comparison between standard and professional tiers. Please advise as soon as possible.,Product Inquiry,Low,synthetic
TICK-002042,The web application keeps throwing 500 internal server errors when submitting forms. Looking forward to your prompt response.,Technical Support,Low,synthetic
TICK-005566,Subscription cancellation button is missing from account settings page.,Cancellation,Medium,synthetic
TICK-003371,Customs clearance is delaying package shipment at border transit. Thank you for your assistance.,Shipping,Medium,synthetic
TICK-005956,I want to cancel my subscription effective immediately. Contact me via email or phone.,Cancellation,High,synthetic
TICK-004624,Escalating issue: product failed during critical presentation. Kindly look into this matter promptly.,Complaint,High,synthetic
TICK-005082,Is this product compatible with macOS Sequoia and Apple Silicon? Please advise as soon as possible.,Product Inquiry,Low,synthetic
TICK-003032,International shipment stuck at distribution center for over a week. Looking forward to your prompt response.,Shipping,Critical,synthetic
TICK-005248,Does your enterprise plan support custom API integrations? Kindly look into this matter promptly.,Product Inquiry,Low,synthetic
TICK-005811,We are switching to an alternative solution and wish to terminate service. Appreciate a quick update on this.,Cancellation,Low,synthetic
TICK-004555,Formal complaint regarding poor product build quality and support delay. Please advise as soon as possible.,Complaint,High,synthetic
TICK-002099,Bluetooth sync is failing between the hardware device and dashboard. Thank you for your assistance.,Technical Support,High,synthetic
TICK-003458,International shipment stuck at distribution center for over a week. Appreciate a quick update on this.,Shipping,Low,synthetic
TICK-003229,Customs clearance is delaying package shipment at border transit. Urgent attention required.,Shipping,Critical,synthetic
TICK-001726,System crashed completely during export task showing error code AUTH_DENIED. Appreciate a quick update on this.,Technical Support,Critical,synthetic
TICK-004959,Where can I find user manuals and documentation for model PRO-475? Thank you for your assistance.,Product Inquiry,Low,synthetic
TICK-001375,I need an official tax invoice and payment receipt for order 72424. Urgent attention required.,Billing,Medium,synthetic
TICK-005013,Does the cloud platform comply with SOC2 and HIPAA standards?,Product Inquiry,Medium,synthetic
TICK-004048,I need to update my registered email address and phone number. Kindly look into this matter promptly.,Account,Medium,synthetic
TICK-002125,Software installation fails due to missing DLL files on Windows 11. Contact me via email or phone.,Technical Support,High,synthetic
TICK-006131,We are switching to an alternative solution and wish to terminate service. Contact me via email or phone.,Cancellation,Low,synthetic
TICK-001141,There is a billing discrepancy on my recent statement for billing period Jan 2026. Please advise as soon as possible.,Billing,High,synthetic
TICK-004715,Very dissatisfied with rude customer service representative on call. Kindly look into this matter promptly.,Complaint,Medium,synthetic
TICK-005314,Can I try out premium features during a free trial demo? Thank you for your assistance.,Product Inquiry,Low,synthetic
TICK-005449,Where can I find user manuals and documentation for model PRO-565? Urgent attention required.,Product Inquiry,Medium,synthetic
TICK-001231,I need an official tax invoice and payment receipt for order 27507.,Billing,High,synthetic
TICK-002337,Order was canceled by system but refund has not posted to my account. Thank you for your assistance.,Refund,Medium,synthetic
TICK-003068,Where is my package? Tracking number 63419 shows no movement for 5 days. Looking forward to your prompt response.,Shipping,Critical,synthetic
TICK-001012,Why was I billed $49.0 when my plan is $79.99?,Billing,High,synthetic
TICK-005536,Is this product compatible with macOS Sequoia and Apple Silicon? Thank you for your assistance.,Product Inquiry,Medium,synthetic
TICK-006113,How do I cancel my order before it enters fulfillment phase? Thank you for your assistance.,Cancellation,Medium,synthetic
TICK-006173,Requesting account closure and deletion of stored customer data.,Cancellation,Medium,synthetic
TICK-002318,Partial refund missing from my previous dispute case 29334. Contact me via email or phone.,Refund,High,synthetic
TICK-004025,How do I transfer account ownership to another administrator? Appreciate a quick update on this.,Account,High,synthetic
TICK-006002,We are switching to an alternative solution and wish to terminate service. Contact me via email or phone.,Cancellation,Medium,synthetic
TICK-001537,Can you update my credit card billing address and tax ID for billing? Please advise as soon as possible.,Billing,Medium,synthetic
TICK-001022,Double charge observed on my bank statement for invoice 85525. Looking forward to your prompt response.,Billing,Medium,synthetic
TICK-004922,Does your enterprise plan support custom API integrations?,Product Inquiry,Low,synthetic
TICK-002737,Service was down during our event. Requesting credit refund to account.,Refund,Low,synthetic
TICK-002564,The product quality is sub-par and does not match description. Please refund.,Refund,Medium,synthetic
TICK-002705,I requested a refund for order 92776 two weeks ago but haven't received it.,Refund,High,synthetic
TICK-003780,I cannot log into my account despite entering correct password. Kindly look into this matter promptly.,Account,High,synthetic
TICK-004714,System downtime caused business revenue loss for our team. Please advise as soon as possible.,Complaint,Critical,synthetic
TICK-002057,Software installation fails due to missing DLL files on Windows 11. Urgent attention required.,Technical Support,Critical,synthetic
TICK-001398,I need an official tax invoice and payment receipt for order 50250. Thank you for your assistance.,Billing,Medium,synthetic
TICK-001384,I am being billed for a service that was supposed to be free during trial. Looking forward to your prompt response.,Billing,Medium,synthetic
TICK-004849,Formal complaint regarding poor product build quality and support delay. Contact me via email or phone.,Complaint,Medium,synthetic
TICK-006154,I want to cancel my subscription effective immediately. Please advise as soon as possible.,Cancellation,Critical,synthetic
TICK-002086,System crashed completely during export task showing error code AUTH_DENIED.,Technical Support,High,synthetic
TICK-003687,I need to update my registered email address and phone number. Urgent attention required.,Account,High,synthetic
TICK-003453,"Express shipping paid, but package sent via standard economy post. Looking forward to your prompt response.",Shipping,Low,synthetic
TICK-005798,Please confirm cancellation of recurring billing for account 17748. Thank you for your assistance.,Cancellation,High,synthetic
TICK-002237,Mobile app keeps crashing on launch after updating to latest iOS/Android version. Kindly look into this matter promptly.,Technical Support,Critical,synthetic
TICK-005370,Can you provide information on bulk licensing discounts for 500+ users? Appreciate a quick update on this.,Product Inquiry,High,synthetic
TICK-003606,I need to update my registered email address and phone number.,Account,Medium,synthetic
TICK-002182,My internet is not working and the router LED is blinking red. Urgent attention required.,Technical Support,Critical,synthetic
TICK-005491,Does your enterprise plan support custom API integrations? Appreciate a quick update on this.,Product Inquiry,Low,synthetic
TICK-002524,I demand a prompt refund for defective goods received yesterday. Urgent attention required.,Refund,High,synthetic
TICK-002310,Returned package was delivered to warehouse. When will refund be processed? Please advise as soon as possible.,Refund,Low,synthetic
TICK-004045,I cannot log into my account despite entering correct password. Please advise as soon as possible.,Account,Medium,synthetic
TICK-005466,Can I try out premium features during a free trial demo? Contact me via email or phone.,Product Inquiry,Low,synthetic
TICK-002600,I demand a prompt refund for defective goods received yesterday. Urgent attention required.,Refund,Medium,synthetic
TICK-004709,Formal complaint regarding poor product build quality and support delay. Appreciate a quick update on this.,Complaint,Low,synthetic
TICK-001850,Bluetooth sync is failing between the hardware device and dashboard. Urgent attention required.,Technical Support,High,synthetic
TICK-002820,Partial refund missing from my previous dispute case 50579. Urgent attention required.,Refund,High,synthetic
TICK-001369,"My payment failed yesterday, but money was deducted from my bank account. Please advise as soon as possible.",Billing,Medium,synthetic
TICK-005907,We are switching to an alternative solution and wish to terminate service.,Cancellation,Critical,synthetic
TICK-003617,Received suspicious password reset email without requesting it.,Account,High,synthetic
TICK-004064,How do I transfer account ownership to another administrator? Thank you for your assistance.,Account,High,synthetic
TICK-001616,I received a late payment penalty charge even though I paid on time. Contact me via email or phone.,Billing,High,synthetic
TICK-004521,Repeatedly transferred between agents without any resolution. Looking forward to your prompt response.,Complaint,High,synthetic
TICK-002928,Order was canceled by system but refund has not posted to my account. Appreciate a quick update on this.,Refund,High,synthetic
TICK-005699,Please turn off auto-renewal for my annual membership plan. Please advise as soon as possible.,Cancellation,Low,synthetic
TICK-003704,Account permissions are misconfigured and user cannot access dashboard. Thank you for your assistance.,Account,High,synthetic
TICK-004514,Very dissatisfied with rude customer service representative on call. Looking forward to your prompt response.,Complaint,Medium,synthetic
TICK-001555,My credit card was charged twice for transaction 90862. Contact me via email or phone.,Billing,Critical,synthetic
TICK-002680,The product quality is sub-par and does not match description. Please refund. Urgent attention required.,Refund,High,synthetic
TICK-004180,I cannot log into my account despite entering correct password. Looking forward to your prompt response.,Account,Low,synthetic
TICK-005342,Looking for comparison between standard and professional tiers. Looking forward to your prompt response.,Product Inquiry,Low,synthetic
TICK-003243,Where is my package? Tracking number 68240 shows no movement for 5 days.,Shipping,Low,synthetic
TICK-004094,Unable to reset password via email link; link expired immediately. Contact me via email or phone.,Account,Medium,synthetic
TICK-005354,Does your enterprise plan support custom API integrations? Kindly look into this matter promptly.,Product Inquiry,Medium,synthetic
TICK-002475,Order was canceled by system but refund has not posted to my account. Kindly look into this matter promptly.,Refund,Medium,synthetic
TICK-002697,Partial refund missing from my previous dispute case 50160. Appreciate a quick update on this.,Refund,High,synthetic
TICK-003269,International shipment stuck at distribution center for over a week. Kindly look into this matter promptly.,Shipping,Low,synthetic
TICK-004041,Received suspicious password reset email without requesting it. Thank you for your assistance.,Account,High,synthetic
TICK-001990,Bluetooth sync is failing between the hardware device and dashboard. Please advise as soon as possible.,Technical Support,Medium,synthetic
TICK-001687,My internet is not working and the router LED is blinking red.,Technical Support,Low,synthetic
TICK-002088,Software installation fails due to missing DLL files on Windows 11. Looking forward to your prompt response.,Technical Support,Medium,synthetic
TICK-005961,Please confirm cancellation of recurring billing for account 37165. Kindly look into this matter promptly.,Cancellation,High,synthetic
TICK-002876,Partial refund missing from my previous dispute case 22763. Appreciate a quick update on this.,Refund,Critical,synthetic
TICK-001879,System crashed completely during export task showing error code ERR_502. Urgent attention required.,Technical Support,High,synthetic
TICK-002955,Delivery courier left parcel in rain without notification.,Shipping,Medium,synthetic
TICK-004994,Looking for comparison between standard and professional tiers. Looking forward to your prompt response.,Product Inquiry,Low,synthetic
TICK-004763,Worst service experience ever! Unprofessional support team. Contact me via email or phone.,Complaint,High,synthetic
TICK-001594,Can you update my credit card billing address and tax ID for billing? Looking forward to your prompt response.,Billing,High,synthetic
TICK-003038,"Express shipping paid, but package sent via standard economy post. Appreciate a quick update on this.",Shipping,Low,synthetic
TICK-003921,Account permissions are misconfigured and user cannot access dashboard. Appreciate a quick update on this.,Account,Medium,synthetic
TICK-004608,Very dissatisfied with rude customer service representative on call. Appreciate a quick update on this.,Complaint,High,synthetic
TICK-002761,I requested a refund for order 33513 two weeks ago but haven't received it.,Refund,Medium,synthetic
TICK-004055,Two-factor authentication code is not being received on my phone. Thank you for your assistance.,Account,Medium,synthetic
TICK-002806,I requested a refund for order 48528 two weeks ago but haven't received it. Kindly look into this matter promptly.,Refund,High,synthetic
TICK-004274,Agent closed my support ticket without resolving the actual issue. Looking forward to your prompt response.,Complaint,Low,synthetic
TICK-001778,Mobile app keeps crashing on launch after updating to latest iOS/Android version. Urgent attention required.,Technical Support,Medium,synthetic
TICK-003720,How do I transfer account ownership to another administrator? Urgent attention required.,Account,High,synthetic
TICK-002749,Service was down during our event. Requesting credit refund to account. Please advise as soon as possible.,Refund,Low,synthetic
TICK-003817,I need to update my registered email address and phone number. Contact me via email or phone.,Account,Critical,synthetic
TICK-004078,Two-factor authentication code is not being received on my phone.,Account,High,synthetic
TICK-003570,Customs clearance is delaying package shipment at border transit. Thank you for your assistance.,Shipping,Low,synthetic
TICK-005170,Are there any upcoming features planned for mobile tablet views? Looking forward to your prompt response.,Product Inquiry,Low,synthetic
TICK-005843,Canceling contract due to budget constraints in our organization. Thank you for your assistance.,Cancellation,Medium,synthetic
TICK-004887,Very dissatisfied with rude customer service representative on call. Kindly look into this matter promptly.,Complaint,Medium,synthetic
TICK-006036,Need assistance closing and permanently deleting my account. Contact me via email or phone.,Cancellation,Medium,synthetic
TICK-004663,No response to urgent tickets for 72 hours despite premium support SLA.,Complaint,Medium,synthetic
TICK-003363,I need to change shipping address for order 24048 before dispatch. Urgent attention required.,Shipping,High,synthetic
TICK-005796,Need assistance closing and permanently deleting my account. Contact me via email or phone.,Cancellation,Low,synthetic
TICK-005516,Where can I find user manuals and documentation for model PRO-847?,Product Inquiry,Low,synthetic
TICK-003181,My order 95986 was shipped to wrong delivery address. Looking forward to your prompt response.,Shipping,Medium,synthetic
TICK-001036,"My payment failed yesterday, but money was deducted from my bank account. Urgent attention required.",Billing,High,synthetic
TICK-004186,My account has been locked due to multiple failed login attempts. Looking forward to your prompt response.,Account,High,synthetic
TICK-004799,System downtime caused business revenue loss for our team. Looking forward to your prompt response.,Complaint,High,synthetic
TICK-001179,My credit card was charged twice for transaction 95948.,Billing,High,synthetic
TICK-005175,Where can I find user manuals and documentation for model PRO-151? Urgent attention required.,Product Inquiry,Low,synthetic
TICK-001561,Can you update my credit card billing address and tax ID for billing? Please advise as soon as possible.,Billing,High,synthetic
TICK-002974,Estimated delivery date has passed but package has not arrived. Looking forward to your prompt response.,Shipping,Medium,synthetic
TICK-001854,VPN connection drops every 5 minutes unexpectedly. Urgent attention required.,Technical Support,Critical,synthetic
TICK-005847,Subscription cancellation button is missing from account settings page.,Cancellation,Critical,synthetic
TICK-002925,The product quality is sub-par and does not match description. Please refund. Please advise as soon as possible.,Refund,Medium,synthetic
TICK-006098,I want to cancel my subscription effective immediately. Please advise as soon as possible.,Cancellation,Low,synthetic
TICK-002162,The web application keeps throwing 500 internal server errors when submitting forms.,Technical Support,Medium,synthetic
TICK-001417,There is a billing discrepancy on my recent statement for billing period Jan 2026. Urgent attention required.,Billing,Medium,synthetic
TICK-004510,Formal complaint regarding poor product build quality and support delay.,Complaint,Critical,synthetic
TICK-003431,International shipment stuck at distribution center for over a week. Looking forward to your prompt response.,Shipping,Critical,synthetic
TICK-005710,Please turn off auto-renewal for my annual membership plan.,Cancellation,Medium,synthetic
TICK-003749,My profile settings fail to save changes. Looking forward to your prompt response.,Account,Low,synthetic
TICK-005400,What are the hardware specifications required to run this software? Kindly look into this matter promptly.,Product Inquiry,Medium,synthetic
TICK-001940,VPN connection drops every 5 minutes unexpectedly. Urgent attention required.,Technical Support,High,synthetic
TICK-002114,Mobile app keeps crashing on launch after updating to latest iOS/Android version. Looking forward to your prompt response.,Technical Support,Medium,synthetic
TICK-004474,Appalled by lack of response to critical security vulnerability report. Kindly look into this matter promptly.,Complaint,Medium,synthetic
TICK-002747,I requested a refund for order 40726 two weeks ago but haven't received it. Kindly look into this matter promptly.,Refund,Medium,synthetic
TICK-004096,Account permissions are misconfigured and user cannot access dashboard. Kindly look into this matter promptly.,Account,High,synthetic
TICK-001693,System crashed completely during export task showing error code NULL_POINTER_EXC. Urgent attention required.,Technical Support,High,synthetic
TICK-003100,Where is my package? Tracking number 60222 shows no movement for 5 days. Looking forward to your prompt response.,Shipping,Medium,synthetic
TICK-001167,Why was I billed $249.5 when my plan is $79.99?,Billing,High,synthetic
TICK-001307,I noticed an unauthorized charge of $99.99 on my monthly invoice. Contact me via email or phone.,Billing,Medium,synthetic
TICK-003595,I need to change shipping address for order 71281 before dispatch. Thank you for your assistance.,Shipping,High,synthetic
TICK-006054,I want to cancel my subscription effective immediately. Thank you for your assistance.,Cancellation,Medium,synthetic
TICK-002008,Bluetooth sync is failing between the hardware device and dashboard. Urgent attention required.,Technical Support,Low,synthetic
TICK-005642,Requesting account closure and deletion of stored customer data.,Cancellation,Medium,synthetic
TICK-002428,I accidentally purchased the wrong subscription tier and need money back. Please advise as soon as possible.,Refund,Low,synthetic
TICK-005182,What is the warranty period and coverage for international orders? Kindly look into this matter promptly.,Product Inquiry,Low,synthetic
TICK-002383,The product quality is sub-par and does not match description. Please refund. Kindly look into this matter promptly.,Refund,High,synthetic
TICK-004459,Misleading advertising regarding feature capabilities on sales page. Urgent attention required.,Complaint,High,synthetic
TICK-003001,Where is my package? Tracking number 18817 shows no movement for 5 days. Contact me via email or phone.,Shipping,Low,synthetic
TICK-005384,Where can I find user manuals and documentation for model PRO-202? Looking forward to your prompt response.,Product Inquiry,Low,synthetic
TICK-003543,Customs clearance is delaying package shipment at border transit.,Shipping,Medium,synthetic
TICK-004328,Misleading advertising regarding feature capabilities on sales page. Looking forward to your prompt response.,Complaint,High,synthetic
TICK-002970,I need to change shipping address for order 46492 before dispatch. Looking forward to your prompt response.,Shipping,Medium,synthetic
TICK-004347,Worst service experience ever! Unprofessional support team. Contact me via email or phone.,Complaint,Medium,synthetic
TICK-005492,Are there any upcoming features planned for mobile tablet views? Kindly look into this matter promptly.,Product Inquiry,Medium,synthetic
TICK-006053,Closing subscription due to missing essential features. Appreciate a quick update on this.,Cancellation,Critical,synthetic
TICK-006161,Please confirm cancellation of recurring billing for account 47384. Urgent attention required.,Cancellation,Medium,synthetic
TICK-003688,Received suspicious password reset email without requesting it. Kindly look into this matter promptly.,Account,Critical,synthetic
TICK-002177,Software installation fails due to missing DLL files on Windows 11. Looking forward to your prompt response.,Technical Support,Critical,synthetic
TICK-001722,Mobile app keeps crashing on launch after updating to latest iOS/Android version. Thank you for your assistance.,Technical Support,Medium,synthetic
TICK-005413,Is this product compatible with macOS Sequoia and Apple Silicon?,Product Inquiry,Medium,synthetic
TICK-002225,The web application keeps throwing 500 internal server errors when submitting forms. Contact me via email or phone.,Technical Support,Critical,synthetic
TICK-005865,Please confirm cancellation of recurring billing for account 80606. Thank you for your assistance.,Cancellation,High,synthetic
TICK-002855,"Charged after cancellation request, need immediate reimbursement. Please advise as soon as possible.",Refund,High,synthetic
TICK-001665,My internet is not working and the router LED is blinking red. Looking forward to your prompt response.,Technical Support,Medium,synthetic
TICK-002336,The product quality is sub-par and does not match description. Please refund.,Refund,Medium,synthetic
TICK-002936,Order was canceled by system but refund has not posted to my account. Urgent attention required.,Refund,Medium,synthetic
TICK-001671,The web application keeps throwing 500 internal server errors when submitting forms. Contact me via email or phone.,Technical Support,Medium,synthetic
TICK-002537,The product quality is sub-par and does not match description. Please refund. Please advise as soon as possible.,Refund,Medium,synthetic
TICK-003892,Single Sign-On (SSO) integration is failing for company domain. Thank you for your assistance.,Account,High,synthetic
TICK-004522,No response to urgent tickets for 72 hours despite premium support SLA. Contact me via email or phone.,Complaint,Medium,synthetic
TICK-003131,Package arrived with crushed outer box and broken contents. Urgent attention required.,Shipping,Critical,synthetic
TICK-002456,I demand a prompt refund for defective goods received yesterday. Kindly look into this matter promptly.,Refund,Medium,synthetic
TICK-003302,Customs clearance is delaying package shipment at border transit. Looking forward to your prompt response.,Shipping,Medium,synthetic
TICK-002779,Item arrived damaged in transit. I want an immediate full refund. Thank you for your assistance.,Refund,Medium,synthetic
TICK-002017,Page load times are extremely slow and API calls are timing out. Thank you for your assistance.,Technical Support,High,synthetic
TICK-001770,Unable to connect to remote database server from IP address 192.168.240.145. Please advise as soon as possible.,Technical Support,High,synthetic
TICK-003760,Two-factor authentication code is not being received on my phone. Looking forward to your prompt response.,Account,Medium,synthetic
TICK-004653,Formal complaint regarding poor product build quality and support delay.,Complaint,Critical,synthetic
TICK-002722,I requested a refund for order 69363 two weeks ago but haven't received it. Kindly look into this matter promptly.,Refund,High,synthetic
TICK-004815,Very dissatisfied with rude customer service representative on call. Urgent attention required.,Complaint,Critical,synthetic
TICK-004173,My profile settings fail to save changes. Please advise as soon as possible.,Account,High,synthetic
TICK-002379,I demand a prompt refund for defective goods received yesterday. Appreciate a quick update on this.,Refund,Medium,synthetic
TICK-004408,Formal complaint regarding poor product build quality and support delay. Kindly look into this matter promptly.,Complaint,Medium,synthetic
TICK-003628,Unable to reset password via email link; link expired immediately. Looking forward to your prompt response.,Account,Medium,synthetic
TICK-001099,"My payment failed yesterday, but money was deducted from my bank account.",Billing,Medium,synthetic
TICK-004853,Agent closed my support ticket without resolving the actual issue. Please advise as soon as possible.,Complaint,Critical,synthetic
TICK-005147,Looking for comparison between standard and professional tiers.,Product Inquiry,Medium,synthetic
TICK-005301,What is the warranty period and coverage for international orders? Urgent attention required.,Product Inquiry,Low,synthetic
TICK-003162,Where is my package? Tracking number 13021 shows no movement for 5 days. Contact me via email or phone.,Shipping,Low,synthetic
TICK-005104,Looking for comparison between standard and professional tiers. Thank you for your assistance.,Product Inquiry,Low,synthetic
TICK-001872,Bluetooth sync is failing between the hardware device and dashboard.,Technical Support,Low,synthetic
TICK-002895,"Charged after cancellation request, need immediate reimbursement. Contact me via email or phone.",Refund,High,synthetic
TICK-002228,Unable to connect to remote database server from IP address 192.168.14.89.,Technical Support,Medium,synthetic
TICK-003885,Two-factor authentication code is not being received on my phone. Looking forward to your prompt response.,Account,High,synthetic
TICK-002180,Software installation fails due to missing DLL files on Windows 11. Thank you for your assistance.,Technical Support,High,synthetic
TICK-005338,Where can I find user manuals and documentation for model PRO-555? Kindly look into this matter promptly.,Product Inquiry,Low,synthetic
TICK-005756,Subscription cancellation button is missing from account settings page. Looking forward to your prompt response.,Cancellation,High,synthetic
TICK-002306,I requested a refund for order 27953 two weeks ago but haven't received it. Thank you for your assistance.,Refund,Medium,synthetic
TICK-002016,Unable to connect to remote database server from IP address 192.168.108.211. Kindly look into this matter promptly.,Technical Support,Critical,synthetic
TICK-003515,Delivery courier left parcel in rain without notification. Thank you for your assistance.,Shipping,Medium,synthetic
TICK-005966,Canceling contract due to budget constraints in our organization. Thank you for your assistance.,Cancellation,Medium,synthetic
TICK-004630,Agent closed my support ticket without resolving the actual issue. Looking forward to your prompt response.,Complaint,High,synthetic
TICK-003146,Where is my package? Tracking number 76678 shows no movement for 5 days.,Shipping,Medium,synthetic
TICK-005644,Requesting account closure and deletion of stored customer data. Kindly look into this matter promptly.,Cancellation,Low,synthetic
TICK-003449,My order 91760 was shipped to wrong delivery address. Looking forward to your prompt response.,Shipping,Critical,synthetic
TICK-003323,Package arrived with crushed outer box and broken contents.,Shipping,High,synthetic
TICK-001310,My credit card was charged twice for transaction 66072. Appreciate a quick update on this.,Billing,Low,synthetic
TICK-002575,I requested a refund for order 27284 two weeks ago but haven't received it. Urgent attention required.,Refund,Critical,synthetic
TICK-005146,Does the cloud platform comply with SOC2 and HIPAA standards? Kindly look into this matter promptly.,Product Inquiry,Medium,synthetic
TICK-005489,Can you provide information on bulk licensing discounts for 500+ users? Looking forward to your prompt response.,Product Inquiry,Low,synthetic
TICK-003293,"Express shipping paid, but package sent via standard economy post. Looking forward to your prompt response.",Shipping,Critical,synthetic
TICK-002145,Bluetooth sync is failing between the hardware device and dashboard. Thank you for your assistance.,Technical Support,High,synthetic
TICK-004883,Agent closed my support ticket without resolving the actual issue. Contact me via email or phone.,Complaint,Medium,synthetic
TICK-004682,No response to urgent tickets for 72 hours despite premium support SLA. Kindly look into this matter promptly.,Complaint,Critical,synthetic
TICK-002595,I requested a refund for order 85597 two weeks ago but haven't received it.,Refund,Medium,synthetic
TICK-004008,How do I transfer account ownership to another administrator?,Account,High,synthetic
TICK-002923,Order was canceled by system but refund has not posted to my account. Urgent attention required.,Refund,Low,synthetic
TICK-001082,Double charge observed on my bank statement for invoice 49824. Contact me via email or phone.,Billing,High,synthetic
TICK-004654,System downtime caused business revenue loss for our team. Urgent attention required.,Complaint,Medium,synthetic
TICK-004937,Can I try out premium features during a free trial demo? Urgent attention required.,Product Inquiry,Low,synthetic
TICK-002775,Returned package was delivered to warehouse. When will refund be processed? Urgent attention required.,Refund,Low,synthetic
TICK-005064,Can you provide information on bulk licensing discounts for 500+ users? Appreciate a quick update on this.,Product Inquiry,Low,synthetic
TICK-003805,How do I transfer account ownership to another administrator? Looking forward to your prompt response.,Account,Low,synthetic
TICK-001564,There is a billing discrepancy on my recent statement for billing period Feb 2026. Contact me via email or phone.,Billing,High,synthetic
TICK-003478,Where is my package? Tracking number 51991 shows no movement for 5 days. Looking forward to your prompt response.,Shipping,High,synthetic
TICK-002474,Order was canceled by system but refund has not posted to my account. Looking forward to your prompt response.,Refund,High,synthetic
TICK-004531,Misleading advertising regarding feature capabilities on sales page. Looking forward to your prompt response.,Complaint,High,synthetic
TICK-002915,Order was canceled by system but refund has not posted to my account. Please advise as soon as possible.,Refund,Medium,synthetic
TICK-003545,"Tracking indicates delivered, but package is missing from my doorstep. Contact me via email or phone.",Shipping,Medium,synthetic
TICK-003075,Where is my package? Tracking number 84883 shows no movement for 5 days. Looking forward to your prompt response.,Shipping,Medium,synthetic
TICK-004298,Repeatedly transferred between agents without any resolution. Contact me via email or phone.,Complaint,High,synthetic
TICK-002106,System crashed completely during export task showing error code AUTH_DENIED. Kindly look into this matter promptly.,Technical Support,Critical,synthetic
TICK-003502,"Express shipping paid, but package sent via standard economy post. Looking forward to your prompt response.",Shipping,Medium,synthetic
TICK-004332,Formal complaint regarding poor product build quality and support delay. Urgent attention required.,Complaint,Low,synthetic
TICK-005066,Where can I find user manuals and documentation for model PRO-548? Urgent attention required.,Product Inquiry,Low,synthetic
TICK-005769,Please turn off auto-renewal for my annual membership plan.,Cancellation,Critical,synthetic
TICK-003736,I need to update my registered email address and phone number. Urgent attention required.,Account,High,synthetic
TICK-004574,Very dissatisfied with rude customer service representative on call. Appreciate a quick update on this.,Complaint,Critical,synthetic
TICK-004422,No response to urgent tickets for 72 hours despite premium support SLA. Kindly look into this matter promptly.,Complaint,High,synthetic
TICK-002535,I accidentally purchased the wrong subscription tier and need money back.,Refund,Low,synthetic
TICK-003048,Estimated delivery date has passed but package has not arrived. Looking forward to your prompt response.,Shipping,Medium,synthetic
TICK-005611,Need assistance closing and permanently deleting my account. Contact me via email or phone.,Cancellation,Medium,synthetic
TICK-003081,My order 82185 was shipped to wrong delivery address. Thank you for your assistance.,Shipping,Medium,synthetic
TICK-001200,There is a billing discrepancy on my recent statement for billing period Feb 2026. Thank you for your assistance.,Billing,Medium,synthetic
TICK-004031,Unable to reset password via email link; link expired immediately. Please advise as soon as possible.,Account,Critical,synthetic
TICK-005149,Looking for comparison between standard and professional tiers. Appreciate a quick update on this.,Product Inquiry,Medium,synthetic
TICK-001966,Bluetooth sync is failing between the hardware device and dashboard. Kindly look into this matter promptly.,Technical Support,High,synthetic
TICK-003327,"Tracking indicates delivered, but package is missing from my doorstep. Looking forward to your prompt response.",Shipping,High,synthetic
TICK-002345,I demand a prompt refund for defective goods received yesterday. Thank you for your assistance.,Refund,High,synthetic
TICK-004465,Repeatedly transferred between agents without any resolution.,Complaint,High,synthetic
TICK-001197,My credit card was charged twice for transaction 20646. Looking forward to your prompt response.,Billing,High,synthetic
TICK-005190,Can you provide information on bulk licensing discounts for 500+ users?,Product Inquiry,High,synthetic
TICK-001499,Why was I billed $99.99 when my plan is $29.99? Please advise as soon as possible.,Billing,High,synthetic
TICK-003046,Package arrived with crushed outer box and broken contents. Thank you for your assistance.,Shipping,Medium,synthetic
TICK-002009,VPN connection drops every 5 minutes unexpectedly. Appreciate a quick update on this.,Technical Support,Critical,synthetic
TICK-003394,Estimated delivery date has passed but package has not arrived. Urgent attention required.,Shipping,Low,synthetic
TICK-003567,I need to change shipping address for order 64725 before dispatch. Appreciate a quick update on this.,Shipping,Medium,synthetic
TICK-001544,I need an official tax invoice and payment receipt for order 30669. Please advise as soon as possible.,Billing,Low,synthetic
TICK-002701,Returned package was delivered to warehouse. When will refund be processed? Appreciate a quick update on this.,Refund,Medium,synthetic
TICK-002063,VPN connection drops every 5 minutes unexpectedly. Contact me via email or phone.,Technical Support,High,synthetic
TICK-005353,Can you provide information on bulk licensing discounts for 500+ users? Urgent attention required.,Product Inquiry,High,synthetic
TICK-001460,My credit card was charged twice for transaction 72126. Appreciate a quick update on this.,Billing,Critical,synthetic
TICK-005904,Need assistance closing and permanently deleting my account. Looking forward to your prompt response.,Cancellation,High,synthetic
TICK-003496,"Tracking indicates delivered, but package is missing from my doorstep. Thank you for your assistance.",Shipping,Medium,synthetic
TICK-003071,I need to change shipping address for order 39494 before dispatch. Urgent attention required.,Shipping,Medium,synthetic
TICK-005397,Can I try out premium features during a free trial demo?,Product Inquiry,High,synthetic
TICK-001370,"My payment failed yesterday, but money was deducted from my bank account. Appreciate a quick update on this.",Billing,Critical,synthetic
TICK-001324,"My payment failed yesterday, but money was deducted from my bank account. Thank you for your assistance.",Billing,Medium,synthetic
TICK-004932,Is this product compatible with macOS Sequoia and Apple Silicon? Kindly look into this matter promptly.,Product Inquiry,Medium,synthetic
TICK-001334,I need an official tax invoice and payment receipt for order 70807. Contact me via email or phone.,Billing,Medium,synthetic
TICK-002953,Estimated delivery date has passed but package has not arrived.,Shipping,Critical,synthetic
TICK-002674,Returned package was delivered to warehouse. When will refund be processed? Appreciate a quick update on this.,Refund,Low,synthetic
TICK-003738,Account permissions are misconfigured and user cannot access dashboard. Thank you for your assistance.,Account,Critical,synthetic
TICK-003279,International shipment stuck at distribution center for over a week. Looking forward to your prompt response.,Shipping,Medium,synthetic
TICK-004929,Does your enterprise plan support custom API integrations? Looking forward to your prompt response.,Product Inquiry,Medium,synthetic
TICK-005702,Closing subscription due to missing essential features. Contact me via email or phone.,Cancellation,Medium,synthetic
TICK-003731,My account has been locked due to multiple failed login attempts. Thank you for your assistance.,Account,High,synthetic
TICK-002966,Package arrived with crushed outer box and broken contents. Thank you for your assistance.,Shipping,Low,synthetic
TICK-003133,International shipment stuck at distribution center for over a week.,Shipping,Medium,synthetic
TICK-002034,VPN connection drops every 5 minutes unexpectedly. Appreciate a quick update on this.,Technical Support,Medium,synthetic
TICK-005120,What is the warranty period and coverage for international orders? Kindly look into this matter promptly.,Product Inquiry,Low,synthetic
TICK-005924,Please turn off auto-renewal for my annual membership plan. Thank you for your assistance.,Cancellation,Medium,synthetic
TICK-001452,Double charge observed on my bank statement for invoice 91412. Thank you for your assistance.,Billing,Medium,synthetic
TICK-001799,Mobile app keeps crashing on launch after updating to latest iOS/Android version. Kindly look into this matter promptly.,Technical Support,Low,synthetic
TICK-005464,Can I try out premium features during a free trial demo?,Product Inquiry,Low,synthetic
TICK-001835,Mobile app keeps crashing on launch after updating to latest iOS/Android version. Appreciate a quick update on this.,Technical Support,Critical,synthetic
TICK-001814,Page load times are extremely slow and API calls are timing out. Contact me via email or phone.,Technical Support,High,synthetic
TICK-005513,Are there any upcoming features planned for mobile tablet views? Thank you for your assistance.,Product Inquiry,Low,synthetic
TICK-003399,Estimated delivery date has passed but package has not arrived.,Shipping,Medium,synthetic
TICK-003670,Unable to reset password via email link; link expired immediately. Kindly look into this matter promptly.,Account,Medium,synthetic
TICK-002190,My internet is not working and the router LED is blinking red. Thank you for your assistance.,Technical Support,Medium,synthetic
TICK-002024,VPN connection drops every 5 minutes unexpectedly. Thank you for your assistance.,Technical Support,Critical,synthetic
TICK-004123,Account permissions are misconfigured and user cannot access dashboard. Thank you for your assistance.,Account,High,synthetic
TICK-004176,How do I transfer account ownership to another administrator? Looking forward to your prompt response.,Account,Medium,synthetic
TICK-003078,International shipment stuck at distribution center for over a week. Contact me via email or phone.,Shipping,Medium,synthetic
TICK-001340,Double charge observed on my bank statement for invoice 24283. Thank you for your assistance.,Billing,High,synthetic
TICK-003295,"Express shipping paid, but package sent via standard economy post. Thank you for your assistance.",Shipping,Low,synthetic
TICK-005818,Closing subscription due to missing essential features. Thank you for your assistance.,Cancellation,Medium,synthetic
TICK-003786,Account permissions are misconfigured and user cannot access dashboard.,Account,High,synthetic
TICK-006128,Need assistance closing and permanently deleting my account. Urgent attention required.,Cancellation,Medium,synthetic
TICK-005039,Does the cloud platform comply with SOC2 and HIPAA standards? Looking forward to your prompt response.,Product Inquiry,Low,synthetic
TICK-006115,Closing subscription due to missing essential features. Kindly look into this matter promptly.,Cancellation,Medium,synthetic
TICK-006136,Closing subscription due to missing essential features. Appreciate a quick update on this.,Cancellation,Medium,synthetic
TICK-002918,Service was down during our event. Requesting credit refund to account. Please advise as soon as possible.,Refund,High,synthetic
TICK-004412,Very dissatisfied with rude customer service representative on call. Please advise as soon as possible.,Complaint,Critical,synthetic
TICK-003360,International shipment stuck at distribution center for over a week. Thank you for your assistance.,Shipping,Medium,synthetic
TICK-001204,"My payment failed yesterday, but money was deducted from my bank account. Thank you for your assistance.",Billing,Medium,synthetic
TICK-003461,"Express shipping paid, but package sent via standard economy post. Urgent attention required.",Shipping,Medium,synthetic
TICK-005250,What is the warranty period and coverage for international orders? Urgent attention required.,Product Inquiry,Medium,synthetic
TICK-005844,How do I cancel my order before it enters fulfillment phase?,Cancellation,Medium,synthetic
TICK-003383,Package arrived with crushed outer box and broken contents. Urgent attention required.,Shipping,High,synthetic
TICK-005650,We are switching to an alternative solution and wish to terminate service. Contact me via email or phone.,Cancellation,High,synthetic
TICK-001812,Bluetooth sync is failing between the hardware device and dashboard.,Technical Support,Critical,synthetic
TICK-002755,I accidentally purchased the wrong subscription tier and need money back. Looking forward to your prompt response.,Refund,Low,synthetic
TICK-004944,Are there any upcoming features planned for mobile tablet views?,Product Inquiry,Low,synthetic
TICK-002622,Partial refund missing from my previous dispute case 41880. Contact me via email or phone.,Refund,Medium,synthetic
TICK-005523,What is the warranty period and coverage for international orders? Urgent attention required.,Product Inquiry,Medium,synthetic
TICK-004822,Repeatedly transferred between agents without any resolution. Urgent attention required.,Complaint,Critical,synthetic
TICK-003421,Package arrived with crushed outer box and broken contents. Please advise as soon as possible.,Shipping,High,synthetic
TICK-004690,Escalating issue: product failed during critical presentation. Please advise as soon as possible.,Complaint,Low,synthetic
TICK-004117,I need to update my registered email address and phone number. Thank you for your assistance.,Account,Critical,synthetic
TICK-002898,I requested a refund for order 52706 two weeks ago but haven't received it. Thank you for your assistance.,Refund,High,synthetic
TICK-004831,Very dissatisfied with rude customer service representative on call.,Complaint,Medium,synthetic
TICK-002163,The web application keeps throwing 500 internal server errors when submitting forms. Looking forward to your prompt response.,Technical Support,High,synthetic
TICK-004285,Formal complaint regarding poor product build quality and support delay. Contact me via email or phone.,Complaint,Medium,synthetic
TICK-004072,I cannot log into my account despite entering correct password. Urgent attention required.,Account,Medium,synthetic
TICK-004819,Misleading advertising regarding feature capabilities on sales page. Contact me via email or phone.,Complaint,High,synthetic
TICK-003163,Package arrived with crushed outer box and broken contents. Thank you for your assistance.,Shipping,Low,synthetic
TICK-004063,Two-factor authentication code is not being received on my phone. Kindly look into this matter promptly.,Account,Medium,synthetic
TICK-003402,Where is my package? Tracking number 72959 shows no movement for 5 days. Appreciate a quick update on this.,Shipping,High,synthetic
TICK-002465,Service was down during our event. Requesting credit refund to account. Kindly look into this matter promptly.,Refund,High,synthetic
TICK-003605,I cannot log into my account despite entering correct password. Appreciate a quick update on this.,Account,Medium,synthetic
TICK-001855,Software installation fails due to missing DLL files on Windows 11. Urgent attention required.,Technical Support,Critical,synthetic
TICK-006065,Please confirm cancellation of recurring billing for account 38642. Thank you for your assistance.,Cancellation,Medium,synthetic
TICK-001360,Double charge observed on my bank statement for invoice 32983. Please advise as soon as possible.,Billing,Critical,synthetic
TICK-003457,Estimated delivery date has passed but package has not arrived. Contact me via email or phone.,Shipping,Low,synthetic
TICK-005360,What is the warranty period and coverage for international orders? Looking forward to your prompt response.,Product Inquiry,Low,synthetic
TICK-002991,"Express shipping paid, but package sent via standard economy post.",Shipping,Critical,synthetic
TICK-003846,I cannot log into my account despite entering correct password. Kindly look into this matter promptly.,Account,High,synthetic
TICK-005428,Does your enterprise plan support custom API integrations? Kindly look into this matter promptly.,Product Inquiry,Medium,synthetic
TICK-002157,The desktop application freezes every time I click the save button. Contact me via email or phone.,Technical Support,High,synthetic
TICK-002800,"Charged after cancellation request, need immediate reimbursement.",Refund,Medium,synthetic
TICK-005977,Subscription cancellation button is missing from account settings page. Appreciate a quick update on this.,Cancellation,Medium,synthetic
TICK-001154,I am being billed for a service that was supposed to be free during trial. Contact me via email or phone.,Billing,Medium,synthetic
TICK-001609,I noticed an unauthorized charge of $499.0 on my monthly invoice. Kindly look into this matter promptly.,Billing,Medium,synthetic
TICK-002485,Returned package was delivered to warehouse. When will refund be processed?,Refund,Low,synthetic
TICK-003456,"Tracking indicates delivered, but package is missing from my doorstep. Looking forward to your prompt response.",Shipping,Medium,synthetic
TICK-004229,I cannot log into my account despite entering correct password. Appreciate a quick update on this.,Account,Medium,synthetic
TICK-002254,VPN connection drops every 5 minutes unexpectedly.,Technical Support,High,synthetic
TICK-002328,I requested a refund for order 52253 two weeks ago but haven't received it. Kindly look into this matter promptly.,Refund,Medium,synthetic
TICK-006031,Closing subscription due to missing essential features. Looking forward to your prompt response.,Cancellation,Medium,synthetic
TICK-004239,My profile settings fail to save changes. Appreciate a quick update on this.,Account,High,synthetic
TICK-005990,Closing subscription due to missing essential features. Urgent attention required.,Cancellation,Medium,synthetic
TICK-001815,System crashed completely during export task showing error code ERR_502. Thank you for your assistance.,Technical Support,Critical,synthetic
TICK-003049,"Tracking indicates delivered, but package is missing from my doorstep. Contact me via email or phone.",Shipping,Medium,synthetic
TICK-004569,Escalating issue: product failed during critical presentation. Kindly look into this matter promptly.,Complaint,High,synthetic
TICK-003197,I need to change shipping address for order 88485 before dispatch. Appreciate a quick update on this.,Shipping,High,synthetic
TICK-002450,Partial refund missing from my previous dispute case 97571. Urgent attention required.,Refund,Low,synthetic
TICK-001747,VPN connection drops every 5 minutes unexpectedly.,Technical Support,Critical,synthetic
TICK-004855,Worst service experience ever! Unprofessional support team. Thank you for your assistance.,Complaint,Medium,synthetic
TICK-001439,Why was I billed $499.0 when my plan is $79.99? Kindly look into this matter promptly.,Billing,High,synthetic
TICK-005133,Are there any upcoming features planned for mobile tablet views? Appreciate a quick update on this.,Product Inquiry,Low,synthetic
TICK-003000,Delivery courier left parcel in rain without notification. Please advise as soon as possible.,Shipping,Medium,synthetic
TICK-003435,My order 34215 was shipped to wrong delivery address. Contact me via email or phone.,Shipping,High,synthetic
TICK-003660,Received suspicious password reset email without requesting it. Contact me via email or phone.,Account,High,synthetic
TICK-004875,Misleading advertising regarding feature capabilities on sales page. Thank you for your assistance.,Complaint,Low,synthetic
TICK-002002,Software installation fails due to missing DLL files on Windows 11. Contact me via email or phone.,Technical Support,Low,synthetic
TICK-003396,"Express shipping paid, but package sent via standard economy post. Please advise as soon as possible.",Shipping,Low,synthetic
TICK-001242,I noticed an unauthorized charge of $19.99 on my monthly invoice. Looking forward to your prompt response.,Billing,Medium,synthetic
TICK-005398,Where can I find user manuals and documentation for model PRO-829? Thank you for your assistance.,Product Inquiry,Low,synthetic
TICK-004733,Appalled by lack of response to critical security vulnerability report. Urgent attention required.,Complaint,Critical,synthetic
TICK-005718,How do I cancel my order before it enters fulfillment phase?,Cancellation,Medium,synthetic
TICK-002821,I accidentally purchased the wrong subscription tier and need money back. Please advise as soon as possible.,Refund,Critical,synthetic
TICK-005724,Closing subscription due to missing essential features. Kindly look into this matter promptly.,Cancellation,Medium,synthetic
TICK-001957,Unable to connect to remote database server from IP address 192.168.47.114. Please advise as soon as possible.,Technical Support,Low,synthetic
TICK-004886,System downtime caused business revenue loss for our team. Contact me via email or phone.,Complaint,High,synthetic
TICK-002673,Service was down during our event. Requesting credit refund to account.,Refund,Low,synthetic
TICK-005273,Does the cloud platform comply with SOC2 and HIPAA standards? Urgent attention required.,Product Inquiry,Low,synthetic
TICK-003671,Two-factor authentication code is not being received on my phone. Appreciate a quick update on this.,Account,Medium,synthetic
TICK-002497,Service was down during our event. Requesting credit refund to account. Urgent attention required.,Refund,High,synthetic
TICK-003725,Received suspicious password reset email without requesting it. Kindly look into this matter promptly.,Account,Medium,synthetic
TICK-001434,I am being billed for a service that was supposed to be free during trial.,Billing,Critical,synthetic
TICK-004341,Worst service experience ever! Unprofessional support team.,Complaint,Medium,synthetic
TICK-002012,Mobile app keeps crashing on launch after updating to latest iOS/Android version. Please advise as soon as possible.,Technical Support,Medium,synthetic
TICK-006061,I want to cancel my subscription effective immediately. Kindly look into this matter promptly.,Cancellation,High,synthetic
TICK-005850,Subscription cancellation button is missing from account settings page. Please advise as soon as possible.,Cancellation,Medium,synthetic
TICK-002644,I requested a refund for order 15378 two weeks ago but haven't received it. Looking forward to your prompt response.,Refund,Medium,synthetic
TICK-005643,Please turn off auto-renewal for my annual membership plan. Thank you for your assistance.,Cancellation,Low,synthetic
TICK-001884,Bluetooth sync is failing between the hardware device and dashboard.,Technical Support,Medium,synthetic
TICK-003180,Package arrived with crushed outer box and broken contents. Urgent attention required.,Shipping,Medium,synthetic
TICK-004146,My account has been locked due to multiple failed login attempts.,Account,High,synthetic
TICK-006184,Subscription cancellation button is missing from account settings page. Thank you for your assistance.,Cancellation,High,synthetic
TICK-005144,Can I try out premium features during a free trial demo? Thank you for your assistance.,Product Inquiry,Low,synthetic
TICK-005079,Is this product compatible with macOS Sequoia and Apple Silicon? Urgent attention required.,Product Inquiry,Low,synthetic
TICK-001700,Page load times are extremely slow and API calls are timing out. Looking forward to your prompt response.,Technical Support,Critical,synthetic
TICK-005027,What is the warranty period and coverage for international orders? Urgent attention required.,Product Inquiry,Medium,synthetic
TICK-005507,Can I try out premium features during a free trial demo? Appreciate a quick update on this.,Product Inquiry,Low,synthetic
TICK-004102,My profile settings fail to save changes. Kindly look into this matter promptly.,Account,Medium,synthetic
TICK-003006,International shipment stuck at distribution center for over a week. Kindly look into this matter promptly.,Shipping,Medium,synthetic
TICK-001139,"My payment failed yesterday, but money was deducted from my bank account. Looking forward to your prompt response.",Billing,Low,synthetic
TICK-002041,Software installation fails due to missing DLL files on Windows 11. Looking forward to your prompt response.,Technical Support,Medium,synthetic
TICK-004365,Appalled by lack of response to critical security vulnerability report. Contact me via email or phone.,Complaint,Low,synthetic
TICK-001997,Software installation fails due to missing DLL files on Windows 11. Looking forward to your prompt response.,Technical Support,Medium,synthetic
TICK-001471,I am being billed for a service that was supposed to be free during trial. Appreciate a quick update on this.,Billing,Medium,synthetic
TICK-004611,Misleading advertising regarding feature capabilities on sales page. Please advise as soon as possible.,Complaint,Low,synthetic
TICK-005365,Can I try out premium features during a free trial demo? Kindly look into this matter promptly.,Product Inquiry,Medium,synthetic
TICK-004383,Formal complaint regarding poor product build quality and support delay. Kindly look into this matter promptly.,Complaint,Medium,synthetic
TICK-004073,I need to update my registered email address and phone number. Urgent attention required.,Account,Critical,synthetic
TICK-005236,Where can I find user manuals and documentation for model PRO-366? Looking forward to your prompt response.,Product Inquiry,Medium,synthetic
TICK-005476,Does your enterprise plan support custom API integrations? Looking forward to your prompt response.,Product Inquiry,Low,synthetic
TICK-001054,Can you update my credit card billing address and tax ID for billing? Looking forward to your prompt response.,Billing,High,synthetic
TICK-004302,Appalled by lack of response to critical security vulnerability report. Appreciate a quick update on this.,Complaint,High,synthetic
TICK-002581,I requested a refund for order 36230 two weeks ago but haven't received it. Kindly look into this matter promptly.,Refund,High,synthetic
TICK-004223,Unable to reset password via email link; link expired immediately. Urgent attention required.,Account,Medium,synthetic
TICK-003188,My order 43244 was shipped to wrong delivery address. Looking forward to your prompt response.,Shipping,High,synthetic
TICK-001515,"My payment failed yesterday, but money was deducted from my bank account. Urgent attention required.",Billing,Medium,synthetic
TICK-005084,Looking for comparison between standard and professional tiers. Looking forward to your prompt response.,Product Inquiry,High,synthetic
TICK-005777,How do I cancel my order before it enters fulfillment phase? Contact me via email or phone.,Cancellation,High,synthetic
TICK-003462,Customs clearance is delaying package shipment at border transit. Kindly look into this matter promptly.,Shipping,High,synthetic
TICK-001673,VPN connection drops every 5 minutes unexpectedly.,Technical Support,Medium,synthetic
TICK-001935,System crashed completely during export task showing error code NULL_POINTER_EXC. Looking forward to your prompt response.,Technical Support,High,synthetic
TICK-005996,Please confirm cancellation of recurring billing for account 81373. Urgent attention required.,Cancellation,High,synthetic
TICK-004288,Agent closed my support ticket without resolving the actual issue. Appreciate a quick update on this.,Complaint,Medium,synthetic
TICK-004399,System downtime caused business revenue loss for our team. Looking forward to your prompt response.,Complaint,High,synthetic
TICK-001276,"My payment failed yesterday, but money was deducted from my bank account.",Billing,Medium,synthetic
TICK-004430,System downtime caused business revenue loss for our team. Contact me via email or phone.,Complaint,High,synthetic
TICK-005987,Please turn off auto-renewal for my annual membership plan.,Cancellation,Medium,synthetic
TICK-003697,Account permissions are misconfigured and user cannot access dashboard. Kindly look into this matter promptly.,Account,Medium,synthetic
TICK-004469,Repeatedly transferred between agents without any resolution. Kindly look into this matter promptly.,Complaint,High,synthetic
TICK-005420,Does the cloud platform comply with SOC2 and HIPAA standards? Urgent attention required.,Product Inquiry,Medium,synthetic
TICK-001751,Page load times are extremely slow and API calls are timing out. Appreciate a quick update on this.,Technical Support,Medium,synthetic
TICK-001117,I am being billed for a service that was supposed to be free during trial. Kindly look into this matter promptly.,Billing,High,synthetic
TICK-004024,Single Sign-On (SSO) integration is failing for company domain. Please advise as soon as possible.,Account,Critical,synthetic
TICK-005890,Canceling contract due to budget constraints in our organization. Thank you for your assistance.,Cancellation,Medium,synthetic
TICK-004894,Agent closed my support ticket without resolving the actual issue. Appreciate a quick update on this.,Complaint,High,synthetic
TICK-003256,My order 67445 was shipped to wrong delivery address.,Shipping,Critical,synthetic
TICK-005541,Does the cloud platform comply with SOC2 and HIPAA standards?,Product Inquiry,High,synthetic
TICK-004228,My profile settings fail to save changes. Please advise as soon as possible.,Account,High,synthetic
TICK-002330,"Charged after cancellation request, need immediate reimbursement. Contact me via email or phone.",Refund,Medium,synthetic
TICK-003767,Two-factor authentication code is not being received on my phone. Contact me via email or phone.,Account,High,synthetic
TICK-001632,I noticed an unauthorized charge of $499.0 on my monthly invoice. Urgent attention required.,Billing,Critical,synthetic
TICK-005730,How do I cancel my order before it enters fulfillment phase?,Cancellation,High,synthetic
TICK-003364,I need to change shipping address for order 55344 before dispatch. Please advise as soon as possible.,Shipping,Medium,synthetic
TICK-005269,Are there any upcoming features planned for mobile tablet views? Urgent attention required.,Product Inquiry,Low,synthetic
TICK-002716,The product quality is sub-par and does not match description. Please refund.,Refund,Medium,synthetic
TICK-004367,Misleading advertising regarding feature capabilities on sales page. Thank you for your assistance.,Complaint,Critical,synthetic
TICK-001151,Can you update my credit card billing address and tax ID for billing? Kindly look into this matter promptly.,Billing,Medium,synthetic
TICK-003712,My account has been locked due to multiple failed login attempts. Please advise as soon as possible.,Account,High,synthetic
TICK-003915,I cannot log into my account despite entering correct password. Appreciate a quick update on this.,Account,Medium,synthetic
TICK-004781,Misleading advertising regarding feature capabilities on sales page. Looking forward to your prompt response.,Complaint,Medium,synthetic
TICK-005028,Is this product compatible with macOS Sequoia and Apple Silicon? Kindly look into this matter promptly.,Product Inquiry,Medium,synthetic
TICK-004114,Account permissions are misconfigured and user cannot access dashboard. Appreciate a quick update on this.,Account,High,synthetic
TICK-002638,Service was down during our event. Requesting credit refund to account. Urgent attention required.,Refund,Low,synthetic
TICK-004317,No response to urgent tickets for 72 hours despite premium support SLA. Contact me via email or phone.,Complaint,Low,synthetic
TICK-004699,Very dissatisfied with rude customer service representative on call. Looking forward to your prompt response.,Complaint,Critical,synthetic
TICK-003156,My order 92701 was shipped to wrong delivery address. Thank you for your assistance.,Shipping,Medium,synthetic
TICK-002178,The desktop application freezes every time I click the save button. Looking forward to your prompt response.,Technical Support,High,synthetic
TICK-002285,Bluetooth sync is failing between the hardware device and dashboard. Please advise as soon as possible.,Technical Support,Medium,synthetic
TICK-004286,Agent closed my support ticket without resolving the actual issue. Kindly look into this matter promptly.,Complaint,High,synthetic
TICK-002546,Partial refund missing from my previous dispute case 35249.,Refund,Medium,synthetic
TICK-003329,Where is my package? Tracking number 17855 shows no movement for 5 days. Please advise as soon as possible.,Shipping,Low,synthetic
TICK-005346,Does your enterprise plan support custom API integrations? Please advise as soon as possible.,Product Inquiry,High,synthetic
TICK-001365,There is a billing discrepancy on my recent statement for billing period Feb 2026. Please advise as soon as possible.,Billing,Medium,synthetic
TICK-004190,Single Sign-On (SSO) integration is failing for company domain. Please advise as soon as possible.,Account,Medium,synthetic
TICK-006020,Please turn off auto-renewal for my annual membership plan. Please advise as soon as possible.,Cancellation,Low,synthetic
TICK-005886,How do I cancel my order before it enters fulfillment phase? Please advise as soon as possible.,Cancellation,Medium,synthetic
TICK-001444,My credit card was charged twice for transaction 60014. Please advise as soon as possible.,Billing,High,synthetic
TICK-001656,VPN connection drops every 5 minutes unexpectedly. Looking forward to your prompt response.,Technical Support,High,synthetic
TICK-004870,System downtime caused business revenue loss for our team. Urgent attention required.,Complaint,Critical,synthetic
TICK-001911,The desktop application freezes every time I click the save button.,Technical Support,Medium,synthetic
TICK-004617,Misleading advertising regarding feature capabilities on sales page. Contact me via email or phone.,Complaint,Critical,synthetic
TICK-004898,Very dissatisfied with rude customer service representative on call. Appreciate a quick update on this.,Complaint,High,synthetic
TICK-005433,What is the warranty period and coverage for international orders? Please advise as soon as possible.,Product Inquiry,Low,synthetic
TICK-004901,Does the cloud platform comply with SOC2 and HIPAA standards? Appreciate a quick update on this.,Product Inquiry,Low,synthetic
TICK-003255,International shipment stuck at distribution center for over a week. Appreciate a quick update on this.,Shipping,High,synthetic
TICK-006057,Subscription cancellation button is missing from account settings page. Please advise as soon as possible.,Cancellation,Medium,synthetic
TICK-005199,Are there any upcoming features planned for mobile tablet views? Urgent attention required.,Product Inquiry,Low,synthetic
TICK-001051,I need an official tax invoice and payment receipt for order 36100. Thank you for your assistance.,Billing,Medium,synthetic
TICK-006041,Subscription cancellation button is missing from account settings page. Looking forward to your prompt response.,Cancellation,Medium,synthetic
TICK-002977,Where is my package? Tracking number 24502 shows no movement for 5 days.,Shipping,Critical,synthetic
TICK-004986,Does your enterprise plan support custom API integrations? Looking forward to your prompt response.,Product Inquiry,Medium,synthetic
TICK-004349,No response to urgent tickets for 72 hours despite premium support SLA. Urgent attention required.,Complaint,Critical,synthetic
TICK-004673,Misleading advertising regarding feature capabilities on sales page. Looking forward to your prompt response.,Complaint,Critical,synthetic
TICK-003747,I cannot log into my account despite entering correct password. Contact me via email or phone.,Account,Medium,synthetic
TICK-002593,"Charged after cancellation request, need immediate reimbursement. Urgent attention required.",Refund,Medium,synthetic
TICK-002978,My order 60002 was shipped to wrong delivery address. Please advise as soon as possible.,Shipping,Medium,synthetic
TICK-005855,Subscription cancellation button is missing from account settings page. Looking forward to your prompt response.,Cancellation,Medium,synthetic
TICK-004116,Account permissions are misconfigured and user cannot access dashboard. Please advise as soon as possible.,Account,High,synthetic
TICK-005706,Closing subscription due to missing essential features. Kindly look into this matter promptly.,Cancellation,Medium,synthetic
TICK-002649,Service was down during our event. Requesting credit refund to account. Looking forward to your prompt response.,Refund,Medium,synthetic
TICK-002275,Mobile app keeps crashing on launch after updating to latest iOS/Android version. Appreciate a quick update on this.,Technical Support,Medium,synthetic
TICK-001392,My credit card was charged twice for transaction 77045.,Billing,Low,synthetic
TICK-001049,My credit card was charged twice for transaction 49829. Contact me via email or phone.,Billing,High,synthetic
TICK-002232,My internet is not working and the router LED is blinking red. Appreciate a quick update on this.,Technical Support,Low,synthetic
TICK-003214,"Tracking indicates delivered, but package is missing from my doorstep. Please advise as soon as possible.",Shipping,Medium,synthetic
TICK-005306,Looking for comparison between standard and professional tiers. Contact me via email or phone.,Product Inquiry,Low,synthetic
TICK-001021,My credit card was charged twice for transaction 53309. Urgent attention required.,Billing,High,synthetic
TICK-003993,Single Sign-On (SSO) integration is failing for company domain. Contact me via email or phone.,Account,High,synthetic
TICK-002539,I requested a refund for order 49676 two weeks ago but haven't received it. Appreciate a quick update on this.,Refund,High,synthetic
TICK-004351,Formal complaint regarding poor product build quality and support delay. Kindly look into this matter promptly.,Complaint,Medium,synthetic
TICK-002307,Order was canceled by system but refund has not posted to my account. Kindly look into this matter promptly.,Refund,Medium,synthetic
TICK-005851,We are switching to an alternative solution and wish to terminate service. Looking forward to your prompt response.,Cancellation,Low,synthetic
TICK-003088,Where is my package? Tracking number 33282 shows no movement for 5 days. Contact me via email or phone.,Shipping,Low,synthetic
TICK-004391,Appalled by lack of response to critical security vulnerability report. Please advise as soon as possible.,Complaint,High,synthetic
TICK-001145,I received a late payment penalty charge even though I paid on time. Please advise as soon as possible.,Billing,Medium,synthetic
TICK-003718,Two-factor authentication code is not being received on my phone. Looking forward to your prompt response.,Account,High,synthetic
TICK-003304,International shipment stuck at distribution center for over a week. Please advise as soon as possible.,Shipping,High,synthetic
TICK-002732,"Charged after cancellation request, need immediate reimbursement. Thank you for your assistance.",Refund,Medium,synthetic
TICK-002276,Unable to connect to remote database server from IP address 192.168.173.82. Looking forward to your prompt response.,Technical Support,Critical,synthetic
TICK-001538,Why was I billed $99.99 when my plan is $29.99? Appreciate a quick update on this.,Billing,High,synthetic
TICK-004644,System downtime caused business revenue loss for our team. Appreciate a quick update on this.,Complaint,High,synthetic
TICK-002426,Order was canceled by system but refund has not posted to my account. Appreciate a quick update on this.,Refund,Medium,synthetic
TICK-001322,I noticed an unauthorized charge of $499.0 on my monthly invoice. Looking forward to your prompt response.,Billing,High,synthetic
TICK-004620,Agent closed my support ticket without resolving the actual issue. Thank you for your assistance.,Complaint,High,synthetic
TICK-003884,My account has been locked due to multiple failed login attempts. Kindly look into this matter promptly.,Account,High,synthetic
TICK-005377,Looking for comparison between standard and professional tiers. Thank you for your assistance.,Product Inquiry,Low,synthetic
TICK-002682,I demand a prompt refund for defective goods received yesterday. Kindly look into this matter promptly.,Refund,High,synthetic
TICK-005838,I want to cancel my subscription effective immediately. Appreciate a quick update on this.,Cancellation,Medium,synthetic
TICK-005641,Subscription cancellation button is missing from account settings page. Looking forward to your prompt response.,Cancellation,Low,synthetic
TICK-006181,I want to cancel my subscription effective immediately. Contact me via email or phone.,Cancellation,Medium,synthetic
TICK-003998,Two-factor authentication code is not being received on my phone. Appreciate a quick update on this.,Account,Medium,synthetic
TICK-005189,Where can I find user manuals and documentation for model PRO-246? Kindly look into this matter promptly.,Product Inquiry,High,synthetic
TICK-001379,Double charge observed on my bank statement for invoice 23133. Looking forward to your prompt response.,Billing,Medium,synthetic
TICK-001925,Mobile app keeps crashing on launch after updating to latest iOS/Android version. Appreciate a quick update on this.,Technical Support,Medium,synthetic
TICK-003263,Where is my package? Tracking number 43897 shows no movement for 5 days. Kindly look into this matter promptly.,Shipping,Medium,synthetic
TICK-001715,Mobile app keeps crashing on launch after updating to latest iOS/Android version. Please advise as soon as possible.,Technical Support,High,synthetic
TICK-001388,I noticed an unauthorized charge of $19.99 on my monthly invoice. Contact me via email or phone.,Billing,High,synthetic
TICK-002601,Returned package was delivered to warehouse. When will refund be processed? Urgent attention required.,Refund,Medium,synthetic
TICK-003330,"Express shipping paid, but package sent via standard economy post.",Shipping,Low,synthetic
TICK-001131,Double charge observed on my bank statement for invoice 79541. Thank you for your assistance.,Billing,High,synthetic
TICK-004539,Escalating issue: product failed during critical presentation. Looking forward to your prompt response.,Complaint,Critical,synthetic
TICK-002605,Returned package was delivered to warehouse. When will refund be processed? Contact me via email or phone.,Refund,High,synthetic
TICK-005332,Does the cloud platform comply with SOC2 and HIPAA standards? Urgent attention required.,Product Inquiry,Low,synthetic
TICK-003437,International shipment stuck at distribution center for over a week. Kindly look into this matter promptly.,Shipping,Low,synthetic
TICK-001492,I received a late payment penalty charge even though I paid on time.,Billing,Medium,synthetic
TICK-001649,I am being billed for a service that was supposed to be free during trial. Appreciate a quick update on this.,Billing,Medium,synthetic
TICK-002246,My internet is not working and the router LED is blinking red. Kindly look into this matter promptly.,Technical Support,High,synthetic
TICK-005707,How do I cancel my order before it enters fulfillment phase? Appreciate a quick update on this.,Cancellation,High,synthetic
TICK-006078,Closing subscription due to missing essential features. Urgent attention required.,Cancellation,Low,synthetic
TICK-006064,I want to cancel my subscription effective immediately. Kindly look into this matter promptly.,Cancellation,High,synthetic
TICK-004278,No response to urgent tickets for 72 hours despite premium support SLA. Contact me via email or phone.,Complaint,Critical,synthetic
TICK-002986,I need to change shipping address for order 89121 before dispatch. Looking forward to your prompt response.,Shipping,Low,synthetic
TICK-004533,Formal complaint regarding poor product build quality and support delay.,Complaint,Low,synthetic
TICK-001818,Bluetooth sync is failing between the hardware device and dashboard. Thank you for your assistance.,Technical Support,High,synthetic
TICK-004678,Formal complaint regarding poor product build quality and support delay. Contact me via email or phone.,Complaint,Critical,synthetic
TICK-002864,Returned package was delivered to warehouse. When will refund be processed? Please advise as soon as possible.,Refund,Low,synthetic
TICK-002110,The web application keeps throwing 500 internal server errors when submitting forms. Contact me via email or phone.,Technical Support,High,synthetic
TICK-002584,Service was down during our event. Requesting credit refund to account. Please advise as soon as possible.,Refund,Medium,synthetic
TICK-005913,Canceling contract due to budget constraints in our organization. Please advise as soon as possible.,Cancellation,Medium,synthetic
TICK-004884,No response to urgent tickets for 72 hours despite premium support SLA. Please advise as soon as possible.,Complaint,High,synthetic
TICK-002420,Partial refund missing from my previous dispute case 55681. Appreciate a quick update on this.,Refund,Low,synthetic
TICK-003292,Estimated delivery date has passed but package has not arrived. Urgent attention required.,Shipping,High,synthetic
TICK-005485,Does the cloud platform comply with SOC2 and HIPAA standards? Kindly look into this matter promptly.,Product Inquiry,Low,synthetic
TICK-001233,I noticed an unauthorized charge of $499.0 on my monthly invoice.,Billing,Medium,synthetic
TICK-004054,Account permissions are misconfigured and user cannot access dashboard. Appreciate a quick update on this.,Account,High,synthetic
TICK-004891,Misleading advertising regarding feature capabilities on sales page. Please advise as soon as possible.,Complaint,Medium,synthetic
TICK-001945,My internet is not working and the router LED is blinking red. Urgent attention required.,Technical Support,High,synthetic
TICK-001771,Mobile app keeps crashing on launch after updating to latest iOS/Android version. Kindly look into this matter promptly.,Technical Support,Critical,synthetic
TICK-004438,Formal complaint regarding poor product build quality and support delay. Urgent attention required.,Complaint,Low,synthetic
TICK-003497,Delivery courier left parcel in rain without notification. Urgent attention required.,Shipping,Medium,synthetic
TICK-005312,Where can I find user manuals and documentation for model PRO-642? Looking forward to your prompt response.,Product Inquiry,Low,synthetic
TICK-001338,I am being billed for a service that was supposed to be free during trial. Contact me via email or phone.,Billing,Medium,synthetic
TICK-002166,The web application keeps throwing 500 internal server errors when submitting forms. Thank you for your assistance.,Technical Support,Medium,synthetic
TICK-001386,There is a billing discrepancy on my recent statement for billing period Feb 2026. Please advise as soon as possible.,Billing,Medium,synthetic
TICK-003034,Customs clearance is delaying package shipment at border transit.,Shipping,High,synthetic
TICK-005246,Is this product compatible with macOS Sequoia and Apple Silicon? Appreciate a quick update on this.,Product Inquiry,Medium,synthetic
TICK-004457,Very dissatisfied with rude customer service representative on call. Please advise as soon as possible.,Complaint,Critical,synthetic
TICK-001785,The web application keeps throwing 500 internal server errors when submitting forms. Kindly look into this matter promptly.,Technical Support,High,synthetic
TICK-001189,Can you update my credit card billing address and tax ID for billing? Appreciate a quick update on this.,Billing,High,synthetic
TICK-001327,Why was I billed $19.99 when my plan is $9.99? Appreciate a quick update on this.,Billing,High,synthetic
TICK-004523,System downtime caused business revenue loss for our team. Appreciate a quick update on this.,Complaint,Medium,synthetic
TICK-002282,Software installation fails due to missing DLL files on Windows 11. Please advise as soon as possible.,Technical Support,Medium,synthetic
TICK-002838,Service was down during our event. Requesting credit refund to account. Contact me via email or phone.,Refund,Medium,synthetic
TICK-005107,What are the hardware specifications required to run this software? Thank you for your assistance.,Product Inquiry,Medium,synthetic
TICK-002121,Bluetooth sync is failing between the hardware device and dashboard. Looking forward to your prompt response.,Technical Support,Medium,synthetic
TICK-002833,"Charged after cancellation request, need immediate reimbursement. Contact me via email or phone.",Refund,High,synthetic
TICK-002969,My order 15739 was shipped to wrong delivery address. Please advise as soon as possible.,Shipping,Critical,synthetic
TICK-002741,I requested a refund for order 64179 two weeks ago but haven't received it. Thank you for your assistance.,Refund,High,synthetic
TICK-003119,Customs clearance is delaying package shipment at border transit. Contact me via email or phone.,Shipping,Medium,synthetic
TICK-003633,Received suspicious password reset email without requesting it. Looking forward to your prompt response.,Account,High,synthetic
TICK-002335,The product quality is sub-par and does not match description. Please refund. Thank you for your assistance.,Refund,High,synthetic
TICK-006016,How do I cancel my order before it enters fulfillment phase? Contact me via email or phone.,Cancellation,Medium,synthetic
TICK-002971,Where is my package? Tracking number 35329 shows no movement for 5 days.,Shipping,High,synthetic
TICK-004235,I need to update my registered email address and phone number. Contact me via email or phone.,Account,Low,synthetic
TICK-005237,Is this product compatible with macOS Sequoia and Apple Silicon? Kindly look into this matter promptly.,Product Inquiry,Low,synthetic
TICK-003582,"Tracking indicates delivered, but package is missing from my doorstep. Contact me via email or phone.",Shipping,High,synthetic
TICK-002530,Item arrived damaged in transit. I want an immediate full refund. Looking forward to your prompt response.,Refund,Low,synthetic
TICK-003782,I cannot log into my account despite entering correct password. Please advise as soon as possible.,Account,Medium,synthetic
TICK-002889,Service was down during our event. Requesting credit refund to account. Thank you for your assistance.,Refund,High,synthetic
TICK-003989,My profile settings fail to save changes.,Account,High,synthetic
TICK-002560,The product quality is sub-par and does not match description. Please refund. Urgent attention required.,Refund,Medium,synthetic
TICK-004698,Escalating issue: product failed during critical presentation. Looking forward to your prompt response.,Complaint,High,synthetic
TICK-001750,Page load times are extremely slow and API calls are timing out. Appreciate a quick update on this.,Technical Support,High,synthetic
TICK-001413,"My payment failed yesterday, but money was deducted from my bank account.",Billing,Critical,synthetic
TICK-005265,Are there any upcoming features planned for mobile tablet views? Thank you for your assistance.,Product Inquiry,Medium,synthetic
TICK-004085,How do I transfer account ownership to another administrator? Looking forward to your prompt response.,Account,High,synthetic
TICK-004839,Very dissatisfied with rude customer service representative on call. Thank you for your assistance.,Complaint,High,synthetic
TICK-002355,I requested a refund for order 59051 two weeks ago but haven't received it. Urgent attention required.,Refund,Medium,synthetic
TICK-003389,"Express shipping paid, but package sent via standard economy post. Looking forward to your prompt response.",Shipping,High,synthetic
TICK-003891,Unable to reset password via email link; link expired immediately. Kindly look into this matter promptly.,Account,Critical,synthetic
TICK-001831,Bluetooth sync is failing between the hardware device and dashboard. Looking forward to your prompt response.,Technical Support,Critical,synthetic
TICK-003211,Where is my package? Tracking number 64835 shows no movement for 5 days. Urgent attention required.,Shipping,Low,synthetic
TICK-001865,Bluetooth sync is failing between the hardware device and dashboard.,Technical Support,Critical,synthetic
TICK-004279,Worst service experience ever! Unprofessional support team. Thank you for your assistance.,Complaint,Critical,synthetic
TICK-001085,I received a late payment penalty charge even though I paid on time. Appreciate a quick update on this.,Billing,High,synthetic
TICK-001427,Can you update my credit card billing address and tax ID for billing? Please advise as soon as possible.,Billing,High,synthetic
TICK-002691,I requested a refund for order 29666 two weeks ago but haven't received it. Urgent attention required.,Refund,Critical,synthetic
TICK-003729,How do I transfer account ownership to another administrator? Appreciate a quick update on this.,Account,High,synthetic
TICK-004556,Misleading advertising regarding feature capabilities on sales page. Contact me via email or phone.,Complaint,High,synthetic
TICK-004989,Looking for comparison between standard and professional tiers. Contact me via email or phone.,Product Inquiry,Medium,synthetic
TICK-004193,I cannot log into my account despite entering correct password. Thank you for your assistance.,Account,Critical,synthetic
TICK-001410,I noticed an unauthorized charge of $249.5 on my monthly invoice. Contact me via email or phone.,Billing,High,synthetic
TICK-003848,I need to update my registered email address and phone number. Looking forward to your prompt response.,Account,High,synthetic
TICK-003680,My account has been locked due to multiple failed login attempts. Appreciate a quick update on this.,Account,High,synthetic
TICK-002944,The product quality is sub-par and does not match description. Please refund.,Refund,Critical,synthetic
TICK-001087,"My payment failed yesterday, but money was deducted from my bank account. Appreciate a quick update on this.",Billing,Medium,synthetic
TICK-004483,No response to urgent tickets for 72 hours despite premium support SLA.,Complaint,High,synthetic
TICK-004549,Repeatedly transferred between agents without any resolution.,Complaint,High,synthetic
TICK-002607,Partial refund missing from my previous dispute case 93656. Contact me via email or phone.,Refund,Low,synthetic
TICK-005723,Closing subscription due to missing essential features. Appreciate a quick update on this.,Cancellation,Medium,synthetic
TICK-005551,We are switching to an alternative solution and wish to terminate service. Appreciate a quick update on this.,Cancellation,Medium,synthetic
TICK-002431,Returned package was delivered to warehouse. When will refund be processed? Please advise as soon as possible.,Refund,High,synthetic
TICK-002143,System crashed completely during export task showing error code SOCKET_TIMEOUT. Kindly look into this matter promptly.,Technical Support,Medium,synthetic
TICK-002300,Software installation fails due to missing DLL files on Windows 11. Kindly look into this matter promptly.,Technical Support,High,synthetic
TICK-001504,"My payment failed yesterday, but money was deducted from my bank account. Kindly look into this matter promptly.",Billing,High,synthetic
TICK-005293,Can you provide information on bulk licensing discounts for 500+ users? Appreciate a quick update on this.,Product Inquiry,Low,synthetic
TICK-002999,Package arrived with crushed outer box and broken contents. Contact me via email or phone.,Shipping,High,synthetic
TICK-002519,Order was canceled by system but refund has not posted to my account. Urgent attention required.,Refund,Low,synthetic
TICK-001783,Unable to connect to remote database server from IP address 192.168.226.208. Looking forward to your prompt response.,Technical Support,High,synthetic
TICK-005038,Can I try out premium features during a free trial demo? Kindly look into this matter promptly.,Product Inquiry,Low,synthetic
TICK-001581,Can you update my credit card billing address and tax ID for billing? Please advise as soon as possible.,Billing,Low,synthetic
TICK-004321,Agent closed my support ticket without resolving the actual issue. Looking forward to your prompt response.,Complaint,Medium,synthetic
TICK-002115,My internet is not working and the router LED is blinking red. Contact me via email or phone.,Technical Support,High,synthetic
TICK-001772,The web application keeps throwing 500 internal server errors when submitting forms. Contact me via email or phone.,Technical Support,High,synthetic
TICK-001642,There is a billing discrepancy on my recent statement for billing period Q1 2026. Please advise as soon as possible.,Billing,Medium,synthetic
TICK-001600,I am being billed for a service that was supposed to be free during trial. Kindly look into this matter promptly.,Billing,High,synthetic
TICK-004830,Appalled by lack of response to critical security vulnerability report. Thank you for your assistance.,Complaint,High,synthetic
TICK-004662,Agent closed my support ticket without resolving the actual issue. Thank you for your assistance.,Complaint,Medium,synthetic
TICK-002540,Returned package was delivered to warehouse. When will refund be processed? Appreciate a quick update on this.,Refund,Medium,synthetic
TICK-002758,I requested a refund for order 74166 two weeks ago but haven't received it. Contact me via email or phone.,Refund,Critical,synthetic
TICK-004998,Looking for comparison between standard and professional tiers. Thank you for your assistance.,Product Inquiry,Medium,synthetic
TICK-003953,I need to update my registered email address and phone number. Thank you for your assistance.,Account,High,synthetic
TICK-002662,The product quality is sub-par and does not match description. Please refund. Urgent attention required.,Refund,Medium,synthetic
TICK-005896,Please confirm cancellation of recurring billing for account 60976. Looking forward to your prompt response.,Cancellation,Low,synthetic
TICK-001385,I am being billed for a service that was supposed to be free during trial. Please advise as soon as possible.,Billing,Medium,synthetic
TICK-006075,Please turn off auto-renewal for my annual membership plan. Appreciate a quick update on this.,Cancellation,Medium,synthetic
TICK-003976,I need to update my registered email address and phone number. Contact me via email or phone.,Account,High,synthetic
TICK-004725,Formal complaint regarding poor product build quality and support delay. Appreciate a quick update on this.,Complaint,High,synthetic
TICK-005426,Can I try out premium features during a free trial demo? Thank you for your assistance.,Product Inquiry,Low,synthetic
TICK-002672,Item arrived damaged in transit. I want an immediate full refund. Looking forward to your prompt response.,Refund,Low,synthetic
TICK-001759,Page load times are extremely slow and API calls are timing out. Kindly look into this matter promptly.,Technical Support,Low,synthetic
TICK-003037,My order 54849 was shipped to wrong delivery address. Urgent attention required.,Shipping,Medium,synthetic
TICK-006144,Canceling contract due to budget constraints in our organization. Looking forward to your prompt response.,Cancellation,High,synthetic
TICK-003042,Estimated delivery date has passed but package has not arrived. Kindly look into this matter promptly.,Shipping,Medium,synthetic
TICK-002264,My internet is not working and the router LED is blinking red. Kindly look into this matter promptly.,Technical Support,Medium,synthetic
TICK-002618,The product quality is sub-par and does not match description. Please refund.,Refund,Medium,synthetic
TICK-004648,Agent closed my support ticket without resolving the actual issue. Appreciate a quick update on this.,Complaint,Critical,synthetic
TICK-003433,Where is my package? Tracking number 65352 shows no movement for 5 days. Please advise as soon as possible.,Shipping,Critical,synthetic
TICK-004719,Escalating issue: product failed during critical presentation.,Complaint,Medium,synthetic
TICK-001904,VPN connection drops every 5 minutes unexpectedly. Contact me via email or phone.,Technical Support,High,synthetic
TICK-001623,"My payment failed yesterday, but money was deducted from my bank account. Appreciate a quick update on this.",Billing,Medium,synthetic
TICK-005216,Looking for comparison between standard and professional tiers. Looking forward to your prompt response.,Product Inquiry,High,synthetic
TICK-005225,Are there any upcoming features planned for mobile tablet views? Kindly look into this matter promptly.,Product Inquiry,Medium,synthetic
TICK-004978,What are the hardware specifications required to run this software? Looking forward to your prompt response.,Product Inquiry,Low,synthetic
TICK-003450,International shipment stuck at distribution center for over a week. Contact me via email or phone.,Shipping,Low,synthetic
TICK-004357,Escalating issue: product failed during critical presentation.,Complaint,High,synthetic
TICK-006191,We are switching to an alternative solution and wish to terminate service. Urgent attention required.,Cancellation,Medium,synthetic
TICK-001368,I received a late payment penalty charge even though I paid on time. Appreciate a quick update on this.,Billing,High,synthetic
TICK-002796,"Charged after cancellation request, need immediate reimbursement. Looking forward to your prompt response.",Refund,High,synthetic
TICK-004113,Unable to reset password via email link; link expired immediately. Looking forward to your prompt response.,Account,High,synthetic
TICK-002267,Unable to connect to remote database server from IP address 192.168.71.117. Thank you for your assistance.,Technical Support,High,synthetic
TICK-001432,Double charge observed on my bank statement for invoice 35679. Contact me via email or phone.,Billing,High,synthetic
TICK-003381,"Express shipping paid, but package sent via standard economy post. Appreciate a quick update on this.",Shipping,Medium,synthetic
TICK-001181,I received a late payment penalty charge even though I paid on time. Kindly look into this matter promptly.,Billing,High,synthetic
TICK-002939,Order was canceled by system but refund has not posted to my account. Contact me via email or phone.,Refund,High,synthetic
TICK-005361,Are there any upcoming features planned for mobile tablet views? Please advise as soon as possible.,Product Inquiry,High,synthetic
TICK-003320,Where is my package? Tracking number 74847 shows no movement for 5 days. Appreciate a quick update on this.,Shipping,Medium,synthetic
TICK-002764,Order was canceled by system but refund has not posted to my account. Looking forward to your prompt response.,Refund,Medium,synthetic
TICK-001285,Double charge observed on my bank statement for invoice 75597. Thank you for your assistance.,Billing,Medium,synthetic
TICK-001311,There is a billing discrepancy on my recent statement for billing period Q1 2026. Appreciate a quick update on this.,Billing,High,synthetic
TICK-003751,Two-factor authentication code is not being received on my phone. Please advise as soon as possible.,Account,Medium,synthetic
TICK-001314,Can you update my credit card billing address and tax ID for billing? Appreciate a quick update on this.,Billing,Medium,synthetic
TICK-003124,"Express shipping paid, but package sent via standard economy post. Kindly look into this matter promptly.",Shipping,High,synthetic
TICK-005239,Does the cloud platform comply with SOC2 and HIPAA standards? Urgent attention required.,Product Inquiry,High,synthetic
TICK-002023,The desktop application freezes every time I click the save button.,Technical Support,Critical,synthetic
TICK-003288,Customs clearance is delaying package shipment at border transit. Please advise as soon as possible.,Shipping,Critical,synthetic
TICK-003959,My account has been locked due to multiple failed login attempts. Looking forward to your prompt response.,Account,High,synthetic
TICK-003415,My order 73065 was shipped to wrong delivery address. Please advise as soon as possible.,Shipping,High,synthetic
TICK-005134,Looking for comparison between standard and professional tiers. Urgent attention required.,Product Inquiry,Low,synthetic
TICK-004129,Two-factor authentication code is not being received on my phone. Thank you for your assistance.,Account,High,synthetic
TICK-002488,Order was canceled by system but refund has not posted to my account. Contact me via email or phone.,Refund,High,synthetic
TICK-004694,Escalating issue: product failed during critical presentation. Please advise as soon as possible.,Complaint,Medium,synthetic
TICK-003505,I need to change shipping address for order 12871 before dispatch.,Shipping,Low,synthetic
TICK-005445,Can you provide information on bulk licensing discounts for 500+ users? Kindly look into this matter promptly.,Product Inquiry,Low,synthetic
TICK-004462,Formal complaint regarding poor product build quality and support delay. Contact me via email or phone.,Complaint,Critical,synthetic
TICK-003273,"Express shipping paid, but package sent via standard economy post. Contact me via email or phone.",Shipping,Low,synthetic
TICK-002759,Service was down during our event. Requesting credit refund to account. Urgent attention required.,Refund,Low,synthetic
TICK-004411,Worst service experience ever! Unprofessional support team. Appreciate a quick update on this.,Complaint,Low,synthetic
TICK-001048,I need an official tax invoice and payment receipt for order 65108. Looking forward to your prompt response.,Billing,High,synthetic
TICK-003894,Unable to reset password via email link; link expired immediately. Appreciate a quick update on this.,Account,High,synthetic
TICK-005995,Requesting account closure and deletion of stored customer data. Looking forward to your prompt response.,Cancellation,Low,synthetic
TICK-004844,Misleading advertising regarding feature capabilities on sales page. Appreciate a quick update on this.,Complaint,Medium,synthetic
TICK-005465,Is this product compatible with macOS Sequoia and Apple Silicon?,Product Inquiry,Low,synthetic
TICK-003173,Customs clearance is delaying package shipment at border transit. Urgent attention required.,Shipping,High,synthetic
TICK-004069,How do I transfer account ownership to another administrator? Contact me via email or phone.,Account,High,synthetic
TICK-001810,The desktop application freezes every time I click the save button. Looking forward to your prompt response.,Technical Support,High,synthetic
TICK-002976,Delivery courier left parcel in rain without notification. Appreciate a quick update on this.,Shipping,Critical,synthetic
TICK-006048,Requesting account closure and deletion of stored customer data. Contact me via email or phone.,Cancellation,High,synthetic
TICK-002777,Service was down during our event. Requesting credit refund to account. Looking forward to your prompt response.,Refund,Medium,synthetic
TICK-002752,I demand a prompt refund for defective goods received yesterday.,Refund,High,synthetic
TICK-002367,Service was down during our event. Requesting credit refund to account. Kindly look into this matter promptly.,Refund,High,synthetic
TICK-005415,Does the cloud platform comply with SOC2 and HIPAA standards? Looking forward to your prompt response.,Product Inquiry,Medium,synthetic
TICK-001657,System crashed completely during export task showing error code AUTH_DENIED. Please advise as soon as possible.,Technical Support,Low,synthetic
TICK-006124,How do I cancel my order before it enters fulfillment phase? Contact me via email or phone.,Cancellation,Low,synthetic
TICK-002734,I requested a refund for order 71645 two weeks ago but haven't received it. Contact me via email or phone.,Refund,Critical,synthetic
TICK-002169,Bluetooth sync is failing between the hardware device and dashboard. Urgent attention required.,Technical Support,Medium,synthetic
TICK-005468,What are the hardware specifications required to run this software? Thank you for your assistance.,Product Inquiry,Low,synthetic
TICK-006150,Need assistance closing and permanently deleting my account. Kindly look into this matter promptly.,Cancellation,Medium,synthetic
TICK-002726,The product quality is sub-par and does not match description. Please refund. Kindly look into this matter promptly.,Refund,Low,synthetic
TICK-004310,Very dissatisfied with rude customer service representative on call. Kindly look into this matter promptly.,Complaint,High,synthetic
TICK-005587,I want to cancel my subscription effective immediately. Looking forward to your prompt response.,Cancellation,Medium,synthetic
TICK-003827,My profile settings fail to save changes. Please advise as soon as possible.,Account,Critical,synthetic
TICK-002823,I accidentally purchased the wrong subscription tier and need money back. Kindly look into this matter promptly.,Refund,High,synthetic
TICK-002579,I accidentally purchased the wrong subscription tier and need money back. Urgent attention required.,Refund,Medium,synthetic
TICK-005683,How do I cancel my order before it enters fulfillment phase?,Cancellation,Medium,synthetic
TICK-001755,VPN connection drops every 5 minutes unexpectedly. Looking forward to your prompt response.,Technical Support,Critical,synthetic
TICK-001412,I noticed an unauthorized charge of $499.0 on my monthly invoice. Contact me via email or phone.,Billing,High,synthetic
TICK-002812,I demand a prompt refund for defective goods received yesterday. Appreciate a quick update on this.,Refund,Medium,synthetic
TICK-004674,Escalating issue: product failed during critical presentation. Urgent attention required.,Complaint,Medium,synthetic
TICK-005817,Closing subscription due to missing essential features. Appreciate a quick update on this.,Cancellation,High,synthetic
TICK-004074,I cannot log into my account despite entering correct password. Looking forward to your prompt response.,Account,Low,synthetic
TICK-001994,The desktop application freezes every time I click the save button.,Technical Support,Medium,synthetic
TICK-005115,Where can I find user manuals and documentation for model PRO-772? Urgent attention required.,Product Inquiry,Low,synthetic
TICK-004271,System downtime caused business revenue loss for our team.,Complaint,High,synthetic
TICK-005936,Closing subscription due to missing essential features. Please advise as soon as possible.,Cancellation,Low,synthetic
TICK-002916,Returned package was delivered to warehouse. When will refund be processed? Contact me via email or phone.,Refund,Low,synthetic
TICK-003526,"Tracking indicates delivered, but package is missing from my doorstep. Urgent attention required.",Shipping,Low,synthetic
TICK-005849,I want to cancel my subscription effective immediately.,Cancellation,Medium,synthetic
TICK-001634,I need an official tax invoice and payment receipt for order 32686.,Billing,Medium,synthetic
TICK-005712,How do I cancel my order before it enters fulfillment phase? Appreciate a quick update on this.,Cancellation,High,synthetic
TICK-004687,Formal complaint regarding poor product build quality and support delay.,Complaint,Critical,synthetic
TICK-002013,Unable to connect to remote database server from IP address 192.168.152.92. Urgent attention required.,Technical Support,High,synthetic
TICK-001739,Software installation fails due to missing DLL files on Windows 11. Please advise as soon as possible.,Technical Support,High,synthetic
TICK-002127,Software installation fails due to missing DLL files on Windows 11. Looking forward to your prompt response.,Technical Support,Critical,synthetic
TICK-005425,Can you provide information on bulk licensing discounts for 500+ users? Looking forward to your prompt response.,Product Inquiry,Low,synthetic
TICK-003536,Package arrived with crushed outer box and broken contents. Looking forward to your prompt response.,Shipping,Low,synthetic
TICK-003922,Unable to reset password via email link; link expired immediately. Urgent attention required.,Account,High,synthetic
TICK-001798,Page load times are extremely slow and API calls are timing out. Urgent attention required.,Technical Support,High,synthetic
TICK-004726,Worst service experience ever! Unprofessional support team. Kindly look into this matter promptly.,Complaint,High,synthetic
TICK-004889,System downtime caused business revenue loss for our team. Kindly look into this matter promptly.,Complaint,Medium,synthetic
TICK-006073,Requesting account closure and deletion of stored customer data. Please advise as soon as possible.,Cancellation,Medium,synthetic
TICK-001068,I need an official tax invoice and payment receipt for order 23356. Please advise as soon as possible.,Billing,Medium,synthetic
TICK-004066,I cannot log into my account despite entering correct password. Looking forward to your prompt response.,Account,Critical,synthetic
TICK-003881,Received suspicious password reset email without requesting it. Thank you for your assistance.,Account,Low,synthetic
TICK-004280,Very dissatisfied with rude customer service representative on call. Thank you for your assistance.,Complaint,High,synthetic
TICK-003796,I cannot log into my account despite entering correct password. Contact me via email or phone.,Account,High,synthetic
TICK-005181,What is the warranty period and coverage for international orders? Looking forward to your prompt response.,Product Inquiry,Low,synthetic
TICK-003924,My account has been locked due to multiple failed login attempts. Urgent attention required.,Account,High,synthetic
TICK-005178,Does your enterprise plan support custom API integrations? Looking forward to your prompt response.,Product Inquiry,Low,synthetic
TICK-001244,There is a billing discrepancy on my recent statement for billing period Q1 2026. Please advise as soon as possible.,Billing,High,synthetic
TICK-005255,What are the hardware specifications required to run this software? Kindly look into this matter promptly.,Product Inquiry,Low,synthetic
TICK-005919,Need assistance closing and permanently deleting my account. Please advise as soon as possible.,Cancellation,Low,synthetic
TICK-003539,"Express shipping paid, but package sent via standard economy post. Appreciate a quick update on this.",Shipping,Medium,synthetic
TICK-005651,Need assistance closing and permanently deleting my account. Kindly look into this matter promptly.,Cancellation,Critical,synthetic
TICK-003495,Package arrived with crushed outer box and broken contents. Looking forward to your prompt response.,Shipping,High,synthetic
TICK-001613,I need an official tax invoice and payment receipt for order 46913. Please advise as soon as possible.,Billing,Medium,synthetic
TICK-002684,I requested a refund for order 66868 two weeks ago but haven't received it. Looking forward to your prompt response.,Refund,Low,synthetic
TICK-004888,Escalating issue: product failed during critical presentation. Contact me via email or phone.,Complaint,High,synthetic
TICK-001419,Can you update my credit card billing address and tax ID for billing? Urgent attention required.,Billing,Medium,synthetic
TICK-005590,Canceling contract due to budget constraints in our organization. Please advise as soon as possible.,Cancellation,Low,synthetic
TICK-003733,Two-factor authentication code is not being received on my phone. Please advise as soon as possible.,Account,High,synthetic
TICK-003852,I need to update my registered email address and phone number. Please advise as soon as possible.,Account,Medium,synthetic
TICK-003743,How do I transfer account ownership to another administrator? Appreciate a quick update on this.,Account,Low,synthetic
TICK-004999,Can I try out premium features during a free trial demo? Kindly look into this matter promptly.,Product Inquiry,Medium,synthetic
TICK-004604,Misleading advertising regarding feature capabilities on sales page. Kindly look into this matter promptly.,Complaint,Low,synthetic
TICK-001667,The web application keeps throwing 500 internal server errors when submitting forms.,Technical Support,Medium,synthetic
TICK-003312,Delivery courier left parcel in rain without notification. Kindly look into this matter promptly.,Shipping,Medium,synthetic
TICK-004963,Is this product compatible with macOS Sequoia and Apple Silicon? Urgent attention required.,Product Inquiry,Medium,synthetic
TICK-003055,I need to change shipping address for order 52539 before dispatch. Thank you for your assistance.,Shipping,High,synthetic
TICK-005200,Looking for comparison between standard and professional tiers. Looking forward to your prompt response.,Product Inquiry,High,synthetic
TICK-005929,Requesting account closure and deletion of stored customer data. Thank you for your assistance.,Cancellation,High,synthetic
TICK-005554,How do I cancel my order before it enters fulfillment phase? Please advise as soon as possible.,Cancellation,Low,synthetic
TICK-002176,Bluetooth sync is failing between the hardware device and dashboard. Thank you for your assistance.,Technical Support,Critical,synthetic
TICK-002979,International shipment stuck at distribution center for over a week. Urgent attention required.,Shipping,Low,synthetic
TICK-001126,Double charge observed on my bank statement for invoice 10371. Please advise as soon as possible.,Billing,Medium,synthetic
TICK-004834,Formal complaint regarding poor product build quality and support delay. Looking forward to your prompt response.,Complaint,High,synthetic
TICK-003681,I need to update my registered email address and phone number. Thank you for your assistance.,Account,High,synthetic
TICK-005094,Can I try out premium features during a free trial demo? Thank you for your assistance.,Product Inquiry,Low,synthetic
TICK-004020,My profile settings fail to save changes. Contact me via email or phone.,Account,High,synthetic
TICK-002645,"Charged after cancellation request, need immediate reimbursement. Contact me via email or phone.",Refund,Medium,synthetic
TICK-004006,Account permissions are misconfigured and user cannot access dashboard. Kindly look into this matter promptly.,Account,High,synthetic
TICK-002634,"Charged after cancellation request, need immediate reimbursement.",Refund,Critical,synthetic
TICK-002784,Service was down during our event. Requesting credit refund to account. Contact me via email or phone.,Refund,Medium,synthetic
TICK-004880,System downtime caused business revenue loss for our team. Contact me via email or phone.,Complaint,Critical,synthetic
TICK-005435,Can you provide information on bulk licensing discounts for 500+ users?,Product Inquiry,Low,synthetic
TICK-004985,Does the cloud platform comply with SOC2 and HIPAA standards? Contact me via email or phone.,Product Inquiry,Low,synthetic
TICK-002164,My internet is not working and the router LED is blinking red. Looking forward to your prompt response.,Technical Support,Medium,synthetic
TICK-002363,I requested a refund for order 47209 two weeks ago but haven't received it. Urgent attention required.,Refund,Medium,synthetic
TICK-005845,I want to cancel my subscription effective immediately. Thank you for your assistance.,Cancellation,Low,synthetic
TICK-004198,Single Sign-On (SSO) integration is failing for company domain. Urgent attention required.,Account,High,synthetic
TICK-002850,I requested a refund for order 62777 two weeks ago but haven't received it. Kindly look into this matter promptly.,Refund,High,synthetic
TICK-003077,Where is my package? Tracking number 46908 shows no movement for 5 days. Urgent attention required.,Shipping,Low,synthetic
TICK-003533,My order 77865 was shipped to wrong delivery address. Urgent attention required.,Shipping,Medium,synthetic
TICK-001400,I received a late payment penalty charge even though I paid on time.,Billing,Medium,synthetic
TICK-006079,Subscription cancellation button is missing from account settings page. Looking forward to your prompt response.,Cancellation,High,synthetic
TICK-005880,Need assistance closing and permanently deleting my account. Kindly look into this matter promptly.,Cancellation,Medium,synthetic
TICK-004183,I need to update my registered email address and phone number. Thank you for your assistance.,Account,Low,synthetic
TICK-004737,Formal complaint regarding poor product build quality and support delay. Appreciate a quick update on this.,Complaint,High,synthetic
TICK-003270,Estimated delivery date has passed but package has not arrived. Kindly look into this matter promptly.,Shipping,Critical,synthetic
TICK-002305,Item arrived damaged in transit. I want an immediate full refund. Thank you for your assistance.,Refund,High,synthetic
TICK-005923,Subscription cancellation button is missing from account settings page. Appreciate a quick update on this.,Cancellation,Medium,synthetic
TICK-003614,My account has been locked due to multiple failed login attempts. Kindly look into this matter promptly.,Account,High,synthetic
TICK-004001,Received suspicious password reset email without requesting it. Contact me via email or phone.,Account,High,synthetic
TICK-004946,Can I try out premium features during a free trial demo? Urgent attention required.,Product Inquiry,Low,synthetic
TICK-001946,My internet is not working and the router LED is blinking red. Contact me via email or phone.,Technical Support,Critical,synthetic
TICK-005517,Where can I find user manuals and documentation for model PRO-293? Contact me via email or phone.,Product Inquiry,Low,synthetic
TICK-001199,I noticed an unauthorized charge of $49.0 on my monthly invoice. Urgent attention required.,Billing,Medium,synthetic
TICK-003011,My order 82973 was shipped to wrong delivery address. Thank you for your assistance.,Shipping,Low,synthetic
TICK-002030,Mobile app keeps crashing on launch after updating to latest iOS/Android version. Appreciate a quick update on this.,Technical Support,Medium,synthetic
TICK-002964,"Tracking indicates delivered, but package is missing from my doorstep. Urgent attention required.",Shipping,Low,synthetic
TICK-001830,Page load times are extremely slow and API calls are timing out. Contact me via email or phone.,Technical Support,High,synthetic
TICK-003577,I need to change shipping address for order 40420 before dispatch. Appreciate a quick update on this.,Shipping,Low,synthetic
TICK-001402,I need an official tax invoice and payment receipt for order 32099. Looking forward to your prompt response.,Billing,Medium,synthetic
TICK-001834,My internet is not working and the router LED is blinking red. Please advise as soon as possible.,Technical Support,Critical,synthetic
TICK-004869,System downtime caused business revenue loss for our team. Contact me via email or phone.,Complaint,Low,synthetic
TICK-005735,Requesting account closure and deletion of stored customer data. Please advise as soon as possible.,Cancellation,Critical,synthetic
TICK-002708,Item arrived damaged in transit. I want an immediate full refund. Contact me via email or phone.,Refund,Medium,synthetic
TICK-001553,I am being billed for a service that was supposed to be free during trial. Thank you for your assistance.,Billing,Low,synthetic
TICK-004584,System downtime caused business revenue loss for our team. Looking forward to your prompt response.,Complaint,High,synthetic
TICK-005205,Can I try out premium features during a free trial demo? Thank you for your assistance.,Product Inquiry,Low,synthetic
TICK-004236,I need to update my registered email address and phone number. Appreciate a quick update on this.,Account,Low,synthetic
TICK-001685,My internet is not working and the router LED is blinking red. Contact me via email or phone.,Technical Support,High,synthetic
TICK-005788,How do I cancel my order before it enters fulfillment phase? Looking forward to your prompt response.,Cancellation,Critical,synthetic
TICK-005241,Looking for comparison between standard and professional tiers. Appreciate a quick update on this.,Product Inquiry,Low,synthetic
TICK-002179,Bluetooth sync is failing between the hardware device and dashboard.,Technical Support,High,synthetic
TICK-002347,"Charged after cancellation request, need immediate reimbursement.",Refund,Medium,synthetic
TICK-003223,"Tracking indicates delivered, but package is missing from my doorstep. Thank you for your assistance.",Shipping,Low,synthetic
TICK-005660,Subscription cancellation button is missing from account settings page. Appreciate a quick update on this.,Cancellation,High,synthetic
TICK-005376,Does your enterprise plan support custom API integrations? Looking forward to your prompt response.,Product Inquiry,Medium,synthetic
TICK-001742,My internet is not working and the router LED is blinking red. Please advise as soon as possible.,Technical Support,Critical,synthetic
TICK-002870,I accidentally purchased the wrong subscription tier and need money back. Thank you for your assistance.,Refund,Medium,synthetic
TICK-001507,I need an official tax invoice and payment receipt for order 40783. Kindly look into this matter promptly.,Billing,Medium,synthetic
TICK-001839,Mobile app keeps crashing on launch after updating to latest iOS/Android version. Contact me via email or phone.,Technical Support,Critical,synthetic
TICK-004805,No response to urgent tickets for 72 hours despite premium support SLA. Contact me via email or phone.,Complaint,Medium,synthetic
TICK-002588,I demand a prompt refund for defective goods received yesterday. Contact me via email or phone.,Refund,Low,synthetic
TICK-005652,Please turn off auto-renewal for my annual membership plan. Appreciate a quick update on this.,Cancellation,Medium,synthetic
TICK-002243,My internet is not working and the router LED is blinking red. Thank you for your assistance.,Technical Support,Medium,synthetic
TICK-002908,Returned package was delivered to warehouse. When will refund be processed? Please advise as soon as possible.,Refund,Medium,synthetic
TICK-005127,Where can I find user manuals and documentation for model PRO-689? Appreciate a quick update on this.,Product Inquiry,Low,synthetic
TICK-003580,"Tracking indicates delivered, but package is missing from my doorstep. Thank you for your assistance.",Shipping,Low,synthetic
TICK-003222,Package arrived with crushed outer box and broken contents. Urgent attention required.,Shipping,Low,synthetic
TICK-003864,I need to update my registered email address and phone number. Thank you for your assistance.,Account,Low,synthetic
TICK-005334,Can you provide information on bulk licensing discounts for 500+ users? Please advise as soon as possible.,Product Inquiry,Medium,synthetic
TICK-003923,Single Sign-On (SSO) integration is failing for company domain. Thank you for your assistance.,Account,Critical,synthetic
TICK-005390,Does your enterprise plan support custom API integrations? Kindly look into this matter promptly.,Product Inquiry,Medium,synthetic
TICK-005881,Closing subscription due to missing essential features. Kindly look into this matter promptly.,Cancellation,Critical,synthetic
TICK-001416,"My payment failed yesterday, but money was deducted from my bank account. Appreciate a quick update on this.",Billing,Medium,synthetic
TICK-003531,Estimated delivery date has passed but package has not arrived. Looking forward to your prompt response.,Shipping,High,synthetic
TICK-001443,I noticed an unauthorized charge of $499.0 on my monthly invoice. Appreciate a quick update on this.,Billing,High,synthetic
TICK-003906,Received suspicious password reset email without requesting it. Looking forward to your prompt response.,Account,High,synthetic
TICK-004577,Repeatedly transferred between agents without any resolution. Kindly look into this matter promptly.,Complaint,High,synthetic
TICK-001876,Software installation fails due to missing DLL files on Windows 11. Thank you for your assistance.,Technical Support,Critical,synthetic
TICK-002270,System crashed completely during export task showing error code ERR_502. Contact me via email or phone.,Technical Support,Low,synthetic
TICK-002266,Page load times are extremely slow and API calls are timing out. Kindly look into this matter promptly.,Technical Support,Critical,synthetic
TICK-005008,Can I try out premium features during a free trial demo? Looking forward to your prompt response.,Product Inquiry,Medium,synthetic
TICK-001431,There is a billing discrepancy on my recent statement for billing period Feb 2026. Looking forward to your prompt response.,Billing,Medium,synthetic
TICK-001238,I received a late payment penalty charge even though I paid on time. Thank you for your assistance.,Billing,Medium,synthetic
TICK-001389,I need an official tax invoice and payment receipt for order 98826. Please advise as soon as possible.,Billing,Medium,synthetic
TICK-005083,What are the hardware specifications required to run this software? Urgent attention required.,Product Inquiry,Medium,synthetic
TICK-002071,Page load times are extremely slow and API calls are timing out. Looking forward to your prompt response.,Technical Support,High,synthetic
TICK-005025,Can I try out premium features during a free trial demo? Thank you for your assistance.,Product Inquiry,Low,synthetic
TICK-003108,"Tracking indicates delivered, but package is missing from my doorstep. Contact me via email or phone.",Shipping,Medium,synthetic
TICK-005675,Please confirm cancellation of recurring billing for account 79489. Please advise as soon as possible.,Cancellation,Low,synthetic
TICK-003619,Account permissions are misconfigured and user cannot access dashboard. Kindly look into this matter promptly.,Account,High,synthetic
TICK-004067,How do I transfer account ownership to another administrator? Urgent attention required.,Account,High,synthetic
TICK-001677,System crashed completely during export task showing error code SOCKET_TIMEOUT.,Technical Support,High,synthetic
TICK-002044,The desktop application freezes every time I click the save button. Looking forward to your prompt response.,Technical Support,High,synthetic
TICK-001447,I received a late payment penalty charge even though I paid on time. Please advise as soon as possible.,Billing,Medium,synthetic
TICK-001116,Can you update my credit card billing address and tax ID for billing? Looking forward to your prompt response.,Billing,Critical,synthetic
TICK-002498,I requested a refund for order 80030 two weeks ago but haven't received it. Please advise as soon as possible.,Refund,High,synthetic
TICK-006094,Requesting account closure and deletion of stored customer data. Contact me via email or phone.,Cancellation,Medium,synthetic
TICK-001837,The web application keeps throwing 500 internal server errors when submitting forms. Thank you for your assistance.,Technical Support,Critical,synthetic
TICK-006129,We are switching to an alternative solution and wish to terminate service. Kindly look into this matter promptly.,Cancellation,Low,synthetic
TICK-004527,Escalating issue: product failed during critical presentation. Looking forward to your prompt response.,Complaint,Critical,synthetic
TICK-005666,How do I cancel my order before it enters fulfillment phase?,Cancellation,Critical,synthetic
TICK-004257,Appalled by lack of response to critical security vulnerability report. Kindly look into this matter promptly.,Complaint,Critical,synthetic
TICK-003630,Single Sign-On (SSO) integration is failing for company domain. Please advise as soon as possible.,Account,Low,synthetic
TICK-002810,I demand a prompt refund for defective goods received yesterday. Contact me via email or phone.,Refund,Medium,synthetic
TICK-005005,Where can I find user manuals and documentation for model PRO-594? Thank you for your assistance.,Product Inquiry,Low,synthetic
TICK-003689,I cannot log into my account despite entering correct password. Looking forward to your prompt response.,Account,Medium,synthetic
TICK-001266,I received a late payment penalty charge even though I paid on time. Thank you for your assistance.,Billing,High,synthetic
TICK-002740,Order was canceled by system but refund has not posted to my account. Thank you for your assistance.,Refund,High,synthetic
TICK-002762,The product quality is sub-par and does not match description. Please refund. Appreciate a quick update on this.,Refund,High,synthetic
TICK-001603,My credit card was charged twice for transaction 89689. Thank you for your assistance.,Billing,High,synthetic
TICK-003858,I cannot log into my account despite entering correct password. Looking forward to your prompt response.,Account,Critical,synthetic
TICK-005392,Can you provide information on bulk licensing discounts for 500+ users? Kindly look into this matter promptly.,Product Inquiry,High,synthetic
TICK-005087,What are the hardware specifications required to run this software? Thank you for your assistance.,Product Inquiry,Low,synthetic
TICK-005969,Requesting account closure and deletion of stored customer data. Contact me via email or phone.,Cancellation,Medium,synthetic
TICK-002677,Partial refund missing from my previous dispute case 14739. Looking forward to your prompt response.,Refund,Medium,synthetic
TICK-004544,System downtime caused business revenue loss for our team. Appreciate a quick update on this.,Complaint,High,synthetic
TICK-001902,Mobile app keeps crashing on launch after updating to latest iOS/Android version. Kindly look into this matter promptly.,Technical Support,High,synthetic
TICK-004258,Appalled by lack of response to critical security vulnerability report. Appreciate a quick update on this.,Complaint,High,synthetic
TICK-001577,I am being billed for a service that was supposed to be free during trial. Urgent attention required.,Billing,High,synthetic
TICK-001689,Bluetooth sync is failing between the hardware device and dashboard. Kindly look into this matter promptly.,Technical Support,Medium,synthetic
TICK-001977,The desktop application freezes every time I click the save button. Looking forward to your prompt response.,Technical Support,High,synthetic
TICK-001776,The web application keeps throwing 500 internal server errors when submitting forms. Urgent attention required.,Technical Support,Medium,synthetic
TICK-004854,Appalled by lack of response to critical security vulnerability report. Looking forward to your prompt response.,Complaint,Low,synthetic
TICK-002829,The product quality is sub-par and does not match description. Please refund. Please advise as soon as possible.,Refund,High,synthetic
TICK-003693,Single Sign-On (SSO) integration is failing for company domain.,Account,High,synthetic
TICK-005274,What are the hardware specifications required to run this software? Appreciate a quick update on this.,Product Inquiry,Low,synthetic
TICK-004840,Worst service experience ever! Unprofessional support team. Contact me via email or phone.,Complaint,Medium,synthetic
TICK-004829,Appalled by lack of response to critical security vulnerability report. Kindly look into this matter promptly.,Complaint,Medium,synthetic
TICK-005163,Are there any upcoming features planned for mobile tablet views? Kindly look into this matter promptly.,Product Inquiry,Low,synthetic
TICK-004480,Worst service experience ever! Unprofessional support team.,Complaint,Low,synthetic
TICK-004490,No response to urgent tickets for 72 hours despite premium support SLA. Urgent attention required.,Complaint,High,synthetic
TICK-002446,I accidentally purchased the wrong subscription tier and need money back. Contact me via email or phone.,Refund,High,synthetic
TICK-003475,Where is my package? Tracking number 40356 shows no movement for 5 days. Kindly look into this matter promptly.,Shipping,High,synthetic
TICK-001230,I received a late payment penalty charge even though I paid on time. Kindly look into this matter promptly.,Billing,High,synthetic
TICK-001890,Bluetooth sync is failing between the hardware device and dashboard. Urgent attention required.,Technical Support,Medium,synthetic
TICK-005802,Please confirm cancellation of recurring billing for account 98068. Kindly look into this matter promptly.,Cancellation,High,synthetic
TICK-002717,Partial refund missing from my previous dispute case 80070. Thank you for your assistance.,Refund,Medium,synthetic
TICK-001801,The desktop application freezes every time I click the save button. Urgent attention required.,Technical Support,High,synthetic
TICK-004905,What are the hardware specifications required to run this software? Please advise as soon as possible.,Product Inquiry,Medium,synthetic
TICK-005984,Requesting account closure and deletion of stored customer data. Thank you for your assistance.,Cancellation,Medium,synthetic
TICK-004388,Appalled by lack of response to critical security vulnerability report. Urgent attention required.,Complaint,Low,synthetic
TICK-001669,VPN connection drops every 5 minutes unexpectedly. Looking forward to your prompt response.,Technical Support,Critical,synthetic
TICK-005808,I want to cancel my subscription effective immediately. Looking forward to your prompt response.,Cancellation,High,synthetic
TICK-003052,"Tracking indicates delivered, but package is missing from my doorstep. Please advise as soon as possible.",Shipping,Medium,synthetic
TICK-003656,Account permissions are misconfigured and user cannot access dashboard.,Account,Low,synthetic
TICK-004019,My profile settings fail to save changes. Contact me via email or phone.,Account,High,synthetic
TICK-005733,Need assistance closing and permanently deleting my account. Please advise as soon as possible.,Cancellation,High,synthetic
TICK-004334,Very dissatisfied with rude customer service representative on call. Please advise as soon as possible.,Complaint,Medium,synthetic
TICK-005211,Where can I find user manuals and documentation for model PRO-334? Kindly look into this matter promptly.,Product Inquiry,Medium,synthetic
TICK-004109,How do I transfer account ownership to another administrator? Kindly look into this matter promptly.,Account,Low,synthetic
TICK-002681,Service was down during our event. Requesting credit refund to account. Thank you for your assistance.,Refund,Low,synthetic
TICK-002245,Mobile app keeps crashing on launch after updating to latest iOS/Android version. Please advise as soon as possible.,Technical Support,Medium,synthetic
TICK-003451,Customs clearance is delaying package shipment at border transit. Looking forward to your prompt response.,Shipping,Medium,synthetic
TICK-002596,Service was down during our event. Requesting credit refund to account. Please advise as soon as possible.,Refund,High,synthetic
TICK-001030,Double charge observed on my bank statement for invoice 42271. Kindly look into this matter promptly.,Billing,Critical,synthetic
TICK-004110,Account permissions are misconfigured and user cannot access dashboard. Kindly look into this matter promptly.,Account,Low,synthetic
TICK-003988,I need to update my registered email address and phone number. Contact me via email or phone.,Account,Critical,synthetic
TICK-001529,I am being billed for a service that was supposed to be free during trial. Appreciate a quick update on this.,Billing,Medium,synthetic
TICK-002414,Partial refund missing from my previous dispute case 24723. Contact me via email or phone.,Refund,High,synthetic
TICK-005692,Requesting account closure and deletion of stored customer data. Please advise as soon as possible.,Cancellation,Medium,synthetic
TICK-003658,Unable to reset password via email link; link expired immediately. Please advise as soon as possible.,Account,High,synthetic
TICK-002413,Returned package was delivered to warehouse. When will refund be processed? Thank you for your assistance.,Refund,Medium,synthetic
TICK-002852,The product quality is sub-par and does not match description. Please refund.,Refund,Critical,synthetic
TICK-004758,Misleading advertising regarding feature capabilities on sales page. Thank you for your assistance.,Complaint,Low,synthetic
TICK-001927,Unable to connect to remote database server from IP address 192.168.122.28.,Technical Support,High,synthetic
TICK-005573,How do I cancel my order before it enters fulfillment phase? Contact me via email or phone.,Cancellation,Medium,synthetic
TICK-002131,Page load times are extremely slow and API calls are timing out. Thank you for your assistance.,Technical Support,Medium,synthetic
TICK-004863,Agent closed my support ticket without resolving the actual issue. Contact me via email or phone.,Complaint,High,synthetic
TICK-001773,The web application keeps throwing 500 internal server errors when submitting forms. Looking forward to your prompt response.,Technical Support,High,synthetic
TICK-002881,The product quality is sub-par and does not match description. Please refund. Appreciate a quick update on this.,Refund,Medium,synthetic
TICK-001217,Can you update my credit card billing address and tax ID for billing? Looking forward to your prompt response.,Billing,High,synthetic
TICK-005819,Please turn off auto-renewal for my annual membership plan. Thank you for your assistance.,Cancellation,Medium,synthetic
TICK-003537,"Express shipping paid, but package sent via standard economy post. Urgent attention required.",Shipping,Medium,synthetic
TICK-005658,We are switching to an alternative solution and wish to terminate service.,Cancellation,High,synthetic
TICK-004222,I need to update my registered email address and phone number. Please advise as soon as possible.,Account,Critical,synthetic
TICK-004519,No response to urgent tickets for 72 hours despite premium support SLA.,Complaint,Medium,synthetic
TICK-005153,Where can I find user manuals and documentation for model PRO-183? Urgent attention required.,Product Inquiry,Low,synthetic
TICK-003455,"Tracking indicates delivered, but package is missing from my doorstep. Contact me via email or phone.",Shipping,High,synthetic
TICK-003594,Customs clearance is delaying package shipment at border transit. Kindly look into this matter promptly.,Shipping,Medium,synthetic
TICK-004214,Account permissions are misconfigured and user cannot access dashboard.,Account,High,synthetic
TICK-002817,I demand a prompt refund for defective goods received yesterday. Looking forward to your prompt response.,Refund,High,synthetic
TICK-005012,What is the warranty period and coverage for international orders? Thank you for your assistance.,Product Inquiry,Medium,synthetic
TICK-002792,Service was down during our event. Requesting credit refund to account. Please advise as soon as possible.,Refund,Medium,synthetic
TICK-005552,We are switching to an alternative solution and wish to terminate service. Urgent attention required.,Cancellation,High,synthetic
TICK-001915,Page load times are extremely slow and API calls are timing out. Appreciate a quick update on this.,Technical Support,High,synthetic
TICK-001873,Software installation fails due to missing DLL files on Windows 11. Looking forward to your prompt response.,Technical Support,Critical,synthetic
TICK-002217,The desktop application freezes every time I click the save button. Please advise as soon as possible.,Technical Support,Medium,synthetic
TICK-004649,Agent closed my support ticket without resolving the actual issue. Contact me via email or phone.,Complaint,High,synthetic
TICK-001924,VPN connection drops every 5 minutes unexpectedly. Please advise as soon as possible.,Technical Support,High,synthetic
TICK-004377,System downtime caused business revenue loss for our team. Appreciate a quick update on this.,Complaint,Medium,synthetic
TICK-003343,My order 67451 was shipped to wrong delivery address. Appreciate a quick update on this.,Shipping,Medium,synthetic
TICK-004486,Very dissatisfied with rude customer service representative on call. Thank you for your assistance.,Complaint,High,synthetic
TICK-003591,I need to change shipping address for order 18242 before dispatch. Please advise as soon as possible.,Shipping,Low,synthetic
TICK-003940,Account permissions are misconfigured and user cannot access dashboard. Please advise as soon as possible.,Account,Low,synthetic
TICK-004984,What are the hardware specifications required to run this software? Appreciate a quick update on this.,Product Inquiry,High,synthetic
TICK-002754,I requested a refund for order 36864 two weeks ago but haven't received it.,Refund,High,synthetic
TICK-005853,I want to cancel my subscription effective immediately.,Cancellation,Low,synthetic
TICK-005912,Need assistance closing and permanently deleting my account. Contact me via email or phone.,Cancellation,Low,synthetic
TICK-002569,I requested a refund for order 35551 two weeks ago but haven't received it. Please advise as soon as possible.,Refund,Medium,synthetic
TICK-004167,I cannot log into my account despite entering correct password. Appreciate a quick update on this.,Account,Low,synthetic
TICK-003465,Delivery courier left parcel in rain without notification. Appreciate a quick update on this.,Shipping,Critical,synthetic
TICK-005512,Looking for comparison between standard and professional tiers. Contact me via email or phone.,Product Inquiry,Low,synthetic
TICK-001929,Unable to connect to remote database server from IP address 192.168.75.169. Thank you for your assistance.,Technical Support,High,synthetic
TICK-001222,I need an official tax invoice and payment receipt for order 47649. Contact me via email or phone.,Billing,High,synthetic
TICK-003189,I need to change shipping address for order 11403 before dispatch. Kindly look into this matter promptly.,Shipping,Medium,synthetic
TICK-005866,Subscription cancellation button is missing from account settings page. Looking forward to your prompt response.,Cancellation,High,synthetic
TICK-003694,Unable to reset password via email link; link expired immediately. Urgent attention required.,Account,Medium,synthetic
TICK-003444,Estimated delivery date has passed but package has not arrived. Kindly look into this matter promptly.,Shipping,High,synthetic
TICK-005389,Where can I find user manuals and documentation for model PRO-622? Thank you for your assistance.,Product Inquiry,Low,synthetic
TICK-002750,I requested a refund for order 52909 two weeks ago but haven't received it. Urgent attention required.,Refund,Low,synthetic
TICK-005129,Where can I find user manuals and documentation for model PRO-739? Thank you for your assistance.,Product Inquiry,Low,synthetic
TICK-002241,Bluetooth sync is failing between the hardware device and dashboard.,Technical Support,High,synthetic
TICK-003997,My account has been locked due to multiple failed login attempts. Urgent attention required.,Account,Medium,synthetic
TICK-005337,What is the warranty period and coverage for international orders? Thank you for your assistance.,Product Inquiry,Low,synthetic
TICK-001991,Bluetooth sync is failing between the hardware device and dashboard. Urgent attention required.,Technical Support,High,synthetic
TICK-005999,Subscription cancellation button is missing from account settings page. Looking forward to your prompt response.,Cancellation,Critical,synthetic
TICK-002436,Partial refund missing from my previous dispute case 27014. Looking forward to your prompt response.,Refund,Medium,synthetic
TICK-002021,Bluetooth sync is failing between the hardware device and dashboard. Looking forward to your prompt response.,Technical Support,High,synthetic
TICK-005047,Is this product compatible with macOS Sequoia and Apple Silicon? Looking forward to your prompt response.,Product Inquiry,Low,synthetic
TICK-001161,Can you update my credit card billing address and tax ID for billing? Thank you for your assistance.,Billing,High,synthetic
TICK-003932,Unable to reset password via email link; link expired immediately. Appreciate a quick update on this.,Account,High,synthetic
TICK-001784,The desktop application freezes every time I click the save button. Looking forward to your prompt response.,Technical Support,Critical,synthetic
TICK-004373,Agent closed my support ticket without resolving the actual issue. Please advise as soon as possible.,Complaint,High,synthetic
TICK-005074,Does your enterprise plan support custom API integrations?,Product Inquiry,High,synthetic
TICK-002422,Order was canceled by system but refund has not posted to my account.,Refund,Medium,synthetic
TICK-005347,Can you provide information on bulk licensing discounts for 500+ users? Looking forward to your prompt response.,Product Inquiry,Medium,synthetic
TICK-002982,Customs clearance is delaying package shipment at border transit. Looking forward to your prompt response.,Shipping,Medium,synthetic
TICK-003513,Customs clearance is delaying package shipment at border transit. Appreciate a quick update on this.,Shipping,Medium,synthetic
TICK-003361,I need to change shipping address for order 27818 before dispatch. Contact me via email or phone.,Shipping,Medium,synthetic
TICK-001041,I need an official tax invoice and payment receipt for order 44970.,Billing,Medium,synthetic
TICK-005227,Where can I find user manuals and documentation for model PRO-343? Looking forward to your prompt response.,Product Inquiry,Low,synthetic
TICK-001928,The desktop application freezes every time I click the save button.,Technical Support,Low,synthetic
TICK-003769,Single Sign-On (SSO) integration is failing for company domain. Urgent attention required.,Account,High,synthetic
TICK-001494,Can you update my credit card billing address and tax ID for billing? Please advise as soon as possible.,Billing,Medium,synthetic
TICK-001559,Double charge observed on my bank statement for invoice 68066. Looking forward to your prompt response.,Billing,High,synthetic
TICK-006046,Closing subscription due to missing essential features. Looking forward to your prompt response.,Cancellation,Low,synthetic
TICK-001023,I received a late payment penalty charge even though I paid on time. Kindly look into this matter promptly.,Billing,High,synthetic
TICK-004704,Repeatedly transferred between agents without any resolution. Kindly look into this matter promptly.,Complaint,Medium,synthetic
TICK-001880,VPN connection drops every 5 minutes unexpectedly.,Technical Support,High,synthetic
TICK-004966,Does the cloud platform comply with SOC2 and HIPAA standards? Thank you for your assistance.,Product Inquiry,Low,synthetic
TICK-004427,Repeatedly transferred between agents without any resolution. Kindly look into this matter promptly.,Complaint,High,synthetic
TICK-004415,Misleading advertising regarding feature capabilities on sales page.,Complaint,Low,synthetic
TICK-004479,Appalled by lack of response to critical security vulnerability report. Contact me via email or phone.,Complaint,Critical,synthetic
TICK-002739,"Charged after cancellation request, need immediate reimbursement. Please advise as soon as possible.",Refund,High,synthetic
TICK-001596,"My payment failed yesterday, but money was deducted from my bank account.",Billing,Low,synthetic
TICK-005690,Please turn off auto-renewal for my annual membership plan. Urgent attention required.,Cancellation,Medium,synthetic
TICK-006010,I want to cancel my subscription effective immediately. Thank you for your assistance.,Cancellation,High,synthetic
TICK-004003,Single Sign-On (SSO) integration is failing for company domain. Contact me via email or phone.,Account,Critical,synthetic
TICK-003186,"Tracking indicates delivered, but package is missing from my doorstep. Please advise as soon as possible.",Shipping,Low,synthetic
TICK-005882,Canceling contract due to budget constraints in our organization.,Cancellation,Medium,synthetic
TICK-001228,I need an official tax invoice and payment receipt for order 10895. Appreciate a quick update on this.,Billing,High,synthetic
TICK-003438,International shipment stuck at distribution center for over a week.,Shipping,Low,synthetic
TICK-002060,Page load times are extremely slow and API calls are timing out. Appreciate a quick update on this.,Technical Support,Medium,synthetic
TICK-003562,International shipment stuck at distribution center for over a week. Appreciate a quick update on this.,Shipping,Critical,synthetic
TICK-004567,No response to urgent tickets for 72 hours despite premium support SLA. Please advise as soon as possible.,Complaint,Critical,synthetic
TICK-002860,The product quality is sub-par and does not match description. Please refund. Thank you for your assistance.,Refund,High,synthetic
TICK-003349,Customs clearance is delaying package shipment at border transit. Thank you for your assistance.,Shipping,Low,synthetic
TICK-005978,I want to cancel my subscription effective immediately. Contact me via email or phone.,Cancellation,Medium,synthetic
TICK-003067,I need to change shipping address for order 55365 before dispatch. Looking forward to your prompt response.,Shipping,Low,synthetic
TICK-001510,Double charge observed on my bank statement for invoice 26809. Kindly look into this matter promptly.,Billing,Medium,synthetic
TICK-001660,System crashed completely during export task showing error code ERR_502. Looking forward to your prompt response.,Technical Support,Low,synthetic
TICK-002897,I demand a prompt refund for defective goods received yesterday. Urgent attention required.,Refund,Critical,synthetic
TICK-001219,"My payment failed yesterday, but money was deducted from my bank account. Appreciate a quick update on this.",Billing,Medium,synthetic
TICK-002917,"Charged after cancellation request, need immediate reimbursement. Urgent attention required.",Refund,Medium,synthetic
TICK-002926,The product quality is sub-par and does not match description. Please refund. Urgent attention required.,Refund,High,synthetic
TICK-004014,Unable to reset password via email link; link expired immediately. Thank you for your assistance.,Account,Medium,synthetic
TICK-003138,Estimated delivery date has passed but package has not arrived.,Shipping,Medium,synthetic
TICK-001757,The desktop application freezes every time I click the save button. Thank you for your assistance.,Technical Support,High,synthetic
TICK-004012,I cannot log into my account despite entering correct password. Thank you for your assistance.,Account,Low,synthetic
TICK-005215,Looking for comparison between standard and professional tiers. Looking forward to your prompt response.,Product Inquiry,Medium,synthetic
TICK-004277,Repeatedly transferred between agents without any resolution. Please advise as soon as possible.,Complaint,Medium,synthetic
TICK-003809,My profile settings fail to save changes. Looking forward to your prompt response.,Account,High,synthetic
TICK-003257,Where is my package? Tracking number 95672 shows no movement for 5 days. Please advise as soon as possible.,Shipping,Low,synthetic
TICK-006026,Requesting account closure and deletion of stored customer data. Please advise as soon as possible.,Cancellation,Medium,synthetic
TICK-005221,Can I try out premium features during a free trial demo? Looking forward to your prompt response.,Product Inquiry,Low,synthetic
TICK-003833,How do I transfer account ownership to another administrator? Looking forward to your prompt response.,Account,High,synthetic
TICK-004657,No response to urgent tickets for 72 hours despite premium support SLA. Urgent attention required.,Complaint,Low,synthetic
TICK-001205,"My payment failed yesterday, but money was deducted from my bank account. Contact me via email or phone.",Billing,Medium,synthetic
TICK-002407,I requested a refund for order 93837 two weeks ago but haven't received it. Thank you for your assistance.,Refund,Medium,synthetic
TICK-004712,No response to urgent tickets for 72 hours despite premium support SLA. Looking forward to your prompt response.,Complaint,Critical,synthetic
TICK-005154,What are the hardware specifications required to run this software? Appreciate a quick update on this.,Product Inquiry,Medium,synthetic
TICK-006126,We are switching to an alternative solution and wish to terminate service. Looking forward to your prompt response.,Cancellation,Medium,synthetic
TICK-002888,Service was down during our event. Requesting credit refund to account. Urgent attention required.,Refund,Critical,synthetic
TICK-003486,International shipment stuck at distribution center for over a week. Appreciate a quick update on this.,Shipping,Medium,synthetic
TICK-004558,Very dissatisfied with rude customer service representative on call. Please advise as soon as possible.,Complaint,High,synthetic
TICK-001710,Software installation fails due to missing DLL files on Windows 11. Kindly look into this matter promptly.,Technical Support,High,synthetic
TICK-001622,I am being billed for a service that was supposed to be free during trial. Thank you for your assistance.,Billing,High,synthetic
TICK-005823,How do I cancel my order before it enters fulfillment phase? Please advise as soon as possible.,Cancellation,Medium,synthetic
TICK-001356,My credit card was charged twice for transaction 79002. Urgent attention required.,Billing,Critical,synthetic
TICK-005607,Need assistance closing and permanently deleting my account. Thank you for your assistance.,Cancellation,Medium,synthetic
TICK-004261,Worst service experience ever! Unprofessional support team.,Complaint,Medium,synthetic
TICK-002129,Bluetooth sync is failing between the hardware device and dashboard. Urgent attention required.,Technical Support,Critical,synthetic
TICK-004103,My account has been locked due to multiple failed login attempts. Looking forward to your prompt response.,Account,High,synthetic
TICK-005003,Can you provide information on bulk licensing discounts for 500+ users? Urgent attention required.,Product Inquiry,Low,synthetic
TICK-001522,I noticed an unauthorized charge of $49.0 on my monthly invoice. Appreciate a quick update on this.,Billing,High,synthetic
TICK-003857,Two-factor authentication code is not being received on my phone. Appreciate a quick update on this.,Account,High,synthetic
TICK-006100,Please turn off auto-renewal for my annual membership plan. Urgent attention required.,Cancellation,High,synthetic
TICK-004586,Appalled by lack of response to critical security vulnerability report. Thank you for your assistance.,Complaint,Critical,synthetic
TICK-005531,Can I try out premium features during a free trial demo? Thank you for your assistance.,Product Inquiry,High,synthetic
TICK-005268,Does the cloud platform comply with SOC2 and HIPAA standards? Kindly look into this matter promptly.,Product Inquiry,Low,synthetic
TICK-004956,What are the hardware specifications required to run this software? Appreciate a quick update on this.,Product Inquiry,Medium,synthetic
TICK-003366,Delivery courier left parcel in rain without notification. Urgent attention required.,Shipping,Medium,synthetic
TICK-004211,Unable to reset password via email link; link expired immediately.,Account,Low,synthetic
TICK-001067,My credit card was charged twice for transaction 50888. Thank you for your assistance.,Billing,High,synthetic
TICK-004201,Two-factor authentication code is not being received on my phone. Please advise as soon as possible.,Account,High,synthetic
TICK-006195,Please turn off auto-renewal for my annual membership plan. Please advise as soon as possible.,Cancellation,Critical,synthetic
TICK-005973,Please confirm cancellation of recurring billing for account 35427. Urgent attention required.,Cancellation,Medium,synthetic
TICK-001289,I received a late payment penalty charge even though I paid on time. Contact me via email or phone.,Billing,Medium,synthetic
TICK-005803,How do I cancel my order before it enters fulfillment phase?,Cancellation,Critical,synthetic
TICK-002116,Software installation fails due to missing DLL files on Windows 11. Please advise as soon as possible.,Technical Support,Medium,synthetic
TICK-005085,Does your enterprise plan support custom API integrations? Kindly look into this matter promptly.,Product Inquiry,Medium,synthetic
TICK-004790,Escalating issue: product failed during critical presentation. Appreciate a quick update on this.,Complaint,Medium,synthetic
TICK-003608,My profile settings fail to save changes. Thank you for your assistance.,Account,Low,synthetic
TICK-003395,My order 98715 was shipped to wrong delivery address. Thank you for your assistance.,Shipping,Medium,synthetic
TICK-005073,Where can I find user manuals and documentation for model PRO-405? Looking forward to your prompt response.,Product Inquiry,Low,synthetic
TICK-003246,International shipment stuck at distribution center for over a week. Appreciate a quick update on this.,Shipping,Low,synthetic
TICK-005185,Are there any upcoming features planned for mobile tablet views? Looking forward to your prompt response.,Product Inquiry,Medium,synthetic
TICK-005219,Is this product compatible with macOS Sequoia and Apple Silicon? Kindly look into this matter promptly.,Product Inquiry,Low,synthetic
TICK-002954,I need to change shipping address for order 78412 before dispatch.,Shipping,Critical,synthetic
TICK-002298,The desktop application freezes every time I click the save button.,Technical Support,Low,synthetic
TICK-004112,Two-factor authentication code is not being received on my phone. Contact me via email or phone.,Account,High,synthetic
TICK-004977,Are there any upcoming features planned for mobile tablet views? Kindly look into this matter promptly.,Product Inquiry,Low,synthetic
TICK-001433,I noticed an unauthorized charge of $19.99 on my monthly invoice.,Billing,High,synthetic
TICK-003063,International shipment stuck at distribution center for over a week. Thank you for your assistance.,Shipping,Low,synthetic
TICK-004092,I need to update my registered email address and phone number.,Account,Medium,synthetic
TICK-003239,Estimated delivery date has passed but package has not arrived. Kindly look into this matter promptly.,Shipping,Medium,synthetic
TICK-005841,Please confirm cancellation of recurring billing for account 97141. Kindly look into this matter promptly.,Cancellation,Low,synthetic
TICK-002437,"Charged after cancellation request, need immediate reimbursement. Kindly look into this matter promptly.",Refund,High,synthetic
TICK-001175,There is a billing discrepancy on my recent statement for billing period Jan 2026. Thank you for your assistance.,Billing,High,synthetic
TICK-003764,I cannot log into my account despite entering correct password. Appreciate a quick update on this.,Account,High,synthetic
TICK-004873,No response to urgent tickets for 72 hours despite premium support SLA.,Complaint,High,synthetic
TICK-001535,"My payment failed yesterday, but money was deducted from my bank account. Please advise as soon as possible.",Billing,Medium,synthetic
TICK-004783,Repeatedly transferred between agents without any resolution. Thank you for your assistance.,Complaint,High,synthetic
TICK-003856,My account has been locked due to multiple failed login attempts. Please advise as soon as possible.,Account,High,synthetic
TICK-001401,Why was I billed $249.5 when my plan is $29.99? Please advise as soon as possible.,Billing,Medium,synthetic
TICK-004914,Does the cloud platform comply with SOC2 and HIPAA standards? Kindly look into this matter promptly.,Product Inquiry,High,synthetic
TICK-003775,I cannot log into my account despite entering correct password. Kindly look into this matter promptly.,Account,High,synthetic
TICK-001472,I am being billed for a service that was supposed to be free during trial. Urgent attention required.,Billing,High,synthetic
TICK-001780,Page load times are extremely slow and API calls are timing out. Appreciate a quick update on this.,Technical Support,Low,synthetic
TICK-005191,Does your enterprise plan support custom API integrations? Thank you for your assistance.,Product Inquiry,Low,synthetic
TICK-005480,What is the warranty period and coverage for international orders?,Product Inquiry,Medium,synthetic
TICK-002296,The desktop application freezes every time I click the save button. Kindly look into this matter promptly.,Technical Support,High,synthetic
TICK-004140,How do I transfer account ownership to another administrator? Looking forward to your prompt response.,Account,High,synthetic
TICK-004316,Agent closed my support ticket without resolving the actual issue.,Complaint,Medium,synthetic
TICK-001160,I am being billed for a service that was supposed to be free during trial. Contact me via email or phone.,Billing,Medium,synthetic
TICK-001901,Software installation fails due to missing DLL files on Windows 11. Contact me via email or phone.,Technical Support,High,synthetic
TICK-003118,Customs clearance is delaying package shipment at border transit. Looking forward to your prompt response.,Shipping,High,synthetic
TICK-005809,Closing subscription due to missing essential features. Thank you for your assistance.,Cancellation,Medium,synthetic
TICK-001462,I noticed an unauthorized charge of $49.0 on my monthly invoice. Urgent attention required.,Billing,Medium,synthetic
TICK-001604,My credit card was charged twice for transaction 42075. Please advise as soon as possible.,Billing,High,synthetic
TICK-002452,Item arrived damaged in transit. I want an immediate full refund. Urgent attention required.,Refund,Medium,synthetic
TICK-005547,Does your enterprise plan support custom API integrations? Kindly look into this matter promptly.,Product Inquiry,Medium,synthetic
TICK-004650,Repeatedly transferred between agents without any resolution. Thank you for your assistance.,Complaint,Critical,synthetic
TICK-002499,Order was canceled by system but refund has not posted to my account. Contact me via email or phone.,Refund,Low,synthetic
TICK-001874,Software installation fails due to missing DLL files on Windows 11. Please advise as soon as possible.,Technical Support,Low,synthetic
TICK-004426,Escalating issue: product failed during critical presentation. Urgent attention required.,Complaint,High,synthetic
TICK-001651,The desktop application freezes every time I click the save button. Appreciate a quick update on this.,Technical Support,Medium,synthetic
TICK-001446,I need an official tax invoice and payment receipt for order 48558. Thank you for your assistance.,Billing,Medium,synthetic
TICK-001180,I received a late payment penalty charge even though I paid on time. Appreciate a quick update on this.,Billing,High,synthetic
TICK-004585,Very dissatisfied with rude customer service representative on call. Appreciate a quick update on this.,Complaint,Critical,synthetic
TICK-004105,Two-factor authentication code is not being received on my phone. Urgent attention required.,Account,High,synthetic
TICK-004082,I cannot log into my account despite entering correct password. Kindly look into this matter promptly.,Account,High,synthetic
TICK-006071,Requesting account closure and deletion of stored customer data.,Cancellation,Medium,synthetic
TICK-001612,I noticed an unauthorized charge of $499.0 on my monthly invoice. Contact me via email or phone.,Billing,Low,synthetic
TICK-001050,Why was I billed $19.99 when my plan is $29.99? Contact me via email or phone.,Billing,High,synthetic
TICK-001208,My credit card was charged twice for transaction 15100. Urgent attention required.,Billing,Medium,synthetic
TICK-004916,Can I try out premium features during a free trial demo?,Product Inquiry,High,synthetic
TICK-003919,How do I transfer account ownership to another administrator? Contact me via email or phone.,Account,High,synthetic
TICK-003702,Two-factor authentication code is not being received on my phone. Thank you for your assistance.,Account,Medium,synthetic
TICK-006171,Please confirm cancellation of recurring billing for account 42662.,Cancellation,Medium,synthetic
TICK-002507,Service was down during our event. Requesting credit refund to account. Thank you for your assistance.,Refund,Medium,synthetic
TICK-002037,System crashed completely during export task showing error code SOCKET_TIMEOUT.,Technical Support,High,synthetic
TICK-003952,How do I transfer account ownership to another administrator? Kindly look into this matter promptly.,Account,Medium,synthetic
TICK-004769,Formal complaint regarding poor product build quality and support delay. Kindly look into this matter promptly.,Complaint,High,synthetic
TICK-002146,Page load times are extremely slow and API calls are timing out.,Technical Support,High,synthetic
TICK-002493,Returned package was delivered to warehouse. When will refund be processed?,Refund,High,synthetic
TICK-005859,We are switching to an alternative solution and wish to terminate service.,Cancellation,Low,synthetic
TICK-004382,Repeatedly transferred between agents without any resolution. Please advise as soon as possible.,Complaint,High,synthetic
TICK-001749,Page load times are extremely slow and API calls are timing out. Kindly look into this matter promptly.,Technical Support,Medium,synthetic
TICK-002901,I demand a prompt refund for defective goods received yesterday. Looking forward to your prompt response.,Refund,Medium,synthetic
TICK-002211,System crashed completely during export task showing error code ERR_502.,Technical Support,Medium,synthetic
TICK-001362,I noticed an unauthorized charge of $49.0 on my monthly invoice. Urgent attention required.,Billing,High,synthetic
TICK-002356,I requested a refund for order 89249 two weeks ago but haven't received it. Contact me via email or phone.,Refund,Low,synthetic
TICK-003198,Delivery courier left parcel in rain without notification. Thank you for your assistance.,Shipping,High,synthetic
TICK-003325,International shipment stuck at distribution center for over a week. Looking forward to your prompt response.,Shipping,Medium,synthetic
TICK-005458,Does your enterprise plan support custom API integrations?,Product Inquiry,Medium,synthetic
TICK-001930,Mobile app keeps crashing on launch after updating to latest iOS/Android version. Urgent attention required.,Technical Support,High,synthetic
TICK-005031,Are there any upcoming features planned for mobile tablet views? Urgent attention required.,Product Inquiry,Low,synthetic
TICK-005934,How do I cancel my order before it enters fulfillment phase?,Cancellation,Medium,synthetic
TICK-001909,Software installation fails due to missing DLL files on Windows 11. Contact me via email or phone.,Technical Support,Medium,synthetic
TICK-005540,Does the cloud platform comply with SOC2 and HIPAA standards? Urgent attention required.,Product Inquiry,Low,synthetic
TICK-001477,I received a late payment penalty charge even though I paid on time. Please advise as soon as possible.,Billing,High,synthetic
TICK-003310,Delivery courier left parcel in rain without notification. Looking forward to your prompt response.,Shipping,Medium,synthetic
TICK-003237,I need to change shipping address for order 86284 before dispatch. Appreciate a quick update on this.,Shipping,Medium,synthetic
TICK-006192,How do I cancel my order before it enters fulfillment phase?,Cancellation,Low,synthetic
TICK-004447,Formal complaint regarding poor product build quality and support delay. Appreciate a quick update on this.,Complaint,Medium,synthetic
TICK-002643,I demand a prompt refund for defective goods received yesterday. Urgent attention required.,Refund,Low,synthetic
TICK-005114,Where can I find user manuals and documentation for model PRO-256? Contact me via email or phone.,Product Inquiry,Low,synthetic
TICK-004924,Where can I find user manuals and documentation for model PRO-116? Thank you for your assistance.,Product Inquiry,Low,synthetic
TICK-002369,"Charged after cancellation request, need immediate reimbursement. Looking forward to your prompt response.",Refund,Critical,synthetic
TICK-001190,Why was I billed $499.0 when my plan is $9.99?,Billing,Low,synthetic
TICK-005576,Requesting account closure and deletion of stored customer data.,Cancellation,Medium,synthetic
TICK-004634,Escalating issue: product failed during critical presentation. Kindly look into this matter promptly.,Complaint,High,synthetic
TICK-003707,My profile settings fail to save changes.,Account,High,synthetic
TICK-002724,I demand a prompt refund for defective goods received yesterday. Please advise as soon as possible.,Refund,High,synthetic
TICK-002210,System crashed completely during export task showing error code ERR_502. Thank you for your assistance.,Technical Support,Medium,synthetic
TICK-003298,Estimated delivery date has passed but package has not arrived. Appreciate a quick update on this.,Shipping,Medium,synthetic
TICK-004550,Agent closed my support ticket without resolving the actual issue. Appreciate a quick update on this.,Complaint,Medium,synthetic
TICK-003355,I need to change shipping address for order 75699 before dispatch. Appreciate a quick update on this.,Shipping,High,synthetic
TICK-006027,Canceling contract due to budget constraints in our organization. Contact me via email or phone.,Cancellation,High,synthetic
TICK-002323,I accidentally purchased the wrong subscription tier and need money back. Thank you for your assistance.,Refund,Medium,synthetic
TICK-003753,Received suspicious password reset email without requesting it. Contact me via email or phone.,Account,Critical,synthetic
TICK-003806,I cannot log into my account despite entering correct password. Looking forward to your prompt response.,Account,High,synthetic
TICK-001618,I received a late payment penalty charge even though I paid on time. Looking forward to your prompt response.,Billing,Low,synthetic
TICK-004778,Misleading advertising regarding feature capabilities on sales page. Kindly look into this matter promptly.,Complaint,Critical,synthetic
TICK-001381,There is a billing discrepancy on my recent statement for billing period Feb 2026. Kindly look into this matter promptly.,Billing,High,synthetic
TICK-002757,Service was down during our event. Requesting credit refund to account. Appreciate a quick update on this.,Refund,Medium,synthetic
TICK-005662,I want to cancel my subscription effective immediately. Appreciate a quick update on this.,Cancellation,Medium,synthetic
TICK-001298,"My payment failed yesterday, but money was deducted from my bank account.",Billing,High,synthetic
TICK-001371,Can you update my credit card billing address and tax ID for billing? Thank you for your assistance.,Billing,High,synthetic
TICK-005436,Does your enterprise plan support custom API integrations? Contact me via email or phone.,Product Inquiry,Medium,synthetic
TICK-001560,There is a billing discrepancy on my recent statement for billing period Q1 2026. Appreciate a quick update on this.,Billing,Medium,synthetic
TICK-003803,How do I transfer account ownership to another administrator? Thank you for your assistance.,Account,High,synthetic
TICK-002451,The product quality is sub-par and does not match description. Please refund. Contact me via email or phone.,Refund,High,synthetic
TICK-001557,Why was I billed $499.0 when my plan is $29.99? Kindly look into this matter promptly.,Billing,High,synthetic
TICK-004294,Very dissatisfied with rude customer service representative on call. Looking forward to your prompt response.,Complaint,High,synthetic
TICK-003192,Delivery courier left parcel in rain without notification. Urgent attention required.,Shipping,Critical,synthetic
TICK-001959,Software installation fails due to missing DLL files on Windows 11. Urgent attention required.,Technical Support,High,synthetic
TICK-002019,Unable to connect to remote database server from IP address 192.168.97.244. Thank you for your assistance.,Technical Support,Medium,synthetic
TICK-004168,Received suspicious password reset email without requesting it. Contact me via email or phone.,Account,High,synthetic
TICK-005055,What are the hardware specifications required to run this software? Kindly look into this matter promptly.,Product Inquiry,Low,synthetic
TICK-001881,Mobile app keeps crashing on launch after updating to latest iOS/Android version. Please advise as soon as possible.,Technical Support,Medium,synthetic
TICK-003792,I need to update my registered email address and phone number. Please advise as soon as possible.,Account,Medium,synthetic
TICK-001857,The web application keeps throwing 500 internal server errors when submitting forms. Urgent attention required.,Technical Support,Medium,synthetic
TICK-005687,We are switching to an alternative solution and wish to terminate service.,Cancellation,High,synthetic
TICK-001213,Can you update my credit card billing address and tax ID for billing?,Billing,High,synthetic
TICK-002244,Mobile app keeps crashing on launch after updating to latest iOS/Android version. Appreciate a quick update on this.,Technical Support,Medium,synthetic
TICK-001608,Why was I billed $99.99 when my plan is $29.99? Contact me via email or phone.,Billing,High,synthetic
TICK-004735,No response to urgent tickets for 72 hours despite premium support SLA. Thank you for your assistance.,Complaint,Medium,synthetic
TICK-002995,I need to change shipping address for order 93303 before dispatch. Contact me via email or phone.,Shipping,Medium,synthetic
TICK-003168,Customs clearance is delaying package shipment at border transit. Thank you for your assistance.,Shipping,Medium,synthetic
TICK-002393,Service was down during our event. Requesting credit refund to account. Contact me via email or phone.,Refund,Medium,synthetic
TICK-005052,Can I try out premium features during a free trial demo? Looking forward to your prompt response.,Product Inquiry,Low,synthetic
TICK-001404,I am being billed for a service that was supposed to be free during trial. Kindly look into this matter promptly.,Billing,Medium,synthetic
TICK-006166,We are switching to an alternative solution and wish to terminate service.,Cancellation,High,synthetic
TICK-004969,What is the warranty period and coverage for international orders? Thank you for your assistance.,Product Inquiry,Medium,synthetic
TICK-004545,Agent closed my support ticket without resolving the actual issue. Urgent attention required.,Complaint,High,synthetic
TICK-004044,Unable to reset password via email link; link expired immediately. Contact me via email or phone.,Account,High,synthetic
TICK-001923,VPN connection drops every 5 minutes unexpectedly. Looking forward to your prompt response.,Technical Support,Medium,synthetic
TICK-003492,Customs clearance is delaying package shipment at border transit. Please advise as soon as possible.,Shipping,High,synthetic
TICK-001593,I received a late payment penalty charge even though I paid on time. Please advise as soon as possible.,Billing,High,synthetic
TICK-005388,Does your enterprise plan support custom API integrations? Contact me via email or phone.,Product Inquiry,Low,synthetic
TICK-003639,Single Sign-On (SSO) integration is failing for company domain. Appreciate a quick update on this.,Account,High,synthetic
TICK-002406,I requested a refund for order 96431 two weeks ago but haven't received it. Looking forward to your prompt response.,Refund,Low,synthetic
TICK-001712,Unable to connect to remote database server from IP address 192.168.91.73. Urgent attention required.,Technical Support,High,synthetic
TICK-004915,Where can I find user manuals and documentation for model PRO-790? Kindly look into this matter promptly.,Product Inquiry,Low,synthetic
TICK-002625,I requested a refund for order 76872 two weeks ago but haven't received it. Appreciate a quick update on this.,Refund,High,synthetic
TICK-003419,Package arrived with crushed outer box and broken contents. Contact me via email or phone.,Shipping,Critical,synthetic
TICK-005366,What are the hardware specifications required to run this software? Thank you for your assistance.,Product Inquiry,Medium,synthetic
TICK-005742,Please turn off auto-renewal for my annual membership plan. Please advise as soon as possible.,Cancellation,Medium,synthetic
TICK-001628,I am being billed for a service that was supposed to be free during trial.,Billing,Low,synthetic
TICK-003938,Two-factor authentication code is not being received on my phone. Thank you for your assistance.,Account,High,synthetic
TICK-001563,I am being billed for a service that was supposed to be free during trial. Urgent attention required.,Billing,Medium,synthetic
TICK-004177,My profile settings fail to save changes. Urgent attention required.,Account,High,synthetic
TICK-005794,We are switching to an alternative solution and wish to terminate service. Appreciate a quick update on this.,Cancellation,High,synthetic
TICK-003901,My account has been locked due to multiple failed login attempts.,Account,Medium,synthetic
TICK-005874,Canceling contract due to budget constraints in our organization. Looking forward to your prompt response.,Cancellation,Low,synthetic
TICK-005019,What are the hardware specifications required to run this software?,Product Inquiry,Medium,synthetic
TICK-004441,Misleading advertising regarding feature capabilities on sales page. Please advise as soon as possible.,Complaint,Medium,synthetic
TICK-002814,I accidentally purchased the wrong subscription tier and need money back. Contact me via email or phone.,Refund,High,synthetic
TICK-004482,Formal complaint regarding poor product build quality and support delay. Contact me via email or phone.,Complaint,Medium,synthetic
TICK-004337,Repeatedly transferred between agents without any resolution.,Complaint,Low,synthetic
TICK-003151,"Tracking indicates delivered, but package is missing from my doorstep.",Shipping,Low,synthetic
TICK-003542,"Express shipping paid, but package sent via standard economy post. Contact me via email or phone.",Shipping,High,synthetic
TICK-004579,System downtime caused business revenue loss for our team. Contact me via email or phone.,Complaint,High,synthetic
TICK-004306,Repeatedly transferred between agents without any resolution. Urgent attention required.,Complaint,Medium,synthetic
TICK-002877,The product quality is sub-par and does not match description. Please refund.,Refund,Medium,synthetic
TICK-005888,Closing subscription due to missing essential features.,Cancellation,High,synthetic
TICK-001260,I am being billed for a service that was supposed to be free during trial. Looking forward to your prompt response.,Billing,Low,synthetic
TICK-004300,Agent closed my support ticket without resolving the actual issue. Appreciate a quick update on this.,Complaint,High,synthetic
TICK-005457,Is this product compatible with macOS Sequoia and Apple Silicon? Thank you for your assistance.,Product Inquiry,Medium,synthetic
TICK-004090,How do I transfer account ownership to another administrator? Contact me via email or phone.,Account,High,synthetic
TICK-004256,Repeatedly transferred between agents without any resolution. Please advise as soon as possible.,Complaint,High,synthetic
TICK-001223,My credit card was charged twice for transaction 32946. Appreciate a quick update on this.,Billing,High,synthetic
TICK-002495,I accidentally purchased the wrong subscription tier and need money back. Looking forward to your prompt response.,Refund,Medium,synthetic
TICK-006080,Requesting account closure and deletion of stored customer data. Appreciate a quick update on this.,Cancellation,High,synthetic
TICK-005632,Please confirm cancellation of recurring billing for account 81923. Kindly look into this matter promptly.,Cancellation,Low,synthetic
TICK-005638,Requesting account closure and deletion of stored customer data. Appreciate a quick update on this.,Cancellation,High,synthetic
TICK-001358,There is a billing discrepancy on my recent statement for billing period Jan 2026. Urgent attention required.,Billing,High,synthetic
TICK-004431,Appalled by lack of response to critical security vulnerability report. Looking forward to your prompt response.,Complaint,High,synthetic
TICK-004631,Agent closed my support ticket without resolving the actual issue. Thank you for your assistance.,Complaint,High,synthetic
TICK-004189,Single Sign-On (SSO) integration is failing for company domain. Appreciate a quick update on this.,Account,Medium,synthetic
TICK-005894,Need assistance closing and permanently deleting my account. Urgent attention required.,Cancellation,Medium,synthetic
TICK-001016,I am being billed for a service that was supposed to be free during trial. Appreciate a quick update on this.,Billing,Medium,synthetic
TICK-001552,Why was I billed $19.99 when my plan is $9.99? Looking forward to your prompt response.,Billing,High,synthetic
TICK-005110,What is the warranty period and coverage for international orders? Contact me via email or phone.,Product Inquiry,Low,synthetic
TICK-005970,Please confirm cancellation of recurring billing for account 25639. Thank you for your assistance.,Cancellation,High,synthetic
TICK-001383,Can you update my credit card billing address and tax ID for billing? Looking forward to your prompt response.,Billing,High,synthetic
TICK-003840,My profile settings fail to save changes. Please advise as soon as possible.,Account,Medium,synthetic
TICK-002962,Package arrived with crushed outer box and broken contents. Please advise as soon as possible.,Shipping,Medium,synthetic
TICK-002249,Software installation fails due to missing DLL files on Windows 11. Contact me via email or phone.,Technical Support,Medium,synthetic
TICK-005813,Need assistance closing and permanently deleting my account.,Cancellation,Medium,synthetic
TICK-004955,Are there any upcoming features planned for mobile tablet views?,Product Inquiry,Medium,synthetic
TICK-001611,Why was I billed $49.0 when my plan is $79.99?,Billing,High,synthetic
TICK-006105,Need assistance closing and permanently deleting my account. Thank you for your assistance.,Cancellation,Low,synthetic
TICK-002902,I requested a refund for order 84847 two weeks ago but haven't received it. Thank you for your assistance.,Refund,Low,synthetic
TICK-005062,What is the warranty period and coverage for international orders? Urgent attention required.,Product Inquiry,Low,synthetic
TICK-001020,Double charge observed on my bank statement for invoice 82603. Please advise as soon as possible.,Billing,Medium,synthetic
TICK-002746,I demand a prompt refund for defective goods received yesterday.,Refund,Critical,synthetic
TICK-004730,No response to urgent tickets for 72 hours despite premium support SLA. Please advise as soon as possible.,Complaint,Medium,synthetic
TICK-004789,No response to urgent tickets for 72 hours despite premium support SLA.,Complaint,Low,synthetic
TICK-004841,Formal complaint regarding poor product build quality and support delay. Urgent attention required.,Complaint,Critical,synthetic
TICK-003873,How do I transfer account ownership to another administrator? Appreciate a quick update on this.,Account,Medium,synthetic
TICK-002332,Partial refund missing from my previous dispute case 24136. Urgent attention required.,Refund,Critical,synthetic
TICK-002214,VPN connection drops every 5 minutes unexpectedly. Appreciate a quick update on this.,Technical Support,Critical,synthetic
TICK-001711,Software installation fails due to missing DLL files on Windows 11. Urgent attention required.,Technical Support,High,synthetic
TICK-006052,Need assistance closing and permanently deleting my account.,Cancellation,Medium,synthetic
TICK-005326,Are there any upcoming features planned for mobile tablet views? Contact me via email or phone.,Product Inquiry,Medium,synthetic
TICK-002729,Item arrived damaged in transit. I want an immediate full refund. Appreciate a quick update on this.,Refund,High,synthetic
TICK-001281,I received a late payment penalty charge even though I paid on time. Looking forward to your prompt response.,Billing,High,synthetic
TICK-002386,Service was down during our event. Requesting credit refund to account. Please advise as soon as possible.,Refund,High,synthetic
TICK-002617,Order was canceled by system but refund has not posted to my account. Looking forward to your prompt response.,Refund,High,synthetic
TICK-006004,I want to cancel my subscription effective immediately. Urgent attention required.,Cancellation,Medium,synthetic
TICK-003446,"Tracking indicates delivered, but package is missing from my doorstep. Contact me via email or phone.",Shipping,Medium,synthetic
TICK-002481,Service was down during our event. Requesting credit refund to account. Kindly look into this matter promptly.,Refund,High,synthetic
TICK-003822,My account has been locked due to multiple failed login attempts. Kindly look into this matter promptly.,Account,High,synthetic
TICK-002813,I requested a refund for order 25181 two weeks ago but haven't received it. Contact me via email or phone.,Refund,Medium,synthetic
TICK-001762,Bluetooth sync is failing between the hardware device and dashboard. Kindly look into this matter promptly.,Technical Support,Low,synthetic
TICK-001769,The desktop application freezes every time I click the save button. Urgent attention required.,Technical Support,High,synthetic
TICK-003225,International shipment stuck at distribution center for over a week. Thank you for your assistance.,Shipping,Medium,synthetic
TICK-005669,Subscription cancellation button is missing from account settings page. Please advise as soon as possible.,Cancellation,High,synthetic
TICK-004446,Formal complaint regarding poor product build quality and support delay. Looking forward to your prompt response.,Complaint,High,synthetic
TICK-004797,Misleading advertising regarding feature capabilities on sales page. Please advise as soon as possible.,Complaint,Medium,synthetic
TICK-004068,Two-factor authentication code is not being received on my phone.,Account,Medium,synthetic
TICK-001976,The web application keeps throwing 500 internal server errors when submitting forms. Thank you for your assistance.,Technical Support,Low,synthetic
TICK-003896,My profile settings fail to save changes. Please advise as soon as possible.,Account,High,synthetic
TICK-002292,Bluetooth sync is failing between the hardware device and dashboard.,Technical Support,High,synthetic
TICK-001418,Can you update my credit card billing address and tax ID for billing? Thank you for your assistance.,Billing,Medium,synthetic
TICK-001605,My credit card was charged twice for transaction 29054. Please advise as soon as possible.,Billing,Medium,synthetic
TICK-001760,Bluetooth sync is failing between the hardware device and dashboard. Kindly look into this matter promptly.,Technical Support,Medium,synthetic
TICK-003423,My order 44040 was shipped to wrong delivery address. Looking forward to your prompt response.,Shipping,High,synthetic
TICK-006074,Closing subscription due to missing essential features. Contact me via email or phone.,Cancellation,Low,synthetic
TICK-001549,I am being billed for a service that was supposed to be free during trial. Kindly look into this matter promptly.,Billing,High,synthetic
TICK-005941,Canceling contract due to budget constraints in our organization. Appreciate a quick update on this.,Cancellation,Medium,synthetic
TICK-003002,International shipment stuck at distribution center for over a week. Kindly look into this matter promptly.,Shipping,High,synthetic
TICK-006012,Need assistance closing and permanently deleting my account. Please advise as soon as possible.,Cancellation,High,synthetic
TICK-001558,I received a late payment penalty charge even though I paid on time. Urgent attention required.,Billing,High,synthetic
TICK-005193,Where can I find user manuals and documentation for model PRO-763? Urgent attention required.,Product Inquiry,Medium,synthetic
TICK-006107,Subscription cancellation button is missing from account settings page. Please advise as soon as possible.,Cancellation,Critical,synthetic
TICK-003899,Account permissions are misconfigured and user cannot access dashboard. Contact me via email or phone.,Account,High,synthetic
TICK-004417,Misleading advertising regarding feature capabilities on sales page.,Complaint,High,synthetic
TICK-003525,Package arrived with crushed outer box and broken contents. Looking forward to your prompt response.,Shipping,Medium,synthetic
TICK-004917,What are the hardware specifications required to run this software? Kindly look into this matter promptly.,Product Inquiry,Low,synthetic
TICK-005477,Looking for comparison between standard and professional tiers. Urgent attention required.,Product Inquiry,Low,synthetic
TICK-002101,System crashed completely during export task showing error code AUTH_DENIED. Thank you for your assistance.,Technical Support,Critical,synthetic
TICK-001601,Why was I billed $49.0 when my plan is $9.99?,Billing,Medium,synthetic
TICK-002793,I requested a refund for order 48191 two weeks ago but haven't received it. Kindly look into this matter promptly.,Refund,Low,synthetic
TICK-001725,Bluetooth sync is failing between the hardware device and dashboard.,Technical Support,High,synthetic
TICK-002614,Partial refund missing from my previous dispute case 69139. Please advise as soon as possible.,Refund,Critical,synthetic
TICK-003646,Received suspicious password reset email without requesting it. Appreciate a quick update on this.,Account,High,synthetic
TICK-003377,"Tracking indicates delivered, but package is missing from my doorstep. Looking forward to your prompt response.",Shipping,High,synthetic
TICK-001080,My credit card was charged twice for transaction 85243. Appreciate a quick update on this.,Billing,Critical,synthetic
TICK-003869,Single Sign-On (SSO) integration is failing for company domain. Contact me via email or phone.,Account,Low,synthetic
TICK-004868,System downtime caused business revenue loss for our team. Thank you for your assistance.,Complaint,Critical,synthetic
TICK-004602,Agent closed my support ticket without resolving the actual issue. Thank you for your assistance.,Complaint,High,synthetic
TICK-004083,Single Sign-On (SSO) integration is failing for company domain. Thank you for your assistance.,Account,Medium,synthetic
TICK-001105,My credit card was charged twice for transaction 90931. Looking forward to your prompt response.,Billing,Critical,synthetic
TICK-005186,Where can I find user manuals and documentation for model PRO-698? Please advise as soon as possible.,Product Inquiry,Low,synthetic
TICK-006119,Canceling contract due to budget constraints in our organization.,Cancellation,Medium,synthetic
TICK-004516,Formal complaint regarding poor product build quality and support delay. Please advise as soon as possible.,Complaint,Critical,synthetic
TICK-006121,Please turn off auto-renewal for my annual membership plan. Appreciate a quick update on this.,Cancellation,Medium,synthetic
TICK-004702,System downtime caused business revenue loss for our team. Looking forward to your prompt response.,Complaint,Medium,synthetic
TICK-002416,Returned package was delivered to warehouse. When will refund be processed? Appreciate a quick update on this.,Refund,Low,synthetic
TICK-001351,I am being billed for a service that was supposed to be free during trial. Please advise as soon as possible.,Billing,High,synthetic
TICK-004033,My profile settings fail to save changes. Contact me via email or phone.,Account,Medium,synthetic
TICK-005401,Is this product compatible with macOS Sequoia and Apple Silicon? Urgent attention required.,Product Inquiry,Low,synthetic
TICK-004543,Repeatedly transferred between agents without any resolution. Appreciate a quick update on this.,Complaint,High,synthetic
TICK-001122,Double charge observed on my bank statement for invoice 63492. Contact me via email or phone.,Billing,High,synthetic
TICK-003637,My profile settings fail to save changes. Appreciate a quick update on this.,Account,High,synthetic
TICK-001579,Double charge observed on my bank statement for invoice 45557. Appreciate a quick update on this.,Billing,High,synthetic
TICK-004150,My profile settings fail to save changes. Looking forward to your prompt response.,Account,High,synthetic
TICK-005011,Where can I find user manuals and documentation for model PRO-707?,Product Inquiry,High,synthetic
TICK-002619,I demand a prompt refund for defective goods received yesterday. Please advise as soon as possible.,Refund,Medium,synthetic
TICK-003167,I need to change shipping address for order 46922 before dispatch. Appreciate a quick update on this.,Shipping,High,synthetic
TICK-002010,My internet is not working and the router LED is blinking red. Looking forward to your prompt response.,Technical Support,Critical,synthetic
TICK-004530,Appalled by lack of response to critical security vulnerability report. Thank you for your assistance.,Complaint,Low,synthetic
TICK-005057,Looking for comparison between standard and professional tiers. Contact me via email or phone.,Product Inquiry,Medium,synthetic
TICK-003043,"Express shipping paid, but package sent via standard economy post. Looking forward to your prompt response.",Shipping,Medium,synthetic
TICK-001647,I noticed an unauthorized charge of $499.0 on my monthly invoice. Thank you for your assistance.,Billing,Medium,synthetic
TICK-005679,We are switching to an alternative solution and wish to terminate service. Urgent attention required.,Cancellation,Medium,synthetic
TICK-005967,Subscription cancellation button is missing from account settings page. Please advise as soon as possible.,Cancellation,Low,synthetic
TICK-002141,Page load times are extremely slow and API calls are timing out. Appreciate a quick update on this.,Technical Support,High,synthetic
TICK-005903,Subscription cancellation button is missing from account settings page. Urgent attention required.,Cancellation,Medium,synthetic
TICK-002670,"Charged after cancellation request, need immediate reimbursement.",Refund,Medium,synthetic
TICK-004220,My profile settings fail to save changes. Looking forward to your prompt response.,Account,High,synthetic
TICK-006141,Closing subscription due to missing essential features. Kindly look into this matter promptly.,Cancellation,Medium,synthetic
TICK-005307,Does your enterprise plan support custom API integrations? Contact me via email or phone.,Product Inquiry,Medium,synthetic
TICK-003044,Where is my package? Tracking number 10603 shows no movement for 5 days. Appreciate a quick update on this.,Shipping,Medium,synthetic
TICK-004823,Agent closed my support ticket without resolving the actual issue.,Complaint,High,synthetic
TICK-005048,Where can I find user manuals and documentation for model PRO-574? Urgent attention required.,Product Inquiry,Low,synthetic
TICK-005194,Is this product compatible with macOS Sequoia and Apple Silicon? Please advise as soon as possible.,Product Inquiry,Low,synthetic
TICK-002935,I accidentally purchased the wrong subscription tier and need money back.,Refund,Medium,synthetic
TICK-003534,Where is my package? Tracking number 59959 shows no movement for 5 days. Urgent attention required.,Shipping,Medium,synthetic
TICK-004775,Escalating issue: product failed during critical presentation. Contact me via email or phone.,Complaint,High,synthetic
TICK-004496,No response to urgent tickets for 72 hours despite premium support SLA. Please advise as soon as possible.,Complaint,Low,synthetic
TICK-004449,Appalled by lack of response to critical security vulnerability report. Urgent attention required.,Complaint,High,synthetic
TICK-005858,Canceling contract due to budget constraints in our organization. Urgent attention required.,Cancellation,Medium,synthetic
TICK-002854,"Charged after cancellation request, need immediate reimbursement. Appreciate a quick update on this.",Refund,Medium,synthetic
TICK-001910,Page load times are extremely slow and API calls are timing out. Contact me via email or phone.,Technical Support,Critical,synthetic
TICK-001962,VPN connection drops every 5 minutes unexpectedly. Urgent attention required.,Technical Support,Medium,synthetic
TICK-001147,My credit card was charged twice for transaction 52568. Thank you for your assistance.,Billing,Medium,synthetic
TICK-004060,Single Sign-On (SSO) integration is failing for company domain. Appreciate a quick update on this.,Account,High,synthetic
TICK-001024,I noticed an unauthorized charge of $49.0 on my monthly invoice. Appreciate a quick update on this.,Billing,Medium,synthetic
TICK-002927,I requested a refund for order 39076 two weeks ago but haven't received it. Kindly look into this matter promptly.,Refund,Critical,synthetic
TICK-005089,Does your enterprise plan support custom API integrations? Contact me via email or phone.,Product Inquiry,Low,synthetic
TICK-004825,System downtime caused business revenue loss for our team.,Complaint,High,synthetic
TICK-002676,Returned package was delivered to warehouse. When will refund be processed?,Refund,Medium,synthetic
TICK-001827,My internet is not working and the router LED is blinking red.,Technical Support,High,synthetic
TICK-003956,Two-factor authentication code is not being received on my phone. Kindly look into this matter promptly.,Account,High,synthetic
TICK-005948,Closing subscription due to missing essential features. Please advise as soon as possible.,Cancellation,High,synthetic
TICK-004879,Formal complaint regarding poor product build quality and support delay. Contact me via email or phone.,Complaint,High,synthetic
TICK-001587,Double charge observed on my bank statement for invoice 30715. Urgent attention required.,Billing,High,synthetic
TICK-003589,Package arrived with crushed outer box and broken contents. Looking forward to your prompt response.,Shipping,Low,synthetic
TICK-001203,"My payment failed yesterday, but money was deducted from my bank account. Kindly look into this matter promptly.",Billing,Low,synthetic
TICK-001104,I received a late payment penalty charge even though I paid on time.,Billing,High,synthetic
TICK-001209,Double charge observed on my bank statement for invoice 51750.,Billing,High,synthetic
TICK-005484,Can I try out premium features during a free trial demo? Thank you for your assistance.,Product Inquiry,Low,synthetic
TICK-005790,We are switching to an alternative solution and wish to terminate service. Urgent attention required.,Cancellation,Medium,synthetic
TICK-006134,Canceling contract due to budget constraints in our organization. Appreciate a quick update on this.,Cancellation,Low,synthetic
TICK-005550,Can you provide information on bulk licensing discounts for 500+ users? Contact me via email or phone.,Product Inquiry,Low,synthetic
TICK-002972,"Express shipping paid, but package sent via standard economy post. Please advise as soon as possible.",Shipping,Medium,synthetic
TICK-001091,Can you update my credit card billing address and tax ID for billing? Urgent attention required.,Billing,Medium,synthetic
TICK-003527,Customs clearance is delaying package shipment at border transit. Please advise as soon as possible.,Shipping,Medium,synthetic
TICK-004848,Escalating issue: product failed during critical presentation. Contact me via email or phone.,Complaint,High,synthetic
TICK-004987,Are there any upcoming features planned for mobile tablet views? Please advise as soon as possible.,Product Inquiry,Low,synthetic
TICK-003517,Delivery courier left parcel in rain without notification.,Shipping,Low,synthetic
TICK-003140,My order 38402 was shipped to wrong delivery address. Appreciate a quick update on this.,Shipping,Medium,synthetic
TICK-002699,I demand a prompt refund for defective goods received yesterday. Kindly look into this matter promptly.,Refund,Medium,synthetic
TICK-002594,Order was canceled by system but refund has not posted to my account. Looking forward to your prompt response.,Refund,Low,synthetic
TICK-001748,Mobile app keeps crashing on launch after updating to latest iOS/Android version. Thank you for your assistance.,Technical Support,Medium,synthetic
TICK-002441,"Charged after cancellation request, need immediate reimbursement. Appreciate a quick update on this.",Refund,High,synthetic
TICK-001461,Why was I billed $99.99 when my plan is $9.99? Looking forward to your prompt response.,Billing,High,synthetic
TICK-004680,Misleading advertising regarding feature capabilities on sales page. Looking forward to your prompt response.,Complaint,High,synthetic
TICK-001894,Page load times are extremely slow and API calls are timing out. Looking forward to your prompt response.,Technical Support,Low,synthetic
TICK-004864,No response to urgent tickets for 72 hours despite premium support SLA. Urgent attention required.,Complaint,Critical,synthetic
TICK-005596,Closing subscription due to missing essential features. Thank you for your assistance.,Cancellation,Medium,synthetic
TICK-001797,Unable to connect to remote database server from IP address 192.168.2.65. Looking forward to your prompt response.,Technical Support,Medium,synthetic
TICK-001824,Unable to connect to remote database server from IP address 192.168.167.62. Contact me via email or phone.,Technical Support,Low,synthetic
TICK-005549,What are the hardware specifications required to run this software?,Product Inquiry,Medium,synthetic
TICK-004720,Repeatedly transferred between agents without any resolution. Urgent attention required.,Complaint,Medium,synthetic
TICK-003766,Single Sign-On (SSO) integration is failing for company domain. Please advise as soon as possible.,Account,High,synthetic
TICK-003609,How do I transfer account ownership to another administrator? Looking forward to your prompt response.,Account,Critical,synthetic
TICK-005131,Looking for comparison between standard and professional tiers. Kindly look into this matter promptly.,Product Inquiry,Low,synthetic
TICK-003047,Estimated delivery date has passed but package has not arrived. Thank you for your assistance.,Shipping,Medium,synthetic
TICK-004172,I cannot log into my account despite entering correct password.,Account,Medium,synthetic
TICK-002774,I accidentally purchased the wrong subscription tier and need money back. Please advise as soon as possible.,Refund,High,synthetic
TICK-003945,I need to update my registered email address and phone number. Kindly look into this matter promptly.,Account,Medium,synthetic
TICK-003889,Unable to reset password via email link; link expired immediately. Contact me via email or phone.,Account,High,synthetic
TICK-004127,Two-factor authentication code is not being received on my phone. Contact me via email or phone.,Account,High,synthetic
TICK-004380,Repeatedly transferred between agents without any resolution. Appreciate a quick update on this.,Complaint,Critical,synthetic
TICK-004896,Repeatedly transferred between agents without any resolution. Please advise as soon as possible.,Complaint,Critical,synthetic
TICK-004348,Escalating issue: product failed during critical presentation. Urgent attention required.,Complaint,Critical,synthetic
TICK-001655,System crashed completely during export task showing error code ERR_502. Thank you for your assistance.,Technical Support,Low,synthetic
TICK-003949,Account permissions are misconfigured and user cannot access dashboard. Looking forward to your prompt response.,Account,High,synthetic
TICK-005869,Requesting account closure and deletion of stored customer data. Looking forward to your prompt response.,Cancellation,High,synthetic
TICK-004872,Misleading advertising regarding feature capabilities on sales page. Contact me via email or phone.,Complaint,Critical,synthetic
TICK-002660,Item arrived damaged in transit. I want an immediate full refund. Looking forward to your prompt response.,Refund,High,synthetic
TICK-003624,I need to update my registered email address and phone number. Urgent attention required.,Account,Medium,synthetic
TICK-001355,I need an official tax invoice and payment receipt for order 74517. Contact me via email or phone.,Billing,High,synthetic
TICK-003991,Account permissions are misconfigured and user cannot access dashboard. Looking forward to your prompt response.,Account,Medium,synthetic
TICK-004136,Received suspicious password reset email without requesting it. Contact me via email or phone.,Account,Medium,synthetic
TICK-003716,I cannot log into my account despite entering correct password. Appreciate a quick update on this.,Account,Medium,synthetic
TICK-003770,Unable to reset password via email link; link expired immediately. Please advise as soon as possible.,Account,High,synthetic
TICK-001290,I received a late payment penalty charge even though I paid on time. Thank you for your assistance.,Billing,High,synthetic
TICK-002054,Page load times are extremely slow and API calls are timing out. Looking forward to your prompt response.,Technical Support,High,synthetic
TICK-003238,Estimated delivery date has passed but package has not arrived.,Shipping,Critical,synthetic
TICK-003905,Two-factor authentication code is not being received on my phone. Contact me via email or phone.,Account,High,synthetic
TICK-005621,Canceling contract due to budget constraints in our organization. Urgent attention required.,Cancellation,Critical,synthetic
TICK-001582,I am being billed for a service that was supposed to be free during trial. Kindly look into this matter promptly.,Billing,Medium,synthetic
TICK-001536,I noticed an unauthorized charge of $99.99 on my monthly invoice. Thank you for your assistance.,Billing,Medium,synthetic
TICK-001598,Can you update my credit card billing address and tax ID for billing? Urgent attention required.,Billing,High,synthetic
TICK-004477,Repeatedly transferred between agents without any resolution. Appreciate a quick update on this.,Complaint,Critical,synthetic
TICK-005593,Closing subscription due to missing essential features. Kindly look into this matter promptly.,Cancellation,Low,synthetic
TICK-005217,Are there any upcoming features planned for mobile tablet views?,Product Inquiry,Medium,synthetic
TICK-001317,I noticed an unauthorized charge of $249.5 on my monthly invoice. Appreciate a quick update on this.,Billing,High,synthetic
TICK-001732,The desktop application freezes every time I click the save button. Urgent attention required.,Technical Support,High,synthetic
TICK-004940,Can you provide information on bulk licensing discounts for 500+ users? Appreciate a quick update on this.,Product Inquiry,Medium,synthetic
TICK-005680,Closing subscription due to missing essential features. Urgent attention required.,Cancellation,Low,synthetic
TICK-006058,Requesting account closure and deletion of stored customer data. Please advise as soon as possible.,Cancellation,Low,synthetic
TICK-001737,The desktop application freezes every time I click the save button. Urgent attention required.,Technical Support,Medium,synthetic
TICK-001468,There is a billing discrepancy on my recent statement for billing period Feb 2026. Urgent attention required.,Billing,High,synthetic
TICK-002380,"Charged after cancellation request, need immediate reimbursement. Kindly look into this matter promptly.",Refund,High,synthetic
TICK-003084,Estimated delivery date has passed but package has not arrived. Urgent attention required.,Shipping,High,synthetic
TICK-003013,Delivery courier left parcel in rain without notification. Please advise as soon as possible.,Shipping,High,synthetic
TICK-004007,I cannot log into my account despite entering correct password. Please advise as soon as possible.,Account,Medium,synthetic
TICK-001473,Why was I billed $49.0 when my plan is $9.99? Kindly look into this matter promptly.,Billing,Low,synthetic
TICK-005460,Can I try out premium features during a free trial demo? Thank you for your assistance.,Product Inquiry,Low,synthetic
TICK-002988,"Express shipping paid, but package sent via standard economy post. Thank you for your assistance.",Shipping,Medium,synthetic
TICK-002656,Item arrived damaged in transit. I want an immediate full refund.,Refund,Low,synthetic
TICK-001763,Page load times are extremely slow and API calls are timing out. Please advise as soon as possible.,Technical Support,Critical,synthetic
TICK-001721,Bluetooth sync is failing between the hardware device and dashboard. Looking forward to your prompt response.,Technical Support,Medium,synthetic
TICK-004502,Misleading advertising regarding feature capabilities on sales page. Please advise as soon as possible.,Complaint,High,synthetic
TICK-002610,"Charged after cancellation request, need immediate reimbursement.",Refund,High,synthetic
TICK-005195,Can I try out premium features during a free trial demo? Kindly look into this matter promptly.,Product Inquiry,Low,synthetic
TICK-002658,I accidentally purchased the wrong subscription tier and need money back. Appreciate a quick update on this.,Refund,Medium,synthetic
TICK-001129,I am being billed for a service that was supposed to be free during trial. Looking forward to your prompt response.,Billing,High,synthetic
TICK-004766,No response to urgent tickets for 72 hours despite premium support SLA. Appreciate a quick update on this.,Complaint,Critical,synthetic
TICK-001354,Double charge observed on my bank statement for invoice 51681. Urgent attention required.,Billing,High,synthetic
TICK-004930,Where can I find user manuals and documentation for model PRO-805? Looking forward to your prompt response.,Product Inquiry,Medium,synthetic
TICK-005897,Need assistance closing and permanently deleting my account. Looking forward to your prompt response.,Cancellation,High,synthetic
TICK-006068,How do I cancel my order before it enters fulfillment phase? Kindly look into this matter promptly.,Cancellation,Medium,synthetic
TICK-001040,Why was I billed $49.0 when my plan is $9.99? Looking forward to your prompt response.,Billing,High,synthetic
TICK-003890,Account permissions are misconfigured and user cannot access dashboard.,Account,Medium,synthetic
TICK-002334,Service was down during our event. Requesting credit refund to account. Urgent attention required.,Refund,Medium,synthetic
TICK-002100,VPN connection drops every 5 minutes unexpectedly. Kindly look into this matter promptly.,Technical Support,Low,synthetic
TICK-004718,System downtime caused business revenue loss for our team. Kindly look into this matter promptly.,Complaint,High,synthetic
TICK-005252,Does the cloud platform comply with SOC2 and HIPAA standards? Contact me via email or phone.,Product Inquiry,Low,synthetic
TICK-001766,The web application keeps throwing 500 internal server errors when submitting forms. Contact me via email or phone.,Technical Support,High,synthetic
TICK-004561,No response to urgent tickets for 72 hours despite premium support SLA.,Complaint,Critical,synthetic
TICK-001974,Unable to connect to remote database server from IP address 192.168.208.195. Appreciate a quick update on this.,Technical Support,Critical,synthetic
TICK-003413,Package arrived with crushed outer box and broken contents. Please advise as soon as possible.,Shipping,Medium,synthetic
TICK-005451,What is the warranty period and coverage for international orders? Kindly look into this matter promptly.,Product Inquiry,Low,synthetic
TICK-002317,The product quality is sub-par and does not match description. Please refund. Please advise as soon as possible.,Refund,Low,synthetic
TICK-001843,Mobile app keeps crashing on launch after updating to latest iOS/Android version. Urgent attention required.,Technical Support,Critical,synthetic
TICK-001044,I noticed an unauthorized charge of $49.0 on my monthly invoice. Kindly look into this matter promptly.,Billing,High,synthetic
TICK-006174,Subscription cancellation button is missing from account settings page. Urgent attention required.,Cancellation,Medium,synthetic
TICK-003422,Delivery courier left parcel in rain without notification. Kindly look into this matter promptly.,Shipping,High,synthetic
TICK-002878,Partial refund missing from my previous dispute case 25992. Urgent attention required.,Refund,High,synthetic
TICK-005878,Please confirm cancellation of recurring billing for account 17191. Looking forward to your prompt response.,Cancellation,Medium,synthetic
TICK-001684,Bluetooth sync is failing between the hardware device and dashboard. Appreciate a quick update on this.,Technical Support,Medium,synthetic
TICK-003382,Delivery courier left parcel in rain without notification. Please advise as soon as possible.,Shipping,Critical,synthetic
TICK-005646,Please confirm cancellation of recurring billing for account 19258.,Cancellation,High,synthetic
TICK-003005,I need to change shipping address for order 44295 before dispatch. Thank you for your assistance.,Shipping,Medium,synthetic
TICK-003898,How do I transfer account ownership to another administrator? Looking forward to your prompt response.,Account,High,synthetic
TICK-002087,The desktop application freezes every time I click the save button. Appreciate a quick update on this.,Technical Support,Critical,synthetic
TICK-001183,There is a billing discrepancy on my recent statement for billing period Q1 2026. Looking forward to your prompt response.,Billing,Medium,synthetic
TICK-004145,Single Sign-On (SSO) integration is failing for company domain. Please advise as soon as possible.,Account,High,synthetic
TICK-002204,Software installation fails due to missing DLL files on Windows 11. Kindly look into this matter promptly.,Technical Support,High,synthetic
TICK-002080,My internet is not working and the router LED is blinking red. Kindly look into this matter promptly.,Technical Support,Critical,synthetic
TICK-003807,Account permissions are misconfigured and user cannot access dashboard.,Account,High,synthetic
TICK-003813,Received suspicious password reset email without requesting it. Urgent attention required.,Account,Critical,synthetic
TICK-005567,We are switching to an alternative solution and wish to terminate service. Kindly look into this matter promptly.,Cancellation,Low,synthetic
TICK-003927,I need to update my registered email address and phone number. Appreciate a quick update on this.,Account,Medium,synthetic
TICK-003522,Estimated delivery date has passed but package has not arrived. Thank you for your assistance.,Shipping,High,synthetic
TICK-002557,The product quality is sub-par and does not match description. Please refund. Contact me via email or phone.,Refund,Low,synthetic
TICK-002940,I demand a prompt refund for defective goods received yesterday. Appreciate a quick update on this.,Refund,Critical,synthetic
TICK-005118,Are there any upcoming features planned for mobile tablet views? Contact me via email or phone.,Product Inquiry,Low,synthetic
TICK-001143,I noticed an unauthorized charge of $499.0 on my monthly invoice. Please advise as soon as possible.,Billing,Low,synthetic
TICK-005615,Closing subscription due to missing essential features.,Cancellation,High,synthetic
TICK-001318,I need an official tax invoice and payment receipt for order 82534. Please advise as soon as possible.,Billing,High,synthetic
TICK-002561,Service was down during our event. Requesting credit refund to account. Appreciate a quick update on this.,Refund,Medium,synthetic
TICK-004593,Misleading advertising regarding feature capabilities on sales page. Contact me via email or phone.,Complaint,Medium,synthetic
TICK-001495,My credit card was charged twice for transaction 21939. Contact me via email or phone.,Billing,Medium,synthetic
TICK-004484,Formal complaint regarding poor product build quality and support delay. Kindly look into this matter promptly.,Complaint,High,synthetic
TICK-004424,Agent closed my support ticket without resolving the actual issue. Thank you for your assistance.,Complaint,High,synthetic
TICK-002921,Item arrived damaged in transit. I want an immediate full refund.,Refund,High,synthetic
TICK-005179,What is the warranty period and coverage for international orders? Appreciate a quick update on this.,Product Inquiry,Medium,synthetic
TICK-002015,The desktop application freezes every time I click the save button. Appreciate a quick update on this.,Technical Support,Critical,synthetic
TICK-005511,Looking for comparison between standard and professional tiers. Please advise as soon as possible.,Product Inquiry,Low,synthetic
TICK-001532,I need an official tax invoice and payment receipt for order 63967. Looking forward to your prompt response.,Billing,High,synthetic
TICK-002274,The desktop application freezes every time I click the save button. Kindly look into this matter promptly.,Technical Support,High,synthetic
TICK-002331,Returned package was delivered to warehouse. When will refund be processed? Contact me via email or phone.,Refund,High,synthetic
TICK-002501,Order was canceled by system but refund has not posted to my account. Kindly look into this matter promptly.,Refund,Critical,synthetic
TICK-004899,System downtime caused business revenue loss for our team. Thank you for your assistance.,Complaint,High,synthetic
TICK-004414,Formal complaint regarding poor product build quality and support delay. Thank you for your assistance.,Complaint,High,synthetic
TICK-004960,Does the cloud platform comply with SOC2 and HIPAA standards? Please advise as soon as possible.,Product Inquiry,High,synthetic
TICK-001694,Software installation fails due to missing DLL files on Windows 11.,Technical Support,Critical,synthetic
TICK-001450,Why was I billed $499.0 when my plan is $79.99? Kindly look into this matter promptly.,Billing,Medium,synthetic
TICK-003358,Package arrived with crushed outer box and broken contents. Appreciate a quick update on this.,Shipping,High,synthetic
TICK-004392,Misleading advertising regarding feature capabilities on sales page. Please advise as soon as possible.,Complaint,Medium,synthetic
TICK-002679,I requested a refund for order 15768 two weeks ago but haven't received it. Looking forward to your prompt response.,Refund,High,synthetic
TICK-005289,Does your enterprise plan support custom API integrations? Kindly look into this matter promptly.,Product Inquiry,Low,synthetic
TICK-005260,Are there any upcoming features planned for mobile tablet views?,Product Inquiry,High,synthetic
TICK-002635,Partial refund missing from my previous dispute case 77763. Appreciate a quick update on this.,Refund,Medium,synthetic
TICK-005988,Need assistance closing and permanently deleting my account. Kindly look into this matter promptly.,Cancellation,Critical,synthetic
TICK-004049,My profile settings fail to save changes. Appreciate a quick update on this.,Account,Medium,synthetic
TICK-002082,System crashed completely during export task showing error code ERR_502. Kindly look into this matter promptly.,Technical Support,Low,synthetic
TICK-005385,Does your enterprise plan support custom API integrations? Urgent attention required.,Product Inquiry,Medium,synthetic
TICK-005058,What is the warranty period and coverage for international orders? Appreciate a quick update on this.,Product Inquiry,Medium,synthetic
TICK-003398,Customs clearance is delaying package shipment at border transit. Urgent attention required.,Shipping,Critical,synthetic
TICK-004813,Appalled by lack of response to critical security vulnerability report. Thank you for your assistance.,Complaint,High,synthetic
TICK-003148,"Tracking indicates delivered, but package is missing from my doorstep. Thank you for your assistance.",Shipping,Low,synthetic
TICK-004616,Formal complaint regarding poor product build quality and support delay. Thank you for your assistance.,Complaint,Medium,synthetic
TICK-003535,Customs clearance is delaying package shipment at border transit. Urgent attention required.,Shipping,Medium,synthetic
TICK-005158,Are there any upcoming features planned for mobile tablet views? Urgent attention required.,Product Inquiry,Low,synthetic
TICK-002374,The product quality is sub-par and does not match description. Please refund. Looking forward to your prompt response.,Refund,High,synthetic
TICK-003023,"Express shipping paid, but package sent via standard economy post. Please advise as soon as possible.",Shipping,Medium,synthetic
TICK-004777,Repeatedly transferred between agents without any resolution. Kindly look into this matter promptly.,Complaint,Medium,synthetic
TICK-003691,Unable to reset password via email link; link expired immediately. Urgent attention required.,Account,Medium,synthetic
TICK-001606,Why was I billed $99.99 when my plan is $79.99? Kindly look into this matter promptly.,Billing,Critical,synthetic
TICK-003400,"Express shipping paid, but package sent via standard economy post. Thank you for your assistance.",Shipping,Medium,synthetic
TICK-002492,"Charged after cancellation request, need immediate reimbursement. Thank you for your assistance.",Refund,Medium,synthetic
TICK-001912,The web application keeps throwing 500 internal server errors when submitting forms. Kindly look into this matter promptly.,Technical Support,High,synthetic
TICK-005649,We are switching to an alternative solution and wish to terminate service. Urgent attention required.,Cancellation,Medium,synthetic
TICK-001852,Page load times are extremely slow and API calls are timing out. Contact me via email or phone.,Technical Support,High,synthetic
TICK-001617,There is a billing discrepancy on my recent statement for billing period Feb 2026. Urgent attention required.,Billing,High,synthetic
TICK-003466,Customs clearance is delaying package shipment at border transit. Contact me via email or phone.,Shipping,High,synthetic
TICK-003876,I cannot log into my account despite entering correct password. Thank you for your assistance.,Account,High,synthetic
TICK-002434,"Charged after cancellation request, need immediate reimbursement. Urgent attention required.",Refund,Medium,synthetic
TICK-003397,Customs clearance is delaying package shipment at border transit. Please advise as soon as possible.,Shipping,Low,synthetic
TICK-005812,Need assistance closing and permanently deleting my account. Please advise as soon as possible.,Cancellation,Critical,synthetic
TICK-001262,My credit card was charged twice for transaction 22255. Urgent attention required.,Billing,Low,synthetic
TICK-003571,Delivery courier left parcel in rain without notification. Looking forward to your prompt response.,Shipping,Medium,synthetic
TICK-005677,Need assistance closing and permanently deleting my account. Please advise as soon as possible.,Cancellation,Low,synthetic
TICK-004111,Account permissions are misconfigured and user cannot access dashboard. Kindly look into this matter promptly.,Account,Medium,synthetic
TICK-003114,Customs clearance is delaying package shipment at border transit. Appreciate a quick update on this.,Shipping,Medium,synthetic
TICK-004434,Appalled by lack of response to critical security vulnerability report. Appreciate a quick update on this.,Complaint,High,synthetic
TICK-005785,Need assistance closing and permanently deleting my account. Please advise as soon as possible.,Cancellation,Low,synthetic
TICK-005164,Are there any upcoming features planned for mobile tablet views?,Product Inquiry,Low,synthetic
TICK-005822,Need assistance closing and permanently deleting my account. Contact me via email or phone.,Cancellation,Low,synthetic
TICK-004979,Where can I find user manuals and documentation for model PRO-447? Thank you for your assistance.,Product Inquiry,Low,synthetic
TICK-002606,Partial refund missing from my previous dispute case 24129. Appreciate a quick update on this.,Refund,High,synthetic
TICK-002992,Where is my package? Tracking number 45808 shows no movement for 5 days. Urgent attention required.,Shipping,Medium,synthetic
TICK-004301,Escalating issue: product failed during critical presentation. Kindly look into this matter promptly.,Complaint,Medium,synthetic
TICK-003459,"Tracking indicates delivered, but package is missing from my doorstep. Please advise as soon as possible.",Shipping,Medium,synthetic
TICK-002629,Returned package was delivered to warehouse. When will refund be processed? Looking forward to your prompt response.,Refund,Low,synthetic
TICK-003215,Estimated delivery date has passed but package has not arrived. Kindly look into this matter promptly.,Shipping,Low,synthetic
TICK-004881,Worst service experience ever! Unprofessional support team. Please advise as soon as possible.,Complaint,Medium,synthetic
TICK-002201,System crashed completely during export task showing error code SOCKET_TIMEOUT. Looking forward to your prompt response.,Technical Support,High,synthetic
TICK-004573,Escalating issue: product failed during critical presentation. Contact me via email or phone.,Complaint,High,synthetic
TICK-005430,Does the cloud platform comply with SOC2 and HIPAA standards? Appreciate a quick update on this.,Product Inquiry,Medium,synthetic
TICK-006146,Please turn off auto-renewal for my annual membership plan.,Cancellation,Medium,synthetic
TICK-005883,Please confirm cancellation of recurring billing for account 51892. Appreciate a quick update on this.,Cancellation,Medium,synthetic
TICK-003076,My order 11827 was shipped to wrong delivery address. Urgent attention required.,Shipping,Medium,synthetic
TICK-004354,No response to urgent tickets for 72 hours despite premium support SLA. Urgent attention required.,Complaint,Medium,synthetic
TICK-002040,My internet is not working and the router LED is blinking red. Contact me via email or phone.,Technical Support,High,synthetic
TICK-005254,Is this product compatible with macOS Sequoia and Apple Silicon? Thank you for your assistance.,Product Inquiry,Low,synthetic
TICK-005296,What are the hardware specifications required to run this software? Please advise as soon as possible.,Product Inquiry,Low,synthetic
TICK-005804,Closing subscription due to missing essential features. Urgent attention required.,Cancellation,Critical,synthetic
TICK-001680,Bluetooth sync is failing between the hardware device and dashboard. Urgent attention required.,Technical Support,High,synthetic
TICK-001690,Unable to connect to remote database server from IP address 192.168.121.150. Please advise as soon as possible.,Technical Support,Critical,synthetic
TICK-002874,Service was down during our event. Requesting credit refund to account. Appreciate a quick update on this.,Refund,Medium,synthetic
TICK-002866,Partial refund missing from my previous dispute case 61534. Appreciate a quick update on this.,Refund,Low,synthetic
TICK-005173,What is the warranty period and coverage for international orders? Looking forward to your prompt response.,Product Inquiry,Low,synthetic
TICK-004401,Worst service experience ever! Unprofessional support team. Urgent attention required.,Complaint,Critical,synthetic
TICK-001889,Unable to connect to remote database server from IP address 192.168.81.2. Contact me via email or phone.,Technical Support,Medium,synthetic
TICK-004156,I need to update my registered email address and phone number.,Account,High,synthetic
TICK-004794,Escalating issue: product failed during critical presentation. Thank you for your assistance.,Complaint,Medium,synthetic
TICK-004745,No response to urgent tickets for 72 hours despite premium support SLA. Appreciate a quick update on this.,Complaint,Medium,synthetic
TICK-004071,Unable to reset password via email link; link expired immediately. Urgent attention required.,Account,Medium,synthetic
TICK-001736,My internet is not working and the router LED is blinking red. Kindly look into this matter promptly.,Technical Support,Medium,synthetic
TICK-005327,Where can I find user manuals and documentation for model PRO-969? Thank you for your assistance.,Product Inquiry,High,synthetic
TICK-005352,What are the hardware specifications required to run this software? Appreciate a quick update on this.,Product Inquiry,Medium,synthetic
TICK-005281,Are there any upcoming features planned for mobile tablet views? Looking forward to your prompt response.,Product Inquiry,Low,synthetic
TICK-002109,VPN connection drops every 5 minutes unexpectedly. Urgent attention required.,Technical Support,Low,synthetic
TICK-001331,I received a late payment penalty charge even though I paid on time. Kindly look into this matter promptly.,Billing,Medium,synthetic
TICK-004032,I need to update my registered email address and phone number. Urgent attention required.,Account,Low,synthetic
TICK-005846,Need assistance closing and permanently deleting my account. Kindly look into this matter promptly.,Cancellation,Medium,synthetic
TICK-002763,Order was canceled by system but refund has not posted to my account. Please advise as soon as possible.,Refund,Medium,synthetic
TICK-003143,My order 93287 was shipped to wrong delivery address. Looking forward to your prompt response.,Shipping,Medium,synthetic
TICK-004696,System downtime caused business revenue loss for our team.,Complaint,Low,synthetic
TICK-001113,"My payment failed yesterday, but money was deducted from my bank account. Urgent attention required.",Billing,High,synthetic
TICK-002671,Order was canceled by system but refund has not posted to my account. Contact me via email or phone.,Refund,Critical,synthetic
TICK-003362,"Express shipping paid, but package sent via standard economy post. Urgent attention required.",Shipping,Medium,synthetic
TICK-004941,Looking for comparison between standard and professional tiers. Kindly look into this matter promptly.,Product Inquiry,Low,synthetic
TICK-003418,"Tracking indicates delivered, but package is missing from my doorstep. Urgent attention required.",Shipping,Low,synthetic
TICK-002937,Partial refund missing from my previous dispute case 98652. Please advise as soon as possible.,Refund,Medium,synthetic
TICK-003683,How do I transfer account ownership to another administrator? Kindly look into this matter promptly.,Account,High,synthetic
TICK-001511,Why was I billed $19.99 when my plan is $79.99? Please advise as soon as possible.,Billing,High,synthetic
TICK-002291,VPN connection drops every 5 minutes unexpectedly. Kindly look into this matter promptly.,Technical Support,High,synthetic
TICK-005234,Does your enterprise plan support custom API integrations? Kindly look into this matter promptly.,Product Inquiry,Low,synthetic
TICK-004358,Worst service experience ever! Unprofessional support team. Kindly look into this matter promptly.,Complaint,High,synthetic
TICK-002486,Service was down during our event. Requesting credit refund to account. Thank you for your assistance.,Refund,Medium,synthetic
TICK-001396,Can you update my credit card billing address and tax ID for billing? Urgent attention required.,Billing,Medium,synthetic
TICK-001764,Page load times are extremely slow and API calls are timing out. Contact me via email or phone.,Technical Support,Medium,synthetic
TICK-002004,Page load times are extremely slow and API calls are timing out.,Technical Support,High,synthetic
TICK-001589,My credit card was charged twice for transaction 90213. Please advise as soon as possible.,Billing,Medium,synthetic
TICK-002688,Order was canceled by system but refund has not posted to my account. Appreciate a quick update on this.,Refund,Medium,synthetic
TICK-005374,Does your enterprise plan support custom API integrations? Please advise as soon as possible.,Product Inquiry,Low,synthetic
TICK-002219,The web application keeps throwing 500 internal server errors when submitting forms. Urgent attention required.,Technical Support,Medium,synthetic
TICK-006183,Canceling contract due to budget constraints in our organization. Appreciate a quick update on this.,Cancellation,High,synthetic
TICK-005340,Looking for comparison between standard and professional tiers. Kindly look into this matter promptly.,Product Inquiry,Medium,synthetic
TICK-006200,We are switching to an alternative solution and wish to terminate service. Urgent attention required.,Cancellation,High,synthetic
TICK-005972,Canceling contract due to budget constraints in our organization. Looking forward to your prompt response.,Cancellation,High,synthetic
TICK-003334,My order 63354 was shipped to wrong delivery address. Urgent attention required.,Shipping,Low,synthetic
TICK-003685,My account has been locked due to multiple failed login attempts. Thank you for your assistance.,Account,High,synthetic
TICK-006101,Canceling contract due to budget constraints in our organization. Urgent attention required.,Cancellation,Critical,synthetic
TICK-001699,System crashed completely during export task showing error code ERR_502. Urgent attention required.,Technical Support,Critical,synthetic
TICK-004335,System downtime caused business revenue loss for our team.,Complaint,Critical,synthetic
TICK-004308,Worst service experience ever! Unprofessional support team. Thank you for your assistance.,Complaint,Medium,synthetic
TICK-005635,How do I cancel my order before it enters fulfillment phase? Appreciate a quick update on this.,Cancellation,Low,synthetic
TICK-005864,We are switching to an alternative solution and wish to terminate service. Looking forward to your prompt response.,Cancellation,Medium,synthetic
TICK-002083,The web application keeps throwing 500 internal server errors when submitting forms. Urgent attention required.,Technical Support,Low,synthetic
TICK-004467,Agent closed my support ticket without resolving the actual issue. Kindly look into this matter promptly.,Complaint,Critical,synthetic
TICK-002025,Page load times are extremely slow and API calls are timing out. Urgent attention required.,Technical Support,High,synthetic
TICK-004551,Agent closed my support ticket without resolving the actual issue. Kindly look into this matter promptly.,Complaint,Critical,synthetic
TICK-001891,The web application keeps throwing 500 internal server errors when submitting forms. Kindly look into this matter promptly.,Technical Support,Critical,synthetic
TICK-006153,Closing subscription due to missing essential features.,Cancellation,Medium,synthetic
TICK-002439,The product quality is sub-par and does not match description. Please refund. Please advise as soon as possible.,Refund,Low,synthetic
TICK-005350,What is the warranty period and coverage for international orders? Thank you for your assistance.,Product Inquiry,Low,synthetic
TICK-005416,Looking for comparison between standard and professional tiers. Kindly look into this matter promptly.,Product Inquiry,Low,synthetic
TICK-003604,Single Sign-On (SSO) integration is failing for company domain. Thank you for your assistance.,Account,Medium,synthetic
TICK-003216,My order 24020 was shipped to wrong delivery address. Contact me via email or phone.,Shipping,High,synthetic
TICK-004835,Very dissatisfied with rude customer service representative on call. Thank you for your assistance.,Complaint,Medium,synthetic
TICK-005333,What are the hardware specifications required to run this software? Kindly look into this matter promptly.,Product Inquiry,High,synthetic
TICK-006175,We are switching to an alternative solution and wish to terminate service. Kindly look into this matter promptly.,Cancellation,Low,synthetic
TICK-003328,Estimated delivery date has passed but package has not arrived.,Shipping,Medium,synthetic
TICK-002626,The product quality is sub-par and does not match description. Please refund.,Refund,Medium,synthetic
TICK-001171,Double charge observed on my bank statement for invoice 79176. Contact me via email or phone.,Billing,Medium,synthetic
TICK-002423,I accidentally purchased the wrong subscription tier and need money back. Thank you for your assistance.,Refund,Low,synthetic
TICK-005414,Looking for comparison between standard and professional tiers. Urgent attention required.,Product Inquiry,Low,synthetic
TICK-005109,Does the cloud platform comply with SOC2 and HIPAA standards? Appreciate a quick update on this.,Product Inquiry,Medium,synthetic
TICK-002534,Item arrived damaged in transit. I want an immediate full refund. Thank you for your assistance.,Refund,Critical,synthetic
TICK-001243,I am being billed for a service that was supposed to be free during trial. Kindly look into this matter promptly.,Billing,High,synthetic
TICK-001735,Software installation fails due to missing DLL files on Windows 11. Thank you for your assistance.,Technical Support,Critical,synthetic
TICK-001800,System crashed completely during export task showing error code AUTH_DENIED. Appreciate a quick update on this.,Technical Support,High,synthetic
TICK-003641,Received suspicious password reset email without requesting it. Appreciate a quick update on this.,Account,High,synthetic
TICK-002403,Service was down during our event. Requesting credit refund to account. Please advise as soon as possible.,Refund,Medium,synthetic
TICK-003347,Where is my package? Tracking number 32042 shows no movement for 5 days. Urgent attention required.,Shipping,High,synthetic
TICK-005509,Can I try out premium features during a free trial demo? Kindly look into this matter promptly.,Product Inquiry,Low,synthetic
TICK-001659,Bluetooth sync is failing between the hardware device and dashboard. Contact me via email or phone.,Technical Support,High,synthetic
TICK-001978,The desktop application freezes every time I click the save button. Kindly look into this matter promptly.,Technical Support,Critical,synthetic
TICK-003350,Estimated delivery date has passed but package has not arrived. Urgent attention required.,Shipping,High,synthetic
TICK-005478,Can you provide information on bulk licensing discounts for 500+ users? Kindly look into this matter promptly.,Product Inquiry,Medium,synthetic
TICK-004312,System downtime caused business revenue loss for our team.,Complaint,Low,synthetic
TICK-005594,I want to cancel my subscription effective immediately. Urgent attention required.,Cancellation,Medium,synthetic
TICK-001698,Page load times are extremely slow and API calls are timing out.,Technical Support,High,synthetic
TICK-004779,Repeatedly transferred between agents without any resolution. Kindly look into this matter promptly.,Complaint,Low,synthetic
TICK-006186,Canceling contract due to budget constraints in our organization.,Cancellation,High,synthetic
TICK-004791,Formal complaint regarding poor product build quality and support delay. Kindly look into this matter promptly.,Complaint,Medium,synthetic
TICK-004575,Very dissatisfied with rude customer service representative on call. Contact me via email or phone.,Complaint,High,synthetic
TICK-005778,We are switching to an alternative solution and wish to terminate service. Appreciate a quick update on this.,Cancellation,Medium,synthetic
TICK-004501,Appalled by lack of response to critical security vulnerability report. Thank you for your assistance.,Complaint,High,synthetic
TICK-002890,I accidentally purchased the wrong subscription tier and need money back. Please advise as soon as possible.,Refund,High,synthetic
TICK-003104,Estimated delivery date has passed but package has not arrived. Urgent attention required.,Shipping,Critical,synthetic
TICK-005820,We are switching to an alternative solution and wish to terminate service.,Cancellation,Low,synthetic
TICK-003859,Account permissions are misconfigured and user cannot access dashboard. Kindly look into this matter promptly.,Account,High,synthetic
TICK-004130,I cannot log into my account despite entering correct password. Looking forward to your prompt response.,Account,High,synthetic
TICK-005063,Looking for comparison between standard and professional tiers. Contact me via email or phone.,Product Inquiry,Medium,synthetic
TICK-002395,Partial refund missing from my previous dispute case 47192. Appreciate a quick update on this.,Refund,High,synthetic
TICK-002541,I demand a prompt refund for defective goods received yesterday. Thank you for your assistance.,Refund,Low,synthetic
TICK-003883,I need to update my registered email address and phone number. Thank you for your assistance.,Account,High,synthetic
TICK-002875,Returned package was delivered to warehouse. When will refund be processed? Looking forward to your prompt response.,Refund,Medium,synthetic
TICK-001172,Double charge observed on my bank statement for invoice 69914. Contact me via email or phone.,Billing,High,synthetic
TICK-002663,I requested a refund for order 52661 two weeks ago but haven't received it. Looking forward to your prompt response.,Refund,Low,synthetic
TICK-005620,We are switching to an alternative solution and wish to terminate service. Urgent attention required.,Cancellation,Medium,synthetic
TICK-002199,Page load times are extremely slow and API calls are timing out. Appreciate a quick update on this.,Technical Support,Low,synthetic
TICK-002714,I accidentally purchased the wrong subscription tier and need money back. Appreciate a quick update on this.,Refund,Medium,synthetic
TICK-001015,I noticed an unauthorized charge of $99.99 on my monthly invoice. Urgent attention required.,Billing,High,synthetic
TICK-001299,I noticed an unauthorized charge of $19.99 on my monthly invoice. Please advise as soon as possible.,Billing,High,synthetic
TICK-005598,Requesting account closure and deletion of stored customer data. Urgent attention required.,Cancellation,Critical,synthetic
TICK-005563,How do I cancel my order before it enters fulfillment phase? Contact me via email or phone.,Cancellation,Medium,synthetic
TICK-003555,Customs clearance is delaying package shipment at border transit. Looking forward to your prompt response.,Shipping,Low,synthetic
TICK-004131,My account has been locked due to multiple failed login attempts. Urgent attention required.,Account,Medium,synthetic
TICK-003816,I cannot log into my account despite entering correct password. Looking forward to your prompt response.,Account,High,synthetic
TICK-001631,Can you update my credit card billing address and tax ID for billing? Thank you for your assistance.,Billing,Medium,synthetic
TICK-004088,I cannot log into my account despite entering correct password. Looking forward to your prompt response.,Account,High,synthetic
TICK-003970,My profile settings fail to save changes. Thank you for your assistance.,Account,High,synthetic
TICK-001633,I received a late payment penalty charge even though I paid on time. Kindly look into this matter promptly.,Billing,High,synthetic
TICK-006151,Please turn off auto-renewal for my annual membership plan. Kindly look into this matter promptly.,Cancellation,High,synthetic
TICK-005494,Can you provide information on bulk licensing discounts for 500+ users? Appreciate a quick update on this.,Product Inquiry,Low,synthetic
TICK-001885,Unable to connect to remote database server from IP address 192.168.17.151. Thank you for your assistance.,Technical Support,Medium,synthetic
TICK-002105,Unable to connect to remote database server from IP address 192.168.120.120.,Technical Support,Medium,synthetic
TICK-005419,What is the warranty period and coverage for international orders? Urgent attention required.,Product Inquiry,Medium,synthetic
TICK-005676,Please turn off auto-renewal for my annual membership plan.,Cancellation,Medium,synthetic
TICK-004562,Escalating issue: product failed during critical presentation. Appreciate a quick update on this.,Complaint,Critical,synthetic
TICK-005976,I want to cancel my subscription effective immediately. Urgent attention required.,Cancellation,Medium,synthetic
TICK-002314,Partial refund missing from my previous dispute case 23616. Urgent attention required.,Refund,Low,synthetic
TICK-005991,Need assistance closing and permanently deleting my account. Thank you for your assistance.,Cancellation,High,synthetic
TICK-002455,Returned package was delivered to warehouse. When will refund be processed? Urgent attention required.,Refund,High,synthetic
TICK-003179,Estimated delivery date has passed but package has not arrived. Urgent attention required.,Shipping,Low,synthetic
TICK-002183,The desktop application freezes every time I click the save button.,Technical Support,Critical,synthetic
TICK-002922,Item arrived damaged in transit. I want an immediate full refund. Kindly look into this matter promptly.,Refund,Medium,synthetic
TICK-005323,Where can I find user manuals and documentation for model PRO-436? Appreciate a quick update on this.,Product Inquiry,Medium,synthetic
TICK-003603,Account permissions are misconfigured and user cannot access dashboard. Urgent attention required.,Account,Medium,synthetic
TICK-004164,Unable to reset password via email link; link expired immediately. Thank you for your assistance.,Account,Medium,synthetic
TICK-001666,VPN connection drops every 5 minutes unexpectedly.,Technical Support,High,synthetic
TICK-005863,Subscription cancellation button is missing from account settings page. Kindly look into this matter promptly.,Cancellation,Low,synthetic
TICK-002500,The product quality is sub-par and does not match description. Please refund. Please advise as soon as possible.,Refund,Low,synthetic
TICK-002503,Order was canceled by system but refund has not posted to my account. Appreciate a quick update on this.,Refund,Medium,synthetic
TICK-005797,Canceling contract due to budget constraints in our organization. Thank you for your assistance.,Cancellation,Low,synthetic
TICK-004933,What is the warranty period and coverage for international orders? Thank you for your assistance.,Product Inquiry,Medium,synthetic
TICK-001521,"My payment failed yesterday, but money was deducted from my bank account. Looking forward to your prompt response.",Billing,High,synthetic
TICK-003787,My profile settings fail to save changes. Urgent attention required.,Account,Critical,synthetic
TICK-005493,Does the cloud platform comply with SOC2 and HIPAA standards? Kindly look into this matter promptly.,Product Inquiry,Medium,synthetic
TICK-003911,I cannot log into my account despite entering correct password. Please advise as soon as possible.,Account,Low,synthetic
TICK-005198,Are there any upcoming features planned for mobile tablet views? Contact me via email or phone.,Product Inquiry,Low,synthetic
TICK-006043,Requesting account closure and deletion of stored customer data. Urgent attention required.,Cancellation,Medium,synthetic
TICK-001752,VPN connection drops every 5 minutes unexpectedly. Please advise as soon as possible.,Technical Support,Low,synthetic
TICK-001445,I need an official tax invoice and payment receipt for order 91338. Contact me via email or phone.,Billing,High,synthetic
TICK-001719,The web application keeps throwing 500 internal server errors when submitting forms. Appreciate a quick update on this.,Technical Support,Medium,synthetic
TICK-003408,Customs clearance is delaying package shipment at border transit. Looking forward to your prompt response.,Shipping,High,synthetic
TICK-004234,My profile settings fail to save changes. Thank you for your assistance.,Account,High,synthetic
TICK-001705,Unable to connect to remote database server from IP address 192.168.71.14. Kindly look into this matter promptly.,Technical Support,Medium,synthetic
TICK-004512,System downtime caused business revenue loss for our team. Contact me via email or phone.,Complaint,Critical,synthetic
TICK-004659,Formal complaint regarding poor product build quality and support delay. Urgent attention required.,Complaint,Low,synthetic
TICK-001428,My credit card was charged twice for transaction 21913. Contact me via email or phone.,Billing,High,synthetic
TICK-005251,Does the cloud platform comply with SOC2 and HIPAA standards?,Product Inquiry,Low,synthetic
TICK-001426,I received a late payment penalty charge even though I paid on time. Thank you for your assistance.,Billing,High,synthetic
TICK-005807,Need assistance closing and permanently deleting my account. Appreciate a quick update on this.,Cancellation,High,synthetic
TICK-002987,"Tracking indicates delivered, but package is missing from my doorstep.",Shipping,Medium,synthetic
TICK-006193,Please turn off auto-renewal for my annual membership plan. Thank you for your assistance.,Cancellation,Critical,synthetic
TICK-001081,Can you update my credit card billing address and tax ID for billing? Please advise as soon as possible.,Billing,Medium,synthetic
TICK-001110,There is a billing discrepancy on my recent statement for billing period Feb 2026. Contact me via email or phone.,Billing,Critical,synthetic
TICK-001863,The web application keeps throwing 500 internal server errors when submitting forms. Contact me via email or phone.,Technical Support,High,synthetic
TICK-003994,Unable to reset password via email link; link expired immediately. Thank you for your assistance.,Account,High,synthetic
TICK-004792,Very dissatisfied with rude customer service representative on call. Thank you for your assistance.,Complaint,High,synthetic
TICK-002265,Bluetooth sync is failing between the hardware device and dashboard. Thank you for your assistance.,Technical Support,High,synthetic
TICK-001227,I am being billed for a service that was supposed to be free during trial.,Billing,Medium,synthetic
TICK-002811,Returned package was delivered to warehouse. When will refund be processed?,Refund,High,synthetic
TICK-002951,Customs clearance is delaying package shipment at border transit.,Shipping,Critical,synthetic
TICK-004397,Formal complaint regarding poor product build quality and support delay. Urgent attention required.,Complaint,Critical,synthetic
TICK-005502,Does the cloud platform comply with SOC2 and HIPAA standards? Urgent attention required.,Product Inquiry,Low,synthetic
TICK-004670,Worst service experience ever! Unprofessional support team. Kindly look into this matter promptly.,Complaint,Medium,synthetic
TICK-005569,Requesting account closure and deletion of stored customer data. Contact me via email or phone.,Cancellation,Low,synthetic
TICK-002871,Order was canceled by system but refund has not posted to my account. Kindly look into this matter promptly.,Refund,Low,synthetic
TICK-003447,Where is my package? Tracking number 30180 shows no movement for 5 days. Thank you for your assistance.,Shipping,Medium,synthetic
TICK-003615,How do I transfer account ownership to another administrator? Urgent attention required.,Account,Low,synthetic
TICK-005910,Subscription cancellation button is missing from account settings page. Thank you for your assistance.,Cancellation,High,synthetic
TICK-002442,Partial refund missing from my previous dispute case 54217.,Refund,High,synthetic
TICK-004800,Appalled by lack of response to critical security vulnerability report. Contact me via email or phone.,Complaint,Low,synthetic
TICK-002136,The desktop application freezes every time I click the save button. Urgent attention required.,Technical Support,Medium,synthetic
TICK-002373,"Charged after cancellation request, need immediate reimbursement. Kindly look into this matter promptly.",Refund,High,synthetic
TICK-001875,VPN connection drops every 5 minutes unexpectedly. Contact me via email or phone.,Technical Support,High,synthetic
TICK-001496,Double charge observed on my bank statement for invoice 14948. Please advise as soon as possible.,Billing,Critical,synthetic
TICK-002167,Bluetooth sync is failing between the hardware device and dashboard. Appreciate a quick update on this.,Technical Support,High,synthetic
TICK-005747,Closing subscription due to missing essential features. Thank you for your assistance.,Cancellation,High,synthetic
TICK-004245,How do I transfer account ownership to another administrator? Thank you for your assistance.,Account,High,synthetic
TICK-004729,Agent closed my support ticket without resolving the actual issue. Appreciate a quick update on this.,Complaint,Critical,synthetic
TICK-002302,Service was down during our event. Requesting credit refund to account. Thank you for your assistance.,Refund,High,synthetic
TICK-001429,Can you update my credit card billing address and tax ID for billing?,Billing,High,synthetic
TICK-004305,Misleading advertising regarding feature capabilities on sales page.,Complaint,High,synthetic
TICK-003116,"Express shipping paid, but package sent via standard economy post. Urgent attention required.",Shipping,Medium,synthetic
TICK-004361,Worst service experience ever! Unprofessional support team. Appreciate a quick update on this.,Complaint,Critical,synthetic
TICK-004927,Looking for comparison between standard and professional tiers. Please advise as soon as possible.,Product Inquiry,Low,synthetic
TICK-001993,The desktop application freezes every time I click the save button. Please advise as soon as possible.,Technical Support,High,synthetic
TICK-004330,No response to urgent tickets for 72 hours despite premium support SLA.,Complaint,Low,synthetic
TICK-006039,Please confirm cancellation of recurring billing for account 70168. Contact me via email or phone.,Cancellation,High,synthetic
TICK-001514,I received a late payment penalty charge even though I paid on time. Contact me via email or phone.,Billing,High,synthetic
TICK-002536,"Charged after cancellation request, need immediate reimbursement. Please advise as soon as possible.",Refund,Medium,synthetic
TICK-002195,The web application keeps throwing 500 internal server errors when submitting forms. Appreciate a quick update on this.,Technical Support,Critical,synthetic
TICK-004973,Does your enterprise plan support custom API integrations?,Product Inquiry,High,synthetic
TICK-004903,What is the warranty period and coverage for international orders? Please advise as soon as possible.,Product Inquiry,Low,synthetic
TICK-002711,Partial refund missing from my previous dispute case 64624. Please advise as soon as possible.,Refund,Medium,synthetic
TICK-005253,Can you provide information on bulk licensing discounts for 500+ users? Looking forward to your prompt response.,Product Inquiry,Medium,synthetic
TICK-002181,My internet is not working and the router LED is blinking red. Please advise as soon as possible.,Technical Support,High,synthetic
TICK-005243,Does your enterprise plan support custom API integrations? Contact me via email or phone.,Product Inquiry,Medium,synthetic
TICK-004053,Two-factor authentication code is not being received on my phone. Thank you for your assistance.,Account,High,synthetic
TICK-002212,Unable to connect to remote database server from IP address 192.168.159.231. Urgent attention required.,Technical Support,Critical,synthetic
TICK-004265,Very dissatisfied with rude customer service representative on call. Kindly look into this matter promptly.,Complaint,Medium,synthetic
TICK-004195,My profile settings fail to save changes. Thank you for your assistance.,Account,Medium,synthetic
TICK-003007,International shipment stuck at distribution center for over a week. Looking forward to your prompt response.,Shipping,High,synthetic
TICK-005304,Can you provide information on bulk licensing discounts for 500+ users? Contact me via email or phone.,Product Inquiry,Low,synthetic
TICK-003155,I need to change shipping address for order 85599 before dispatch. Kindly look into this matter promptly.,Shipping,Medium,synthetic
TICK-001278,"My payment failed yesterday, but money was deducted from my bank account. Looking forward to your prompt response.",Billing,Medium,synthetic
TICK-002668,I accidentally purchased the wrong subscription tier and need money back. Looking forward to your prompt response.,Refund,Medium,synthetic
TICK-004011,Single Sign-On (SSO) integration is failing for company domain. Thank you for your assistance.,Account,High,synthetic
TICK-003147,Package arrived with crushed outer box and broken contents. Appreciate a quick update on this.,Shipping,Medium,synthetic
TICK-003206,Customs clearance is delaying package shipment at border transit.,Shipping,Medium,synthetic
TICK-001490,I noticed an unauthorized charge of $19.99 on my monthly invoice. Looking forward to your prompt response.,Billing,Medium,synthetic
TICK-001479,I noticed an unauthorized charge of $49.0 on my monthly invoice.,Billing,Medium,synthetic
TICK-002879,I requested a refund for order 45609 two weeks ago but haven't received it. Kindly look into this matter promptly.,Refund,Medium,synthetic
TICK-003942,Received suspicious password reset email without requesting it. Looking forward to your prompt response.,Account,Low,synthetic
TICK-003207,International shipment stuck at distribution center for over a week. Kindly look into this matter promptly.,Shipping,Medium,synthetic
TICK-005539,Where can I find user manuals and documentation for model PRO-444? Thank you for your assistance.,Product Inquiry,Medium,synthetic
TICK-005322,Does the cloud platform comply with SOC2 and HIPAA standards? Please advise as soon as possible.,Product Inquiry,Low,synthetic
TICK-001214,My credit card was charged twice for transaction 28098. Looking forward to your prompt response.,Billing,Medium,synthetic
TICK-002753,Partial refund missing from my previous dispute case 53703. Urgent attention required.,Refund,Medium,synthetic
TICK-002597,Order was canceled by system but refund has not posted to my account. Kindly look into this matter promptly.,Refund,Medium,synthetic
TICK-003732,Unable to reset password via email link; link expired immediately. Contact me via email or phone.,Account,High,synthetic
TICK-005726,I want to cancel my subscription effective immediately. Looking forward to your prompt response.,Cancellation,Medium,synthetic
TICK-005249,Looking for comparison between standard and professional tiers. Contact me via email or phone.,Product Inquiry,Low,synthetic
TICK-004646,Worst service experience ever! Unprofessional support team. Looking forward to your prompt response.,Complaint,Low,synthetic
TICK-001947,Page load times are extremely slow and API calls are timing out. Please advise as soon as possible.,Technical Support,High,synthetic
TICK-005663,I want to cancel my subscription effective immediately. Urgent attention required.,Cancellation,Medium,synthetic
TICK-004925,What is the warranty period and coverage for international orders? Appreciate a quick update on this.,Product Inquiry,Medium,synthetic
TICK-001697,Page load times are extremely slow and API calls are timing out. Please advise as soon as possible.,Technical Support,High,synthetic
TICK-002047,The web application keeps throwing 500 internal server errors when submitting forms. Thank you for your assistance.,Technical Support,High,synthetic
TICK-006069,Closing subscription due to missing essential features. Urgent attention required.,Cancellation,High,synthetic
TICK-003920,Single Sign-On (SSO) integration is failing for company domain. Looking forward to your prompt response.,Account,Critical,synthetic
TICK-004175,My account has been locked due to multiple failed login attempts. Appreciate a quick update on this.,Account,High,synthetic
TICK-002997,"Express shipping paid, but package sent via standard economy post. Urgent attention required.",Shipping,Critical,synthetic
TICK-005749,How do I cancel my order before it enters fulfillment phase? Urgent attention required.,Cancellation,Medium,synthetic
TICK-003850,How do I transfer account ownership to another administrator? Contact me via email or phone.,Account,Low,synthetic
TICK-004907,What are the hardware specifications required to run this software?,Product Inquiry,Low,synthetic
TICK-002144,Mobile app keeps crashing on launch after updating to latest iOS/Android version. Thank you for your assistance.,Technical Support,Medium,synthetic
TICK-002257,Mobile app keeps crashing on launch after updating to latest iOS/Android version.,Technical Support,Critical,synthetic
TICK-003590,Where is my package? Tracking number 48840 shows no movement for 5 days. Please advise as soon as possible.,Shipping,Low,synthetic
TICK-005854,Closing subscription due to missing essential features.,Cancellation,Medium,synthetic
TICK-003166,My order 65910 was shipped to wrong delivery address. Kindly look into this matter promptly.,Shipping,Medium,synthetic
TICK-005174,Are there any upcoming features planned for mobile tablet views? Thank you for your assistance.,Product Inquiry,Medium,synthetic
TICK-001277,Double charge observed on my bank statement for invoice 27842. Looking forward to your prompt response.,Billing,Critical,synthetic
TICK-004633,Appalled by lack of response to critical security vulnerability report. Please advise as soon as possible.,Complaint,High,synthetic
TICK-003569,Where is my package? Tracking number 88195 shows no movement for 5 days. Thank you for your assistance.,Shipping,Medium,synthetic
TICK-002883,Item arrived damaged in transit. I want an immediate full refund. Please advise as soon as possible.,Refund,Low,synthetic
TICK-006102,Canceling contract due to budget constraints in our organization. Appreciate a quick update on this.,Cancellation,Medium,synthetic
TICK-002463,I requested a refund for order 38316 two weeks ago but haven't received it. Please advise as soon as possible.,Refund,High,synthetic
TICK-004470,Repeatedly transferred between agents without any resolution. Urgent attention required.,Complaint,Medium,synthetic
TICK-003127,"Express shipping paid, but package sent via standard economy post. Please advise as soon as possible.",Shipping,Low,synthetic
TICK-005023,Can you provide information on bulk licensing discounts for 500+ users? Thank you for your assistance.,Product Inquiry,Medium,synthetic
TICK-002419,"Charged after cancellation request, need immediate reimbursement. Please advise as soon as possible.",Refund,High,synthetic
TICK-003036,I need to change shipping address for order 75135 before dispatch. Thank you for your assistance.,Shipping,Medium,synthetic
TICK-004240,I cannot log into my account despite entering correct password. Appreciate a quick update on this.,Account,Low,synthetic
TICK-004251,Worst service experience ever! Unprofessional support team. Thank you for your assistance.,Complaint,High,synthetic
TICK-002892,I demand a prompt refund for defective goods received yesterday. Urgent attention required.,Refund,High,synthetic
TICK-002152,The web application keeps throwing 500 internal server errors when submitting forms. Looking forward to your prompt response.,Technical Support,Medium,synthetic
TICK-005108,What is the warranty period and coverage for international orders?,Product Inquiry,Low,synthetic
TICK-005162,Is this product compatible with macOS Sequoia and Apple Silicon? Appreciate a quick update on this.,Product Inquiry,Medium,synthetic
TICK-001846,Bluetooth sync is failing between the hardware device and dashboard. Thank you for your assistance.,Technical Support,Low,synthetic
TICK-003379,International shipment stuck at distribution center for over a week. Appreciate a quick update on this.,Shipping,High,synthetic
TICK-004945,What is the warranty period and coverage for international orders? Contact me via email or phone.,Product Inquiry,Low,synthetic
TICK-002170,VPN connection drops every 5 minutes unexpectedly. Appreciate a quick update on this.,Technical Support,Critical,synthetic
TICK-005565,I want to cancel my subscription effective immediately. Looking forward to your prompt response.,Cancellation,Medium,synthetic
TICK-005606,I want to cancel my subscription effective immediately. Contact me via email or phone.,Cancellation,Medium,synthetic
TICK-005695,How do I cancel my order before it enters fulfillment phase? Thank you for your assistance.,Cancellation,Low,synthetic
TICK-003837,I cannot log into my account despite entering correct password. Thank you for your assistance.,Account,Low,synthetic
TICK-001729,The desktop application freezes every time I click the save button. Looking forward to your prompt response.,Technical Support,Critical,synthetic
TICK-002652,I demand a prompt refund for defective goods received yesterday. Thank you for your assistance.,Refund,High,synthetic
TICK-003742,Received suspicious password reset email without requesting it. Contact me via email or phone.,Account,High,synthetic
TICK-001534,I am being billed for a service that was supposed to be free during trial.,Billing,High,synthetic
TICK-002235,Bluetooth sync is failing between the hardware device and dashboard. Urgent attention required.,Technical Support,Critical,synthetic
TICK-002648,Item arrived damaged in transit. I want an immediate full refund. Urgent attention required.,Refund,Critical,synthetic
TICK-006070,Need assistance closing and permanently deleting my account. Looking forward to your prompt response.,Cancellation,High,synthetic
TICK-001043,I noticed an unauthorized charge of $99.99 on my monthly invoice. Kindly look into this matter promptly.,Billing,Critical,synthetic
TICK-005786,We are switching to an alternative solution and wish to terminate service. Looking forward to your prompt response.,Cancellation,Medium,synthetic
TICK-004740,System downtime caused business revenue loss for our team. Urgent attention required.,Complaint,High,synthetic
TICK-004413,Agent closed my support ticket without resolving the actual issue. Appreciate a quick update on this.,Complaint,Medium,synthetic
TICK-004093,My profile settings fail to save changes. Urgent attention required.,Account,High,synthetic
TICK-002319,Order was canceled by system but refund has not posted to my account. Thank you for your assistance.,Refund,Medium,synthetic
TICK-004115,I need to update my registered email address and phone number. Kindly look into this matter promptly.,Account,High,synthetic
TICK-003027,Estimated delivery date has passed but package has not arrived. Thank you for your assistance.,Shipping,Medium,synthetic
TICK-001808,The desktop application freezes every time I click the save button. Urgent attention required.,Technical Support,Medium,synthetic
TICK-005725,Requesting account closure and deletion of stored customer data. Thank you for your assistance.,Cancellation,Low,synthetic
TICK-003925,Received suspicious password reset email without requesting it.,Account,Medium,synthetic
TICK-001983,Bluetooth sync is failing between the hardware device and dashboard. Contact me via email or phone.,Technical Support,High,synthetic
TICK-006152,Requesting account closure and deletion of stored customer data. Contact me via email or phone.,Cancellation,Medium,synthetic
TICK-002859,I demand a prompt refund for defective goods received yesterday. Contact me via email or phone.,Refund,Medium,synthetic
TICK-003233,Delivery courier left parcel in rain without notification. Appreciate a quick update on this.,Shipping,Critical,synthetic
TICK-005952,Please turn off auto-renewal for my annual membership plan. Urgent attention required.,Cancellation,Medium,synthetic
TICK-002516,Item arrived damaged in transit. I want an immediate full refund.,Refund,Critical,synthetic
TICK-005359,What is the warranty period and coverage for international orders? Please advise as soon as possible.,Product Inquiry,High,synthetic
TICK-001451,"My payment failed yesterday, but money was deducted from my bank account.",Billing,Medium,synthetic
TICK-004882,Worst service experience ever! Unprofessional support team. Kindly look into this matter promptly.,Complaint,High,synthetic
TICK-004238,Unable to reset password via email link; link expired immediately. Thank you for your assistance.,Account,High,synthetic
TICK-005715,Need assistance closing and permanently deleting my account. Appreciate a quick update on this.,Cancellation,Low,synthetic
TICK-005393,What is the warranty period and coverage for international orders?,Product Inquiry,Low,synthetic
TICK-005244,What is the warranty period and coverage for international orders? Please advise as soon as possible.,Product Inquiry,Low,synthetic
TICK-005998,Canceling contract due to budget constraints in our organization.,Cancellation,Medium,synthetic
TICK-004974,What are the hardware specifications required to run this software? Please advise as soon as possible.,Product Inquiry,Medium,synthetic
TICK-004782,No response to urgent tickets for 72 hours despite premium support SLA. Looking forward to your prompt response.,Complaint,High,synthetic
TICK-005439,Where can I find user manuals and documentation for model PRO-286? Looking forward to your prompt response.,Product Inquiry,Medium,synthetic
TICK-002993,Package arrived with crushed outer box and broken contents. Appreciate a quick update on this.,Shipping,Medium,synthetic
TICK-005355,Are there any upcoming features planned for mobile tablet views?,Product Inquiry,Low,synthetic
TICK-002693,Item arrived damaged in transit. I want an immediate full refund. Please advise as soon as possible.,Refund,High,synthetic
TICK-005111,Does the cloud platform comply with SOC2 and HIPAA standards? Appreciate a quick update on this.,Product Inquiry,Medium,synthetic
TICK-004057,Account permissions are misconfigured and user cannot access dashboard. Thank you for your assistance.,Account,High,synthetic
TICK-004148,My account has been locked due to multiple failed login attempts. Appreciate a quick update on this.,Account,Critical,synthetic
TICK-003722,Account permissions are misconfigured and user cannot access dashboard. Looking forward to your prompt response.,Account,High,synthetic
TICK-004336,Appalled by lack of response to critical security vulnerability report. Urgent attention required.,Complaint,Medium,synthetic
TICK-004026,Account permissions are misconfigured and user cannot access dashboard. Contact me via email or phone.,Account,Medium,synthetic
TICK-005630,How do I cancel my order before it enters fulfillment phase? Looking forward to your prompt response.,Cancellation,High,synthetic
TICK-006081,We are switching to an alternative solution and wish to terminate service. Please advise as soon as possible.,Cancellation,Low,synthetic
TICK-002665,The product quality is sub-par and does not match description. Please refund. Urgent attention required.,Refund,Low,synthetic
TICK-001458,I am being billed for a service that was supposed to be free during trial. Kindly look into this matter promptly.,Billing,Critical,synthetic
TICK-001870,Unable to connect to remote database server from IP address 192.168.244.30. Please advise as soon as possible.,Technical Support,Medium,synthetic
TICK-001952,My internet is not working and the router LED is blinking red. Please advise as soon as possible.,Technical Support,Medium,synthetic
TICK-005319,Can I try out premium features during a free trial demo? Thank you for your assistance.,Product Inquiry,Low,synthetic
TICK-003936,Unable to reset password via email link; link expired immediately. Thank you for your assistance.,Account,High,synthetic
TICK-005004,Looking for comparison between standard and professional tiers. Please advise as soon as possible.,Product Inquiry,Low,synthetic
TICK-004230,My profile settings fail to save changes. Please advise as soon as possible.,Account,High,synthetic
TICK-005470,Can you provide information on bulk licensing discounts for 500+ users? Looking forward to your prompt response.,Product Inquiry,Low,synthetic
TICK-003659,I need to update my registered email address and phone number. Please advise as soon as possible.,Account,High,synthetic
TICK-001965,Mobile app keeps crashing on launch after updating to latest iOS/Android version. Thank you for your assistance.,Technical Support,Medium,synthetic
TICK-001916,System crashed completely during export task showing error code SOCKET_TIMEOUT.,Technical Support,High,synthetic
TICK-004309,Agent closed my support ticket without resolving the actual issue. Looking forward to your prompt response.,Complaint,High,synthetic
TICK-002513,I demand a prompt refund for defective goods received yesterday. Kindly look into this matter promptly.,Refund,Low,synthetic
TICK-004641,Misleading advertising regarding feature capabilities on sales page. Thank you for your assistance.,Complaint,Medium,synthetic
TICK-005764,I want to cancel my subscription effective immediately. Please advise as soon as possible.,Cancellation,Medium,synthetic
TICK-002155,The web application keeps throwing 500 internal server errors when submitting forms. Thank you for your assistance.,Technical Support,High,synthetic
TICK-004582,Appalled by lack of response to critical security vulnerability report. Contact me via email or phone.,Complaint,High,synthetic
TICK-002981,International shipment stuck at distribution center for over a week. Looking forward to your prompt response.,Shipping,Critical,synthetic
TICK-005645,Please turn off auto-renewal for my annual membership plan. Kindly look into this matter promptly.,Cancellation,Critical,synthetic
TICK-001271,Can you update my credit card billing address and tax ID for billing? Looking forward to your prompt response.,Billing,Medium,synthetic
TICK-001390,Why was I billed $49.0 when my plan is $79.99? Appreciate a quick update on this.,Billing,High,synthetic
TICK-001187,My credit card was charged twice for transaction 34385.,Billing,Medium,synthetic
TICK-005943,Subscription cancellation button is missing from account settings page. Please advise as soon as possible.,Cancellation,Medium,synthetic
TICK-001754,Bluetooth sync is failing between the hardware device and dashboard. Appreciate a quick update on this.,Technical Support,High,synthetic
TICK-003601,Account permissions are misconfigured and user cannot access dashboard. Appreciate a quick update on this.,Account,Medium,synthetic
TICK-004958,Can you provide information on bulk licensing discounts for 500+ users?,Product Inquiry,Low,synthetic
TICK-003696,How do I transfer account ownership to another administrator? Looking forward to your prompt response.,Account,Medium,synthetic
TICK-001196,Why was I billed $499.0 when my plan is $9.99? Please advise as soon as possible.,Billing,High,synthetic
TICK-005218,Can you provide information on bulk licensing discounts for 500+ users? Kindly look into this matter promptly.,Product Inquiry,Medium,synthetic
TICK-005829,Requesting account closure and deletion of stored customer data. Contact me via email or phone.,Cancellation,Low,synthetic
TICK-005290,What are the hardware specifications required to run this software? Looking forward to your prompt response.,Product Inquiry,Medium,synthetic
TICK-005077,Where can I find user manuals and documentation for model PRO-657? Contact me via email or phone.,Product Inquiry,Low,synthetic
TICK-001435,Why was I billed $49.0 when my plan is $79.99? Kindly look into this matter promptly.,Billing,High,synthetic
TICK-004200,My profile settings fail to save changes.,Account,High,synthetic
TICK-002815,"Charged after cancellation request, need immediate reimbursement. Please advise as soon as possible.",Refund,High,synthetic
TICK-001165,Double charge observed on my bank statement for invoice 67749. Contact me via email or phone.,Billing,High,synthetic
TICK-004058,How do I transfer account ownership to another administrator? Thank you for your assistance.,Account,High,synthetic
TICK-003073,"Tracking indicates delivered, but package is missing from my doorstep. Please advise as soon as possible.",Shipping,Medium,synthetic
TICK-002683,Returned package was delivered to warehouse. When will refund be processed? Contact me via email or phone.,Refund,Medium,synthetic
TICK-003314,Delivery courier left parcel in rain without notification. Thank you for your assistance.,Shipping,Medium,synthetic
TICK-006063,Requesting account closure and deletion of stored customer data. Kindly look into this matter promptly.,Cancellation,Low,synthetic
TICK-001779,Unable to connect to remote database server from IP address 192.168.126.137. Thank you for your assistance.,Technical Support,Medium,synthetic
TICK-003798,Account permissions are misconfigured and user cannot access dashboard. Contact me via email or phone.,Account,High,synthetic
TICK-002832,I requested a refund for order 16280 two weeks ago but haven't received it. Thank you for your assistance.,Refund,Medium,synthetic
TICK-005483,Is this product compatible with macOS Sequoia and Apple Silicon? Contact me via email or phone.,Product Inquiry,Medium,synthetic
TICK-006009,I want to cancel my subscription effective immediately. Urgent attention required.,Cancellation,Medium,synthetic
TICK-005106,What are the hardware specifications required to run this software? Looking forward to your prompt response.,Product Inquiry,Low,synthetic
TICK-003908,My profile settings fail to save changes. Appreciate a quick update on this.,Account,Medium,synthetic
TICK-003532,Customs clearance is delaying package shipment at border transit.,Shipping,Critical,synthetic
TICK-002188,Page load times are extremely slow and API calls are timing out. Appreciate a quick update on this.,Technical Support,High,synthetic
TICK-005081,What are the hardware specifications required to run this software? Looking forward to your prompt response.,Product Inquiry,Medium,synthetic
TICK-002835,I demand a prompt refund for defective goods received yesterday.,Refund,High,synthetic
TICK-001064,I received a late payment penalty charge even though I paid on time. Thank you for your assistance.,Billing,High,synthetic
TICK-002425,Item arrived damaged in transit. I want an immediate full refund. Please advise as soon as possible.,Refund,Medium,synthetic
TICK-001868,Page load times are extremely slow and API calls are timing out. Please advise as soon as possible.,Technical Support,Medium,synthetic
TICK-005588,How do I cancel my order before it enters fulfillment phase? Thank you for your assistance.,Cancellation,Medium,synthetic
TICK-005040,Is this product compatible with macOS Sequoia and Apple Silicon?,Product Inquiry,Medium,synthetic
TICK-003811,My account has been locked due to multiple failed login attempts. Contact me via email or phone.,Account,High,synthetic
TICK-003655,My profile settings fail to save changes. Contact me via email or phone.,Account,High,synthetic
TICK-005432,Looking for comparison between standard and professional tiers. Urgent attention required.,Product Inquiry,Medium,synthetic
TICK-003424,I need to change shipping address for order 88142 before dispatch. Kindly look into this matter promptly.,Shipping,Medium,synthetic
TICK-003752,Single Sign-On (SSO) integration is failing for company domain.,Account,High,synthetic
TICK-002651,Order was canceled by system but refund has not posted to my account. Kindly look into this matter promptly.,Refund,Medium,synthetic
TICK-002440,I requested a refund for order 41172 two weeks ago but haven't received it. Kindly look into this matter promptly.,Refund,Low,synthetic
TICK-001753,My internet is not working and the router LED is blinking red. Kindly look into this matter promptly.,Technical Support,Medium,synthetic
TICK-005774,Subscription cancellation button is missing from account settings page. Contact me via email or phone.,Cancellation,Medium,synthetic
TICK-003123,"Tracking indicates delivered, but package is missing from my doorstep.",Shipping,Low,synthetic
TICK-003391,"Express shipping paid, but package sent via standard economy post. Kindly look into this matter promptly.",Shipping,Medium,synthetic
TICK-003510,Customs clearance is delaying package shipment at border transit. Contact me via email or phone.,Shipping,Critical,synthetic
TICK-002938,Partial refund missing from my previous dispute case 10716.,Refund,Critical,synthetic
TICK-003990,Received suspicious password reset email without requesting it. Appreciate a quick update on this.,Account,Low,synthetic
TICK-005909,Canceling contract due to budget constraints in our organization.,Cancellation,Medium,synthetic
TICK-002637,Partial refund missing from my previous dispute case 98617. Urgent attention required.,Refund,High,synthetic
TICK-002911,"Charged after cancellation request, need immediate reimbursement. Contact me via email or phone.",Refund,Low,synthetic
TICK-005741,Please turn off auto-renewal for my annual membership plan. Please advise as soon as possible.,Cancellation,High,synthetic
TICK-004135,Unable to reset password via email link; link expired immediately.,Account,Critical,synthetic
TICK-005437,What is the warranty period and coverage for international orders? Urgent attention required.,Product Inquiry,Medium,synthetic
TICK-004606,Worst service experience ever! Unprofessional support team. Thank you for your assistance.,Complaint,Medium,synthetic
TICK-005257,Is this product compatible with macOS Sequoia and Apple Silicon? Please advise as soon as possible.,Product Inquiry,Low,synthetic
TICK-003706,Two-factor authentication code is not being received on my phone. Appreciate a quick update on this.,Account,Medium,synthetic
TICK-001097,"My payment failed yesterday, but money was deducted from my bank account. Contact me via email or phone.",Billing,Critical,synthetic
TICK-006190,Please confirm cancellation of recurring billing for account 77951. Contact me via email or phone.,Cancellation,Medium,synthetic
TICK-004788,Repeatedly transferred between agents without any resolution. Appreciate a quick update on this.,Complaint,Medium,synthetic
TICK-005506,Does the cloud platform comply with SOC2 and HIPAA standards? Thank you for your assistance.,Product Inquiry,Medium,synthetic
TICK-001566,Double charge observed on my bank statement for invoice 60010. Looking forward to your prompt response.,Billing,Critical,synthetic
TICK-005123,Does your enterprise plan support custom API integrations? Thank you for your assistance.,Product Inquiry,Low,synthetic
TICK-004443,Escalating issue: product failed during critical presentation. Appreciate a quick update on this.,Complaint,High,synthetic
TICK-002376,I requested a refund for order 48399 two weeks ago but haven't received it.,Refund,Medium,synthetic
TICK-002521,I demand a prompt refund for defective goods received yesterday. Looking forward to your prompt response.,Refund,Low,synthetic
TICK-001114,My credit card was charged twice for transaction 50492. Appreciate a quick update on this.,Billing,Medium,synthetic
TICK-004436,No response to urgent tickets for 72 hours despite premium support SLA. Thank you for your assistance.,Complaint,Critical,synthetic
TICK-003777,My account has been locked due to multiple failed login attempts. Kindly look into this matter promptly.,Account,High,synthetic
TICK-003057,Customs clearance is delaying package shipment at border transit. Looking forward to your prompt response.,Shipping,High,synthetic
TICK-004816,System downtime caused business revenue loss for our team. Looking forward to your prompt response.,Complaint,Critical,synthetic
TICK-004451,No response to urgent tickets for 72 hours despite premium support SLA. Kindly look into this matter promptly.,Complaint,High,synthetic
TICK-002905,Returned package was delivered to warehouse. When will refund be processed? Thank you for your assistance.,Refund,Low,synthetic
TICK-002018,Page load times are extremely slow and API calls are timing out. Appreciate a quick update on this.,Technical Support,Medium,synthetic
TICK-002156,Unable to connect to remote database server from IP address 192.168.83.198.,Technical Support,Medium,synthetic
TICK-001343,"My payment failed yesterday, but money was deducted from my bank account. Contact me via email or phone.",Billing,Low,synthetic
TICK-005653,Requesting account closure and deletion of stored customer data.,Cancellation,Medium,synthetic
TICK-003979,I cannot log into my account despite entering correct password. Kindly look into this matter promptly.,Account,High,synthetic
TICK-002239,Software installation fails due to missing DLL files on Windows 11. Kindly look into this matter promptly.,Technical Support,Critical,synthetic
TICK-004004,Received suspicious password reset email without requesting it. Appreciate a quick update on this.,Account,High,synthetic
TICK-003974,My account has been locked due to multiple failed login attempts.,Account,Critical,synthetic
TICK-006127,Need assistance closing and permanently deleting my account. Thank you for your assistance.,Cancellation,Medium,synthetic
TICK-001864,Software installation fails due to missing DLL files on Windows 11. Contact me via email or phone.,Technical Support,Medium,synthetic
TICK-004623,Repeatedly transferred between agents without any resolution. Urgent attention required.,Complaint,Critical,synthetic
TICK-001474,Can you update my credit card billing address and tax ID for billing? Kindly look into this matter promptly.,Billing,Medium,synthetic
TICK-001063,I received a late payment penalty charge even though I paid on time. Appreciate a quick update on this.,Billing,High,synthetic
TICK-001065,My credit card was charged twice for transaction 14067. Thank you for your assistance.,Billing,High,synthetic
TICK-001900,Software installation fails due to missing DLL files on Windows 11. Urgent attention required.,Technical Support,Low,synthetic
TICK-001268,There is a billing discrepancy on my recent statement for billing period Feb 2026. Looking forward to your prompt response.,Billing,Medium,synthetic
TICK-002150,Page load times are extremely slow and API calls are timing out. Kindly look into this matter promptly.,Technical Support,High,synthetic
TICK-005559,Need assistance closing and permanently deleting my account. Appreciate a quick update on this.,Cancellation,Low,synthetic
TICK-005080,Does your enterprise plan support custom API integrations? Urgent attention required.,Product Inquiry,Low,synthetic
TICK-001896,Bluetooth sync is failing between the hardware device and dashboard. Thank you for your assistance.,Technical Support,Medium,synthetic
TICK-005266,Is this product compatible with macOS Sequoia and Apple Silicon? Kindly look into this matter promptly.,Product Inquiry,Low,synthetic
TICK-001931,VPN connection drops every 5 minutes unexpectedly.,Technical Support,Medium,synthetic
TICK-002528,I requested a refund for order 16914 two weeks ago but haven't received it. Contact me via email or phone.,Refund,Medium,synthetic
TICK-001562,"My payment failed yesterday, but money was deducted from my bank account. Appreciate a quick update on this.",Billing,Critical,synthetic
TICK-002556,Order was canceled by system but refund has not posted to my account. Urgent attention required.,Refund,Low,synthetic
TICK-002487,I requested a refund for order 89450 two weeks ago but haven't received it. Please advise as soon as possible.,Refund,Low,synthetic
TICK-002192,Software installation fails due to missing DLL files on Windows 11. Urgent attention required.,Technical Support,Medium,synthetic
TICK-001438,I am being billed for a service that was supposed to be free during trial. Urgent attention required.,Billing,Critical,synthetic
TICK-005625,Closing subscription due to missing essential features. Contact me via email or phone.,Cancellation,High,synthetic
TICK-001456,There is a billing discrepancy on my recent statement for billing period Jan 2026. Thank you for your assistance.,Billing,High,synthetic
TICK-003113,International shipment stuck at distribution center for over a week. Thank you for your assistance.,Shipping,Low,synthetic
TICK-003010,Customs clearance is delaying package shipment at border transit. Appreciate a quick update on this.,Shipping,Low,synthetic
TICK-002375,I demand a prompt refund for defective goods received yesterday. Please advise as soon as possible.,Refund,Medium,synthetic
TICK-003561,My order 88941 was shipped to wrong delivery address. Please advise as soon as possible.,Shipping,Medium,synthetic
TICK-005944,Please turn off auto-renewal for my annual membership plan. Kindly look into this matter promptly.,Cancellation,Medium,synthetic
TICK-001135,I am being billed for a service that was supposed to be free during trial. Looking forward to your prompt response.,Billing,High,synthetic
TICK-005379,Where can I find user manuals and documentation for model PRO-252? Kindly look into this matter promptly.,Product Inquiry,Low,synthetic
TICK-002077,Page load times are extremely slow and API calls are timing out. Kindly look into this matter promptly.,Technical Support,Medium,synthetic
TICK-005971,We are switching to an alternative solution and wish to terminate service.,Cancellation,High,synthetic
TICK-003654,Single Sign-On (SSO) integration is failing for company domain. Urgent attention required.,Account,Medium,synthetic
TICK-003678,My profile settings fail to save changes. Urgent attention required.,Account,High,synthetic
TICK-001436,I received a late payment penalty charge even though I paid on time. Appreciate a quick update on this.,Billing,Medium,synthetic
TICK-002288,Software installation fails due to missing DLL files on Windows 11.,Technical Support,Medium,synthetic
TICK-005309,Does the cloud platform comply with SOC2 and HIPAA standards? Urgent attention required.,Product Inquiry,High,synthetic
TICK-004705,Repeatedly transferred between agents without any resolution. Looking forward to your prompt response.,Complaint,Medium,synthetic
TICK-004547,Appalled by lack of response to critical security vulnerability report. Kindly look into this matter promptly.,Complaint,Medium,synthetic
TICK-004325,Appalled by lack of response to critical security vulnerability report. Urgent attention required.,Complaint,High,synthetic
TICK-004703,No response to urgent tickets for 72 hours despite premium support SLA. Contact me via email or phone.,Complaint,Medium,synthetic
TICK-004717,Worst service experience ever! Unprofessional support team.,Complaint,Critical,synthetic
TICK-001635,I noticed an unauthorized charge of $49.0 on my monthly invoice. Looking forward to your prompt response.,Billing,Medium,synthetic
TICK-003969,My profile settings fail to save changes. Appreciate a quick update on this.,Account,High,synthetic
TICK-005050,Are there any upcoming features planned for mobile tablet views? Kindly look into this matter promptly.,Product Inquiry,Low,synthetic
TICK-004721,Misleading advertising regarding feature capabilities on sales page. Appreciate a quick update on this.,Complaint,Medium,synthetic
TICK-004439,System downtime caused business revenue loss for our team.,Complaint,High,synthetic
TICK-003191,Delivery courier left parcel in rain without notification. Urgent attention required.,Shipping,Low,synthetic
TICK-005954,Need assistance closing and permanently deleting my account. Looking forward to your prompt response.,Cancellation,Medium,synthetic
TICK-001703,Bluetooth sync is failing between the hardware device and dashboard. Contact me via email or phone.,Technical Support,Medium,synthetic
TICK-003745,I cannot log into my account despite entering correct password. Appreciate a quick update on this.,Account,High,synthetic
TICK-003964,Single Sign-On (SSO) integration is failing for company domain. Contact me via email or phone.,Account,High,synthetic
TICK-004708,Appalled by lack of response to critical security vulnerability report. Looking forward to your prompt response.,Complaint,Medium,synthetic
TICK-003149,I need to change shipping address for order 53246 before dispatch. Contact me via email or phone.,Shipping,Medium,synthetic
TICK-005060,What is the warranty period and coverage for international orders?,Product Inquiry,Low,synthetic
TICK-001580,There is a billing discrepancy on my recent statement for billing period Q1 2026. Thank you for your assistance.,Billing,Critical,synthetic
TICK-002252,System crashed completely during export task showing error code NULL_POINTER_EXC. Appreciate a quick update on this.,Technical Support,Medium,synthetic
TICK-003260,Delivery courier left parcel in rain without notification. Urgent attention required.,Shipping,Low,synthetic
TICK-001526,I received a late payment penalty charge even though I paid on time. Urgent attention required.,Billing,High,synthetic
TICK-005570,Please turn off auto-renewal for my annual membership plan. Thank you for your assistance.,Cancellation,Low,synthetic
TICK-004160,How do I transfer account ownership to another administrator? Looking forward to your prompt response.,Account,High,synthetic
TICK-005297,Does your enterprise plan support custom API integrations? Kindly look into this matter promptly.,Product Inquiry,Low,synthetic
TICK-005965,Please turn off auto-renewal for my annual membership plan. Looking forward to your prompt response.,Cancellation,Medium,synthetic
TICK-005469,Where can I find user manuals and documentation for model PRO-857?,Product Inquiry,Low,synthetic
TICK-002301,I accidentally purchased the wrong subscription tier and need money back. Looking forward to your prompt response.,Refund,Medium,synthetic
TICK-004208,I cannot log into my account despite entering correct password. Urgent attention required.,Account,High,synthetic
TICK-004923,Can I try out premium features during a free trial demo?,Product Inquiry,Low,synthetic
TICK-002049,The desktop application freezes every time I click the save button. Thank you for your assistance.,Technical Support,Low,synthetic
TICK-004724,Misleading advertising regarding feature capabilities on sales page. Please advise as soon as possible.,Complaint,Critical,synthetic
TICK-003551,Estimated delivery date has passed but package has not arrived. Please advise as soon as possible.,Shipping,Low,synthetic
TICK-001686,Unable to connect to remote database server from IP address 192.168.176.217.,Technical Support,Medium,synthetic
TICK-002508,I demand a prompt refund for defective goods received yesterday. Contact me via email or phone.,Refund,Low,synthetic
TICK-002464,Service was down during our event. Requesting credit refund to account. Kindly look into this matter promptly.,Refund,Medium,synthetic
TICK-003429,Estimated delivery date has passed but package has not arrived. Kindly look into this matter promptly.,Shipping,Low,synthetic
TICK-004495,Escalating issue: product failed during critical presentation.,Complaint,High,synthetic
TICK-004141,Account permissions are misconfigured and user cannot access dashboard. Urgent attention required.,Account,Low,synthetic
TICK-001374,Double charge observed on my bank statement for invoice 39820.,Billing,High,synthetic
TICK-002377,Item arrived damaged in transit. I want an immediate full refund. Looking forward to your prompt response.,Refund,High,synthetic
TICK-002391,I requested a refund for order 37227 two weeks ago but haven't received it. Please advise as soon as possible.,Refund,Medium,synthetic
TICK-002529,Item arrived damaged in transit. I want an immediate full refund. Urgent attention required.,Refund,Medium,synthetic
TICK-001345,I noticed an unauthorized charge of $499.0 on my monthly invoice.,Billing,High,synthetic
TICK-003085,Estimated delivery date has passed but package has not arrived. Contact me via email or phone.,Shipping,Medium,synthetic
TICK-003346,Where is my package? Tracking number 76082 shows no movement for 5 days. Urgent attention required.,Shipping,Low,synthetic
TICK-005574,Please turn off auto-renewal for my annual membership plan. Thank you for your assistance.,Cancellation,Medium,synthetic
TICK-002433,Item arrived damaged in transit. I want an immediate full refund.,Refund,Low,synthetic
TICK-005721,Please confirm cancellation of recurring billing for account 72030.,Cancellation,Medium,synthetic
TICK-005986,Requesting account closure and deletion of stored customer data. Appreciate a quick update on this.,Cancellation,Medium,synthetic
TICK-005748,Please turn off auto-renewal for my annual membership plan. Appreciate a quick update on this.,Cancellation,High,synthetic
TICK-001207,I noticed an unauthorized charge of $99.99 on my monthly invoice. Looking forward to your prompt response.,Billing,High,synthetic
TICK-001501,I need an official tax invoice and payment receipt for order 69606. Thank you for your assistance.,Billing,High,synthetic
TICK-002175,Software installation fails due to missing DLL files on Windows 11.,Technical Support,Low,synthetic
TICK-002913,Item arrived damaged in transit. I want an immediate full refund. Contact me via email or phone.,Refund,Low,synthetic
TICK-001758,VPN connection drops every 5 minutes unexpectedly. Urgent attention required.,Technical Support,High,synthetic
TICK-003009,I need to change shipping address for order 73077 before dispatch.,Shipping,Medium,synthetic
TICK-003056,Estimated delivery date has passed but package has not arrived. Please advise as soon as possible.,Shipping,Low,synthetic
TICK-005126,Does your enterprise plan support custom API integrations? Appreciate a quick update on this.,Product Inquiry,Low,synthetic
TICK-001108,I noticed an unauthorized charge of $249.5 on my monthly invoice. Urgent attention required.,Billing,Medium,synthetic
TICK-004750,Appalled by lack of response to critical security vulnerability report. Appreciate a quick update on this.,Complaint,Critical,synthetic
TICK-004264,Escalating issue: product failed during critical presentation. Thank you for your assistance.,Complaint,Medium,synthetic
TICK-003015,Package arrived with crushed outer box and broken contents. Please advise as soon as possible.,Shipping,Medium,synthetic
TICK-002826,The product quality is sub-par and does not match description. Please refund. Looking forward to your prompt response.,Refund,High,synthetic
TICK-005937,I want to cancel my subscription effective immediately. Kindly look into this matter promptly.,Cancellation,Medium,synthetic
TICK-001625,There is a billing discrepancy on my recent statement for billing period Jan 2026. Thank you for your assistance.,Billing,Medium,synthetic
TICK-002628,Item arrived damaged in transit. I want an immediate full refund. Looking forward to your prompt response.,Refund,High,synthetic
TICK-005325,Can I try out premium features during a free trial demo? Looking forward to your prompt response.,Product Inquiry,High,synthetic
TICK-003226,Delivery courier left parcel in rain without notification. Looking forward to your prompt response.,Shipping,Medium,synthetic
TICK-002786,"Charged after cancellation request, need immediate reimbursement. Please advise as soon as possible.",Refund,Medium,synthetic
TICK-001282,There is a billing discrepancy on my recent statement for billing period Jan 2026. Kindly look into this matter promptly.,Billing,Medium,synthetic
TICK-003626,Single Sign-On (SSO) integration is failing for company domain. Please advise as soon as possible.,Account,Medium,synthetic
TICK-003150,"Express shipping paid, but package sent via standard economy post. Urgent attention required.",Shipping,Low,synthetic
TICK-001663,System crashed completely during export task showing error code NULL_POINTER_EXC. Thank you for your assistance.,Technical Support,High,synthetic
TICK-004826,Formal complaint regarding poor product build quality and support delay. Thank you for your assistance.,Complaint,High,synthetic
TICK-006083,Closing subscription due to missing essential features. Looking forward to your prompt response.,Cancellation,Medium,synthetic
TICK-004810,Appalled by lack of response to critical security vulnerability report.,Complaint,Medium,synthetic
TICK-002505,Order was canceled by system but refund has not posted to my account. Thank you for your assistance.,Refund,Low,synthetic
TICK-003514,My order 17117 was shipped to wrong delivery address. Thank you for your assistance.,Shipping,Medium,synthetic
TICK-006028,Need assistance closing and permanently deleting my account. Looking forward to your prompt response.,Cancellation,Medium,synthetic
TICK-005207,Can I try out premium features during a free trial demo? Kindly look into this matter promptly.,Product Inquiry,Low,synthetic
TICK-003625,My profile settings fail to save changes. Contact me via email or phone.,Account,High,synthetic
TICK-003341,Customs clearance is delaying package shipment at border transit. Looking forward to your prompt response.,Shipping,Low,synthetic
TICK-003761,Received suspicious password reset email without requesting it. Kindly look into this matter promptly.,Account,High,synthetic
TICK-005700,I want to cancel my subscription effective immediately. Urgent attention required.,Cancellation,Critical,synthetic
TICK-005510,What are the hardware specifications required to run this software? Urgent attention required.,Product Inquiry,Medium,synthetic
TICK-002286,VPN connection drops every 5 minutes unexpectedly. Thank you for your assistance.,Technical Support,Medium,synthetic
TICK-005922,Canceling contract due to budget constraints in our organization. Looking forward to your prompt response.,Cancellation,High,synthetic
TICK-003635,My account has been locked due to multiple failed login attempts. Urgent attention required.,Account,High,synthetic
TICK-003469,Estimated delivery date has passed but package has not arrived. Kindly look into this matter promptly.,Shipping,Low,synthetic
TICK-003714,How do I transfer account ownership to another administrator? Urgent attention required.,Account,Medium,synthetic
TICK-002081,System crashed completely during export task showing error code AUTH_DENIED. Contact me via email or phone.,Technical Support,Low,synthetic
TICK-002994,"Express shipping paid, but package sent via standard economy post. Please advise as soon as possible.",Shipping,Medium,synthetic
TICK-001093,I received a late payment penalty charge even though I paid on time. Kindly look into this matter promptly.,Billing,High,synthetic
TICK-004421,Agent closed my support ticket without resolving the actual issue. Please advise as soon as possible.,Complaint,High,synthetic
TICK-001718,The web application keeps throwing 500 internal server errors when submitting forms. Contact me via email or phone.,Technical Support,High,synthetic
TICK-001696,Bluetooth sync is failing between the hardware device and dashboard. Please advise as soon as possible.,Technical Support,High,synthetic
TICK-004861,System downtime caused business revenue loss for our team. Thank you for your assistance.,Complaint,High,synthetic
TICK-002154,The desktop application freezes every time I click the save button. Urgent attention required.,Technical Support,High,synthetic
TICK-004780,Escalating issue: product failed during critical presentation. Appreciate a quick update on this.,Complaint,Medium,synthetic
TICK-005640,We are switching to an alternative solution and wish to terminate service. Appreciate a quick update on this.,Cancellation,Medium,synthetic
TICK-002202,System crashed completely during export task showing error code SOCKET_TIMEOUT. Urgent attention required.,Technical Support,Medium,synthetic
TICK-001408,My credit card was charged twice for transaction 87292. Please advise as soon as possible.,Billing,Medium,synthetic
TICK-006196,I want to cancel my subscription effective immediately. Appreciate a quick update on this.,Cancellation,Medium,synthetic
TICK-003069,Delivery courier left parcel in rain without notification. Contact me via email or phone.,Shipping,Critical,synthetic
TICK-005684,Requesting account closure and deletion of stored customer data. Urgent attention required.,Cancellation,High,synthetic
TICK-004086,Single Sign-On (SSO) integration is failing for company domain. Looking forward to your prompt response.,Account,High,synthetic
TICK-003651,How do I transfer account ownership to another administrator? Contact me via email or phone.,Account,High,synthetic
TICK-005939,Closing subscription due to missing essential features. Kindly look into this matter promptly.,Cancellation,Medium,synthetic
TICK-003247,"Express shipping paid, but package sent via standard economy post. Thank you for your assistance.",Shipping,Critical,synthetic
TICK-005558,I want to cancel my subscription effective immediately. Looking forward to your prompt response.,Cancellation,Low,synthetic
TICK-004526,Agent closed my support ticket without resolving the actual issue. Thank you for your assistance.,Complaint,High,synthetic
TICK-002007,Software installation fails due to missing DLL files on Windows 11.,Technical Support,Low,synthetic
TICK-002904,Returned package was delivered to warehouse. When will refund be processed?,Refund,High,synthetic
TICK-003665,Account permissions are misconfigured and user cannot access dashboard. Urgent attention required.,Account,High,synthetic
TICK-002599,Returned package was delivered to warehouse. When will refund be processed? Appreciate a quick update on this.,Refund,Low,synthetic
TICK-003563,My order 89194 was shipped to wrong delivery address. Contact me via email or phone.,Shipping,Medium,synthetic
TICK-002511,I requested a refund for order 30016 two weeks ago but haven't received it. Please advise as soon as possible.,Refund,Medium,synthetic
TICK-004565,Very dissatisfied with rude customer service representative on call. Urgent attention required.,Complaint,High,synthetic
TICK-006033,Canceling contract due to budget constraints in our organization. Appreciate a quick update on this.,Cancellation,Medium,synthetic
TICK-003375,Customs clearance is delaying package shipment at border transit. Please advise as soon as possible.,Shipping,Medium,synthetic
TICK-002863,I requested a refund for order 62244 two weeks ago but haven't received it. Appreciate a quick update on this.,Refund,High,synthetic
TICK-006148,Requesting account closure and deletion of stored customer data. Urgent attention required.,Cancellation,High,synthetic
TICK-004762,Very dissatisfied with rude customer service representative on call. Thank you for your assistance.,Complaint,Medium,synthetic
TICK-001094,Can you update my credit card billing address and tax ID for billing?,Billing,High,synthetic
TICK-005691,Closing subscription due to missing essential features.,Cancellation,Medium,synthetic
TICK-001899,System crashed completely during export task showing error code AUTH_DENIED. Kindly look into this matter promptly.,Technical Support,Medium,synthetic
TICK-004435,System downtime caused business revenue loss for our team. Looking forward to your prompt response.,Complaint,Medium,synthetic
TICK-004104,My account has been locked due to multiple failed login attempts. Appreciate a quick update on this.,Account,High,synthetic
TICK-005479,What are the hardware specifications required to run this software? Contact me via email or phone.,Product Inquiry,Low,synthetic
TICK-005072,Does your enterprise plan support custom API integrations? Contact me via email or phone.,Product Inquiry,Low,synthetic
TICK-001316,I need an official tax invoice and payment receipt for order 92323. Thank you for your assistance.,Billing,Medium,synthetic
TICK-005284,What are the hardware specifications required to run this software?,Product Inquiry,Low,synthetic
TICK-005993,I want to cancel my subscription effective immediately. Thank you for your assistance.,Cancellation,High,synthetic
TICK-003610,My account has been locked due to multiple failed login attempts. Looking forward to your prompt response.,Account,High,synthetic
TICK-003879,How do I transfer account ownership to another administrator? Please advise as soon as possible.,Account,High,synthetic
TICK-005448,Is this product compatible with macOS Sequoia and Apple Silicon? Looking forward to your prompt response.,Product Inquiry,Low,synthetic
TICK-003115,I need to change shipping address for order 34296 before dispatch. Looking forward to your prompt response.,Shipping,Medium,synthetic
TICK-004913,What are the hardware specifications required to run this software? Thank you for your assistance.,Product Inquiry,Medium,synthetic
TICK-005732,Canceling contract due to budget constraints in our organization.,Cancellation,Low,synthetic
TICK-003926,I cannot log into my account despite entering correct password. Looking forward to your prompt response.,Account,Medium,synthetic
TICK-002692,I requested a refund for order 71762 two weeks ago but haven't received it. Kindly look into this matter promptly.,Refund,High,synthetic
TICK-002590,"Charged after cancellation request, need immediate reimbursement. Kindly look into this matter promptly.",Refund,Low,synthetic
TICK-005697,Please confirm cancellation of recurring billing for account 17541.,Cancellation,Medium,synthetic
TICK-005412,Does your enterprise plan support custom API integrations? Looking forward to your prompt response.,Product Inquiry,Low,synthetic
TICK-004460,Formal complaint regarding poor product build quality and support delay. Looking forward to your prompt response.,Complaint,High,synthetic
TICK-002685,"Charged after cancellation request, need immediate reimbursement. Contact me via email or phone.",Refund,Medium,synthetic
TICK-004169,Single Sign-On (SSO) integration is failing for company domain. Thank you for your assistance.,Account,High,synthetic
TICK-001556,I noticed an unauthorized charge of $49.0 on my monthly invoice. Contact me via email or phone.,Billing,High,synthetic
TICK-002405,Item arrived damaged in transit. I want an immediate full refund.,Refund,Critical,synthetic
TICK-002664,I requested a refund for order 71481 two weeks ago but haven't received it.,Refund,Medium,synthetic
TICK-003454,Customs clearance is delaying package shipment at border transit. Thank you for your assistance.,Shipping,Medium,synthetic
TICK-001155,Can you update my credit card billing address and tax ID for billing? Kindly look into this matter promptly.,Billing,Critical,synthetic
TICK-003882,Unable to reset password via email link; link expired immediately. Looking forward to your prompt response.,Account,High,synthetic
TICK-002027,Software installation fails due to missing DLL files on Windows 11. Please advise as soon as possible.,Technical Support,High,synthetic
TICK-001646,I am being billed for a service that was supposed to be free during trial.,Billing,Critical,synthetic
TICK-004931,What are the hardware specifications required to run this software?,Product Inquiry,Low,synthetic
TICK-006157,Please turn off auto-renewal for my annual membership plan. Appreciate a quick update on this.,Cancellation,Medium,synthetic
TICK-006066,We are switching to an alternative solution and wish to terminate service. Urgent attention required.,Cancellation,Medium,synthetic
TICK-005410,Can I try out premium features during a free trial demo? Urgent attention required.,Product Inquiry,Medium,synthetic
TICK-001454,I noticed an unauthorized charge of $49.0 on my monthly invoice. Contact me via email or phone.,Billing,High,synthetic
TICK-005488,Does your enterprise plan support custom API integrations? Thank you for your assistance.,Product Inquiry,Low,synthetic
TICK-006167,We are switching to an alternative solution and wish to terminate service. Contact me via email or phone.,Cancellation,Medium,synthetic
TICK-003033,Package arrived with crushed outer box and broken contents. Thank you for your assistance.,Shipping,Medium,synthetic
TICK-005572,Please confirm cancellation of recurring billing for account 44563. Appreciate a quick update on this.,Cancellation,Critical,synthetic
TICK-002048,Software installation fails due to missing DLL files on Windows 11. Kindly look into this matter promptly.,Technical Support,Medium,synthetic
TICK-004553,Repeatedly transferred between agents without any resolution.,Complaint,High,synthetic
TICK-001597,I am being billed for a service that was supposed to be free during trial.,Billing,Low,synthetic
TICK-002366,Item arrived damaged in transit. I want an immediate full refund.,Refund,High,synthetic
TICK-001497,Why was I billed $249.5 when my plan is $29.99? Appreciate a quick update on this.,Billing,Medium,synthetic
TICK-001530,"My payment failed yesterday, but money was deducted from my bank account. Please advise as soon as possible.",Billing,High,synthetic
TICK-003709,Unable to reset password via email link; link expired immediately. Contact me via email or phone.,Account,Medium,synthetic
TICK-001782,Mobile app keeps crashing on launch after updating to latest iOS/Android version. Appreciate a quick update on this.,Technical Support,Medium,synthetic
TICK-003508,Delivery courier left parcel in rain without notification. Urgent attention required.,Shipping,Medium,synthetic
TICK-005671,How do I cancel my order before it enters fulfillment phase? Kindly look into this matter promptly.,Cancellation,Medium,synthetic
TICK-001257,I received a late payment penalty charge even though I paid on time.,Billing,Medium,synthetic
TICK-001251,I need an official tax invoice and payment receipt for order 61987. Kindly look into this matter promptly.,Billing,Medium,synthetic
TICK-004773,Appalled by lack of response to critical security vulnerability report. Looking forward to your prompt response.,Complaint,Medium,synthetic
TICK-004315,Escalating issue: product failed during critical presentation. Please advise as soon as possible.,Complaint,Low,synthetic
TICK-003311,Where is my package? Tracking number 64839 shows no movement for 5 days. Appreciate a quick update on this.,Shipping,Critical,synthetic
TICK-005828,How do I cancel my order before it enters fulfillment phase?,Cancellation,High,synthetic
TICK-003836,I cannot log into my account despite entering correct password. Please advise as soon as possible.,Account,High,synthetic
TICK-003935,Two-factor authentication code is not being received on my phone. Urgent attention required.,Account,Medium,synthetic
TICK-003717,Account permissions are misconfigured and user cannot access dashboard. Looking forward to your prompt response.,Account,Critical,synthetic
TICK-001637,"My payment failed yesterday, but money was deducted from my bank account. Kindly look into this matter promptly.",Billing,Medium,synthetic
TICK-001415,I noticed an unauthorized charge of $19.99 on my monthly invoice. Contact me via email or phone.,Billing,Medium,synthetic
TICK-002102,VPN connection drops every 5 minutes unexpectedly. Urgent attention required.,Technical Support,High,synthetic
TICK-002113,Bluetooth sync is failing between the hardware device and dashboard. Urgent attention required.,Technical Support,Medium,synthetic
TICK-001321,There is a billing discrepancy on my recent statement for billing period Feb 2026.,Billing,Critical,synthetic
TICK-002767,Service was down during our event. Requesting credit refund to account. Please advise as soon as possible.,Refund,Medium,synthetic
TICK-005765,Please confirm cancellation of recurring billing for account 57439. Looking forward to your prompt response.,Cancellation,High,synthetic
TICK-002324,"Charged after cancellation request, need immediate reimbursement. Urgent attention required.",Refund,Low,synthetic
TICK-001599,I noticed an unauthorized charge of $19.99 on my monthly invoice. Looking forward to your prompt response.,Billing,High,synthetic
TICK-004804,System downtime caused business revenue loss for our team. Thank you for your assistance.,Complaint,Medium,synthetic
TICK-003344,International shipment stuck at distribution center for over a week. Contact me via email or phone.,Shipping,Medium,synthetic
TICK-003867,Account permissions are misconfigured and user cannot access dashboard. Contact me via email or phone.,Account,Medium,synthetic
TICK-002020,The desktop application freezes every time I click the save button. Appreciate a quick update on this.,Technical Support,High,synthetic
TICK-004385,Very dissatisfied with rude customer service representative on call.,Complaint,Medium,synthetic
TICK-002304,"Charged after cancellation request, need immediate reimbursement. Contact me via email or phone.",Refund,Critical,synthetic
TICK-005930,Subscription cancellation button is missing from account settings page. Please advise as soon as possible.,Cancellation,Medium,synthetic
TICK-002333,"Charged after cancellation request, need immediate reimbursement. Please advise as soon as possible.",Refund,Critical,synthetic
TICK-003779,Two-factor authentication code is not being received on my phone. Looking forward to your prompt response.,Account,High,synthetic
TICK-005270,Does the cloud platform comply with SOC2 and HIPAA standards? Urgent attention required.,Product Inquiry,Low,synthetic
TICK-005916,Need assistance closing and permanently deleting my account. Contact me via email or phone.,Cancellation,Low,synthetic
TICK-003971,Two-factor authentication code is not being received on my phone. Thank you for your assistance.,Account,High,synthetic
TICK-006182,We are switching to an alternative solution and wish to terminate service. Thank you for your assistance.,Cancellation,Critical,synthetic
TICK-006130,I want to cancel my subscription effective immediately.,Cancellation,Medium,synthetic
TICK-003074,International shipment stuck at distribution center for over a week. Please advise as soon as possible.,Shipping,High,synthetic
TICK-002028,Software installation fails due to missing DLL files on Windows 11. Contact me via email or phone.,Technical Support,Medium,synthetic
TICK-003726,My profile settings fail to save changes. Contact me via email or phone.,Account,High,synthetic
TICK-005876,Closing subscription due to missing essential features. Please advise as soon as possible.,Cancellation,Low,synthetic
TICK-003794,My account has been locked due to multiple failed login attempts. Urgent attention required.,Account,Critical,synthetic
TICK-005417,Looking for comparison between standard and professional tiers. Please advise as soon as possible.,Product Inquiry,Medium,synthetic
TICK-004036,Received suspicious password reset email without requesting it. Kindly look into this matter promptly.,Account,Medium,synthetic
TICK-003965,I need to update my registered email address and phone number. Thank you for your assistance.,Account,High,synthetic
TICK-005698,Canceling contract due to budget constraints in our organization. Please advise as soon as possible.,Cancellation,Low,synthetic
TICK-004784,Formal complaint regarding poor product build quality and support delay. Contact me via email or phone.,Complaint,Medium,synthetic
TICK-003983,Two-factor authentication code is not being received on my phone. Contact me via email or phone.,Account,High,synthetic
TICK-002247,Software installation fails due to missing DLL files on Windows 11. Looking forward to your prompt response.,Technical Support,High,synthetic
TICK-006008,Subscription cancellation button is missing from account settings page.,Cancellation,Critical,synthetic
TICK-004170,My profile settings fail to save changes. Looking forward to your prompt response.,Account,Medium,synthetic
TICK-004957,Can you provide information on bulk licensing discounts for 500+ users? Appreciate a quick update on this.,Product Inquiry,High,synthetic
TICK-005282,Is this product compatible with macOS Sequoia and Apple Silicon? Urgent attention required.,Product Inquiry,Medium,synthetic
TICK-001010,Can you update my credit card billing address and tax ID for billing? Appreciate a quick update on this.,Billing,High,synthetic
TICK-004902,Looking for comparison between standard and professional tiers. Contact me via email or phone.,Product Inquiry,Medium,synthetic
TICK-003025,International shipment stuck at distribution center for over a week. Please advise as soon as possible.,Shipping,Medium,synthetic
TICK-005053,Can you provide information on bulk licensing discounts for 500+ users? Looking forward to your prompt response.,Product Inquiry,Medium,synthetic
TICK-002583,Returned package was delivered to warehouse. When will refund be processed? Appreciate a quick update on this.,Refund,Medium,synthetic
TICK-004472,System downtime caused business revenue loss for our team.,Complaint,Critical,synthetic
TICK-003910,Unable to reset password via email link; link expired immediately. Kindly look into this matter promptly.,Account,Critical,synthetic
TICK-001995,Page load times are extremely slow and API calls are timing out. Contact me via email or phone.,Technical Support,High,synthetic
TICK-001414,Can you update my credit card billing address and tax ID for billing?,Billing,Medium,synthetic
TICK-004892,Repeatedly transferred between agents without any resolution.,Complaint,Critical,synthetic
TICK-001295,I am being billed for a service that was supposed to be free during trial. Kindly look into this matter promptly.,Billing,High,synthetic
TICK-005409,What is the warranty period and coverage for international orders? Looking forward to your prompt response.,Product Inquiry,Low,synthetic
TICK-001235,Can you update my credit card billing address and tax ID for billing? Appreciate a quick update on this.,Billing,High,synthetic
TICK-002309,Service was down during our event. Requesting credit refund to account. Kindly look into this matter promptly.,Refund,High,synthetic
TICK-001059,Double charge observed on my bank statement for invoice 12560. Looking forward to your prompt response.,Billing,High,synthetic
TICK-002122,VPN connection drops every 5 minutes unexpectedly.,Technical Support,High,synthetic
TICK-001482,Double charge observed on my bank statement for invoice 93574.,Billing,High,synthetic
TICK-003679,My account has been locked due to multiple failed login attempts. Contact me via email or phone.,Account,High,synthetic
TICK-004874,Very dissatisfied with rude customer service representative on call.,Complaint,High,synthetic
TICK-002430,Partial refund missing from my previous dispute case 29841. Appreciate a quick update on this.,Refund,Medium,synthetic
TICK-003427,Package arrived with crushed outer box and broken contents. Urgent attention required.,Shipping,Critical,synthetic
TICK-004860,Repeatedly transferred between agents without any resolution. Urgent attention required.,Complaint,High,synthetic
TICK-001092,Can you update my credit card billing address and tax ID for billing? Kindly look into this matter promptly.,Billing,Medium,synthetic
TICK-002050,Unable to connect to remote database server from IP address 192.168.78.186. Contact me via email or phone.,Technical Support,High,synthetic
TICK-001774,My internet is not working and the router LED is blinking red. Appreciate a quick update on this.,Technical Support,High,synthetic
TICK-005659,I want to cancel my subscription effective immediately. Kindly look into this matter promptly.,Cancellation,High,synthetic
TICK-003258,My order 66063 was shipped to wrong delivery address. Appreciate a quick update on this.,Shipping,Critical,synthetic
TICK-002880,Order was canceled by system but refund has not posted to my account.,Refund,Medium,synthetic
TICK-004996,Looking for comparison between standard and professional tiers. Please advise as soon as possible.,Product Inquiry,Low,synthetic
TICK-002033,My internet is not working and the router LED is blinking red. Looking forward to your prompt response.,Technical Support,Medium,synthetic
TICK-002872,Returned package was delivered to warehouse. When will refund be processed? Thank you for your assistance.,Refund,High,synthetic
TICK-005689,Subscription cancellation button is missing from account settings page. Looking forward to your prompt response.,Cancellation,Critical,synthetic
TICK-003835,I need to update my registered email address and phone number. Kindly look into this matter promptly.,Account,Low,synthetic
TICK-006116,Canceling contract due to budget constraints in our organization. Please advise as soon as possible.,Cancellation,Medium,synthetic
TICK-002454,"Charged after cancellation request, need immediate reimbursement.",Refund,Low,synthetic
TICK-005953,Please turn off auto-renewal for my annual membership plan. Appreciate a quick update on this.,Cancellation,Medium,synthetic
TICK-002253,The web application keeps throwing 500 internal server errors when submitting forms. Contact me via email or phone.,Technical Support,Critical,synthetic
TICK-003818,I need to update my registered email address and phone number.,Account,Critical,synthetic
TICK-005957,Canceling contract due to budget constraints in our organization.,Cancellation,Medium,synthetic
TICK-005711,How do I cancel my order before it enters fulfillment phase? Looking forward to your prompt response.,Cancellation,High,synthetic
TICK-002678,I demand a prompt refund for defective goods received yesterday. Appreciate a quick update on this.,Refund,Medium,synthetic
TICK-003274,My order 74006 was shipped to wrong delivery address. Contact me via email or phone.,Shipping,Medium,synthetic
TICK-005655,Please confirm cancellation of recurring billing for account 79616. Thank you for your assistance.,Cancellation,Medium,synthetic
TICK-002509,Order was canceled by system but refund has not posted to my account.,Refund,High,synthetic
TICK-005330,What are the hardware specifications required to run this software?,Product Inquiry,Low,synthetic
TICK-005161,Can you provide information on bulk licensing discounts for 500+ users? Please advise as soon as possible.,Product Inquiry,Low,synthetic
TICK-005825,Canceling contract due to budget constraints in our organization. Thank you for your assistance.,Cancellation,High,synthetic
TICK-004485,Appalled by lack of response to critical security vulnerability report. Kindly look into this matter promptly.,Complaint,Critical,synthetic
TICK-001845,Mobile app keeps crashing on launch after updating to latest iOS/Android version. Contact me via email or phone.,Technical Support,Critical,synthetic
TICK-006024,How do I cancel my order before it enters fulfillment phase? Urgent attention required.,Cancellation,Medium,synthetic
TICK-002853,Service was down during our event. Requesting credit refund to account. Urgent attention required.,Refund,Low,synthetic
TICK-001878,VPN connection drops every 5 minutes unexpectedly. Kindly look into this matter promptly.,Technical Support,Low,synthetic
TICK-001098,I am being billed for a service that was supposed to be free during trial. Appreciate a quick update on this.,Billing,High,synthetic
TICK-006085,How do I cancel my order before it enters fulfillment phase? Contact me via email or phone.,Cancellation,Low,synthetic
TICK-005914,Canceling contract due to budget constraints in our organization. Kindly look into this matter promptly.,Cancellation,Medium,synthetic
TICK-001185,There is a billing discrepancy on my recent statement for billing period Jan 2026. Kindly look into this matter promptly.,Billing,Medium,synthetic
TICK-003230,International shipment stuck at distribution center for over a week. Looking forward to your prompt response.,Shipping,Low,synthetic
TICK-003929,Two-factor authentication code is not being received on my phone. Thank you for your assistance.,Account,High,synthetic
TICK-003494,Package arrived with crushed outer box and broken contents. Please advise as soon as possible.,Shipping,Medium,synthetic
TICK-001819,VPN connection drops every 5 minutes unexpectedly. Appreciate a quick update on this.,Technical Support,Medium,synthetic
TICK-003106,"Express shipping paid, but package sent via standard economy post. Appreciate a quick update on this.",Shipping,Critical,synthetic
TICK-002983,Where is my package? Tracking number 50729 shows no movement for 5 days. Please advise as soon as possible.,Shipping,Medium,synthetic
TICK-002329,Item arrived damaged in transit. I want an immediate full refund. Please advise as soon as possible.,Refund,Medium,synthetic
TICK-005875,Need assistance closing and permanently deleting my account. Thank you for your assistance.,Cancellation,Medium,synthetic
TICK-003212,I need to change shipping address for order 85065 before dispatch. Looking forward to your prompt response.,Shipping,Medium,synthetic
TICK-005731,Please turn off auto-renewal for my annual membership plan. Looking forward to your prompt response.,Cancellation,Critical,synthetic
TICK-001586,Double charge observed on my bank statement for invoice 80956. Urgent attention required.,Billing,High,synthetic
TICK-003405,International shipment stuck at distribution center for over a week. Thank you for your assistance.,Shipping,Medium,synthetic
TICK-003176,Estimated delivery date has passed but package has not arrived. Looking forward to your prompt response.,Shipping,Low,synthetic
TICK-003705,I cannot log into my account despite entering correct password.,Account,Critical,synthetic
TICK-005006,Where can I find user manuals and documentation for model PRO-403? Kindly look into this matter promptly.,Product Inquiry,Low,synthetic
TICK-003109,My order 14552 was shipped to wrong delivery address.,Shipping,Medium,synthetic
TICK-005685,Please confirm cancellation of recurring billing for account 27909. Urgent attention required.,Cancellation,Medium,synthetic
TICK-001058,I received a late payment penalty charge even though I paid on time. Looking forward to your prompt response.,Billing,Critical,synthetic
TICK-005421,What are the hardware specifications required to run this software?,Product Inquiry,Low,synthetic
TICK-001592,I need an official tax invoice and payment receipt for order 36812.,Billing,High,synthetic
TICK-005515,Can I try out premium features during a free trial demo? Looking forward to your prompt response.,Product Inquiry,Medium,synthetic
TICK-003483,My order 70262 was shipped to wrong delivery address. Looking forward to your prompt response.,Shipping,High,synthetic
TICK-005197,Looking for comparison between standard and professional tiers. Please advise as soon as possible.,Product Inquiry,Low,synthetic
TICK-005438,Looking for comparison between standard and professional tiers. Please advise as soon as possible.,Product Inquiry,Low,synthetic
TICK-002070,My internet is not working and the router LED is blinking red. Please advise as soon as possible.,Technical Support,Medium,synthetic
TICK-001176,There is a billing discrepancy on my recent statement for billing period Q1 2026.,Billing,Critical,synthetic
TICK-003934,Unable to reset password via email link; link expired immediately.,Account,High,synthetic
TICK-005795,Need assistance closing and permanently deleting my account. Kindly look into this matter promptly.,Cancellation,Low,synthetic
TICK-002552,Item arrived damaged in transit. I want an immediate full refund. Kindly look into this matter promptly.,Refund,Medium,synthetic
TICK-004893,Repeatedly transferred between agents without any resolution. Thank you for your assistance.,Complaint,Medium,synthetic
TICK-003771,Single Sign-On (SSO) integration is failing for company domain. Thank you for your assistance.,Account,High,synthetic
TICK-002361,"Charged after cancellation request, need immediate reimbursement. Kindly look into this matter promptly.",Refund,Medium,synthetic
TICK-005176,Is this product compatible with macOS Sequoia and Apple Silicon? Urgent attention required.,Product Inquiry,Low,synthetic
TICK-001297,Can you update my credit card billing address and tax ID for billing? Contact me via email or phone.,Billing,Medium,synthetic
TICK-005015,Can I try out premium features during a free trial demo? Thank you for your assistance.,Product Inquiry,Low,synthetic
TICK-005275,Can you provide information on bulk licensing discounts for 500+ users? Looking forward to your prompt response.,Product Inquiry,Low,synthetic
TICK-005373,Where can I find user manuals and documentation for model PRO-715? Contact me via email or phone.,Product Inquiry,Low,synthetic
TICK-003558,My order 96168 was shipped to wrong delivery address. Looking forward to your prompt response.,Shipping,Low,synthetic
TICK-001109,"My payment failed yesterday, but money was deducted from my bank account. Urgent attention required.",Billing,Low,synthetic
TICK-003815,Two-factor authentication code is not being received on my phone. Appreciate a quick update on this.,Account,High,synthetic
TICK-002805,Partial refund missing from my previous dispute case 29383. Thank you for your assistance.,Refund,Low,synthetic
TICK-003039,Estimated delivery date has passed but package has not arrived.,Shipping,Medium,synthetic
TICK-004587,Very dissatisfied with rude customer service representative on call. Looking forward to your prompt response.,Complaint,Medium,synthetic
TICK-005622,Requesting account closure and deletion of stored customer data. Appreciate a quick update on this.,Cancellation,Low,synthetic
TICK-002624,Item arrived damaged in transit. I want an immediate full refund. Looking forward to your prompt response.,Refund,Low,synthetic
TICK-003842,I cannot log into my account despite entering correct password. Thank you for your assistance.,Account,High,synthetic
TICK-001302,Why was I billed $49.0 when my plan is $9.99? Urgent attention required.,Billing,Medium,synthetic
TICK-004554,Agent closed my support ticket without resolving the actual issue. Urgent attention required.,Complaint,Low,synthetic
TICK-004179,I cannot log into my account despite entering correct password. Kindly look into this matter promptly.,Account,High,synthetic
TICK-005589,How do I cancel my order before it enters fulfillment phase? Contact me via email or phone.,Cancellation,Medium,synthetic
TICK-006194,We are switching to an alternative solution and wish to terminate service. Please advise as soon as possible.,Cancellation,Low,synthetic
TICK-004749,Escalating issue: product failed during critical presentation. Urgent attention required.,Complaint,Critical,synthetic
TICK-001007,There is a billing discrepancy on my recent statement for billing period Jan 2026. Thank you for your assistance.,Billing,High,synthetic
TICK-003568,Where is my package? Tracking number 75947 shows no movement for 5 days.,Shipping,Critical,synthetic
TICK-001403,Can you update my credit card billing address and tax ID for billing? Kindly look into this matter promptly.,Billing,High,synthetic
TICK-003322,"Tracking indicates delivered, but package is missing from my doorstep.",Shipping,Low,synthetic
TICK-001816,VPN connection drops every 5 minutes unexpectedly. Looking forward to your prompt response.,Technical Support,Medium,synthetic
TICK-005556,Please turn off auto-renewal for my annual membership plan. Contact me via email or phone.,Cancellation,Low,synthetic
TICK-001840,VPN connection drops every 5 minutes unexpectedly. Looking forward to your prompt response.,Technical Support,Medium,synthetic
TICK-004621,No response to urgent tickets for 72 hours despite premium support SLA. Appreciate a quick update on this.,Complaint,Low,synthetic
TICK-005776,Canceling contract due to budget constraints in our organization. Kindly look into this matter promptly.,Cancellation,High,synthetic
TICK-001330,My credit card was charged twice for transaction 42053. Please advise as soon as possible.,Billing,High,synthetic
TICK-001409,"My payment failed yesterday, but money was deducted from my bank account. Please advise as soon as possible.",Billing,Low,synthetic
TICK-005920,We are switching to an alternative solution and wish to terminate service.,Cancellation,Medium,synthetic
TICK-004202,Unable to reset password via email link; link expired immediately. Please advise as soon as possible.,Account,Medium,synthetic
TICK-003754,My profile settings fail to save changes. Thank you for your assistance.,Account,Medium,synthetic
TICK-004418,Worst service experience ever! Unprofessional support team. Appreciate a quick update on this.,Complaint,Low,synthetic
TICK-002846,Item arrived damaged in transit. I want an immediate full refund. Looking forward to your prompt response.,Refund,Low,synthetic
TICK-003616,I cannot log into my account despite entering correct password. Looking forward to your prompt response.,Account,High,synthetic
TICK-004811,Repeatedly transferred between agents without any resolution. Contact me via email or phone.,Complaint,Critical,synthetic
TICK-002364,Item arrived damaged in transit. I want an immediate full refund. Urgent attention required.,Refund,High,synthetic
TICK-001130,Can you update my credit card billing address and tax ID for billing? Kindly look into this matter promptly.,Billing,Medium,synthetic
TICK-002159,Mobile app keeps crashing on launch after updating to latest iOS/Android version.,Technical Support,High,synthetic
TICK-003939,Unable to reset password via email link; link expired immediately. Appreciate a quick update on this.,Account,Medium,synthetic
TICK-001668,My internet is not working and the router LED is blinking red. Please advise as soon as possible.,Technical Support,High,synthetic
TICK-004291,Worst service experience ever! Unprofessional support team. Appreciate a quick update on this.,Complaint,Low,synthetic
TICK-004710,Very dissatisfied with rude customer service representative on call. Thank you for your assistance.,Complaint,Low,synthetic
TICK-006072,Canceling contract due to budget constraints in our organization. Kindly look into this matter promptly.,Cancellation,Low,synthetic
TICK-002657,I accidentally purchased the wrong subscription tier and need money back. Kindly look into this matter promptly.,Refund,Low,synthetic
TICK-003799,My profile settings fail to save changes. Kindly look into this matter promptly.,Account,High,synthetic
TICK-004598,Misleading advertising regarding feature capabilities on sales page. Appreciate a quick update on this.,Complaint,Critical,synthetic
TICK-005302,Does your enterprise plan support custom API integrations? Appreciate a quick update on this.,Product Inquiry,Medium,synthetic
TICK-002322,The product quality is sub-par and does not match description. Please refund. Kindly look into this matter promptly.,Refund,Medium,synthetic
TICK-002354,Item arrived damaged in transit. I want an immediate full refund. Contact me via email or phone.,Refund,High,synthetic
TICK-003872,I cannot log into my account despite entering correct password. Appreciate a quick update on this.,Account,High,synthetic
TICK-005743,Need assistance closing and permanently deleting my account. Kindly look into this matter promptly.,Cancellation,High,synthetic
TICK-002132,Bluetooth sync is failing between the hardware device and dashboard. Thank you for your assistance.,Technical Support,High,synthetic
TICK-002687,I accidentally purchased the wrong subscription tier and need money back. Looking forward to your prompt response.,Refund,Medium,synthetic
TICK-002085,Mobile app keeps crashing on launch after updating to latest iOS/Android version. Please advise as soon as possible.,Technical Support,High,synthetic
TICK-001177,Can you update my credit card billing address and tax ID for billing? Please advise as soon as possible.,Billing,High,synthetic
TICK-005044,What is the warranty period and coverage for international orders? Thank you for your assistance.,Product Inquiry,High,synthetic
TICK-004416,Formal complaint regarding poor product build quality and support delay. Contact me via email or phone.,Complaint,Low,synthetic
TICK-004497,Appalled by lack of response to critical security vulnerability report. Kindly look into this matter promptly.,Complaint,High,synthetic
TICK-001072,Can you update my credit card billing address and tax ID for billing? Kindly look into this matter promptly.,Billing,Medium,synthetic
TICK-003210,Customs clearance is delaying package shipment at border transit. Kindly look into this matter promptly.,Shipping,Medium,synthetic
TICK-003820,Two-factor authentication code is not being received on my phone. Urgent attention required.,Account,Critical,synthetic
TICK-003650,How do I transfer account ownership to another administrator? Appreciate a quick update on this.,Account,Medium,synthetic
TICK-003301,International shipment stuck at distribution center for over a week. Looking forward to your prompt response.,Shipping,Low,synthetic
TICK-004748,Repeatedly transferred between agents without any resolution. Appreciate a quick update on this.,Complaint,Medium,synthetic
TICK-005136,Is this product compatible with macOS Sequoia and Apple Silicon? Contact me via email or phone.,Product Inquiry,Medium,synthetic
TICK-003297,I need to change shipping address for order 55817 before dispatch. Kindly look into this matter promptly.,Shipping,High,synthetic
TICK-003774,Single Sign-On (SSO) integration is failing for company domain. Please advise as soon as possible.,Account,High,synthetic
TICK-002263,The desktop application freezes every time I click the save button. Urgent attention required.,Technical Support,Low,synthetic
TICK-001708,The web application keeps throwing 500 internal server errors when submitting forms. Urgent attention required.,Technical Support,High,synthetic
TICK-004052,I need to update my registered email address and phone number. Kindly look into this matter promptly.,Account,High,synthetic
TICK-002770,Partial refund missing from my previous dispute case 22260. Looking forward to your prompt response.,Refund,Medium,synthetic
TICK-002409,Returned package was delivered to warehouse. When will refund be processed? Thank you for your assistance.,Refund,High,synthetic
TICK-004159,My profile settings fail to save changes. Thank you for your assistance.,Account,High,synthetic
TICK-004254,Escalating issue: product failed during critical presentation. Please advise as soon as possible.,Complaint,High,synthetic
TICK-001734,My internet is not working and the router LED is blinking red. Thank you for your assistance.,Technical Support,Medium,synthetic
TICK-001903,Page load times are extremely slow and API calls are timing out. Contact me via email or phone.,Technical Support,High,synthetic
TICK-005140,Where can I find user manuals and documentation for model PRO-268? Kindly look into this matter promptly.,Product Inquiry,Low,synthetic
TICK-001119,I am being billed for a service that was supposed to be free during trial. Appreciate a quick update on this.,Billing,High,synthetic
TICK-004241,Account permissions are misconfigured and user cannot access dashboard. Please advise as soon as possible.,Account,Critical,synthetic
TICK-005799,Please turn off auto-renewal for my annual membership plan. Looking forward to your prompt response.,Cancellation,Medium,synthetic
TICK-006077,I want to cancel my subscription effective immediately. Kindly look into this matter promptly.,Cancellation,Low,synthetic
TICK-002372,I accidentally purchased the wrong subscription tier and need money back.,Refund,Medium,synthetic
TICK-004852,System downtime caused business revenue loss for our team. Appreciate a quick update on this.,Complaint,Low,synthetic
TICK-002523,Partial refund missing from my previous dispute case 63504. Thank you for your assistance.,Refund,Medium,synthetic
TICK-001478,Why was I billed $49.0 when my plan is $9.99? Urgent attention required.,Billing,Medium,synthetic
TICK-005156,Looking for comparison between standard and professional tiers. Appreciate a quick update on this.,Product Inquiry,Medium,synthetic
TICK-005861,Canceling contract due to budget constraints in our organization. Looking forward to your prompt response.,Cancellation,Medium,synthetic
TICK-003390,"Tracking indicates delivered, but package is missing from my doorstep. Appreciate a quick update on this.",Shipping,High,synthetic
TICK-001013,I am being billed for a service that was supposed to be free during trial. Thank you for your assistance.,Billing,Medium,synthetic
TICK-001241,"My payment failed yesterday, but money was deducted from my bank account. Contact me via email or phone.",Billing,Medium,synthetic
TICK-001517,Double charge observed on my bank statement for invoice 16253. Appreciate a quick update on this.,Billing,Medium,synthetic
TICK-001851,Software installation fails due to missing DLL files on Windows 11.,Technical Support,Low,synthetic
TICK-003019,Estimated delivery date has passed but package has not arrived. Looking forward to your prompt response.,Shipping,Critical,synthetic
TICK-003490,Where is my package? Tracking number 46814 shows no movement for 5 days. Thank you for your assistance.,Shipping,Medium,synthetic
TICK-002093,VPN connection drops every 5 minutes unexpectedly. Appreciate a quick update on this.,Technical Support,Critical,synthetic
TICK-006176,We are switching to an alternative solution and wish to terminate service. Thank you for your assistance.,Cancellation,Medium,synthetic
TICK-001802,VPN connection drops every 5 minutes unexpectedly. Appreciate a quick update on this.,Technical Support,Medium,synthetic
TICK-003588,International shipment stuck at distribution center for over a week. Kindly look into this matter promptly.,Shipping,Medium,synthetic
TICK-005852,Canceling contract due to budget constraints in our organization.,Cancellation,Low,synthetic
TICK-002227,Unable to connect to remote database server from IP address 192.168.242.94. Appreciate a quick update on this.,Technical Support,Critical,synthetic
TICK-005130,Can I try out premium features during a free trial demo? Looking forward to your prompt response.,Product Inquiry,Low,synthetic
TICK-005754,Please turn off auto-renewal for my annual membership plan. Appreciate a quick update on this.,Cancellation,Medium,synthetic
TICK-004742,Escalating issue: product failed during critical presentation. Thank you for your assistance.,Complaint,Medium,synthetic
TICK-002577,Partial refund missing from my previous dispute case 18146. Thank you for your assistance.,Refund,High,synthetic
TICK-003557,Estimated delivery date has passed but package has not arrived. Kindly look into this matter promptly.,Shipping,Low,synthetic
TICK-001074,I received a late payment penalty charge even though I paid on time.,Billing,High,synthetic
TICK-004324,Appalled by lack of response to critical security vulnerability report. Contact me via email or phone.,Complaint,Medium,synthetic
TICK-004039,Account permissions are misconfigured and user cannot access dashboard. Looking forward to your prompt response.,Account,High,synthetic
TICK-001888,Page load times are extremely slow and API calls are timing out. Please advise as soon as possible.,Technical Support,Critical,synthetic
TICK-004488,System downtime caused business revenue loss for our team. Looking forward to your prompt response.,Complaint,High,synthetic
TICK-002394,"Charged after cancellation request, need immediate reimbursement. Kindly look into this matter promptly.",Refund,Medium,synthetic
TICK-001337,I noticed an unauthorized charge of $49.0 on my monthly invoice. Thank you for your assistance.,Billing,High,synthetic
TICK-005739,Closing subscription due to missing essential features. Contact me via email or phone.,Cancellation,Low,synthetic
TICK-001440,Double charge observed on my bank statement for invoice 84794. Please advise as soon as possible.,Billing,High,synthetic
TICK-001056,I am being billed for a service that was supposed to be free during trial. Appreciate a quick update on this.,Billing,Medium,synthetic
TICK-003130,My order 62166 was shipped to wrong delivery address. Contact me via email or phone.,Shipping,Low,synthetic
TICK-002723,Order was canceled by system but refund has not posted to my account. Thank you for your assistance.,Refund,Medium,synthetic
TICK-001306,I noticed an unauthorized charge of $499.0 on my monthly invoice. Kindly look into this matter promptly.,Billing,High,synthetic
TICK-004475,Very dissatisfied with rude customer service representative on call.,Complaint,High,synthetic
TICK-003335,"Tracking indicates delivered, but package is missing from my doorstep. Appreciate a quick update on this.",Shipping,High,synthetic
TICK-001103,Can you update my credit card billing address and tax ID for billing? Appreciate a quick update on this.,Billing,Medium,synthetic
TICK-004731,Escalating issue: product failed during critical presentation. Kindly look into this matter promptly.,Complaint,Medium,synthetic
TICK-004221,My account has been locked due to multiple failed login attempts. Looking forward to your prompt response.,Account,High,synthetic
TICK-001836,Mobile app keeps crashing on launch after updating to latest iOS/Android version.,Technical Support,Critical,synthetic
TICK-003599,"Express shipping paid, but package sent via standard economy post. Thank you for your assistance.",Shipping,Medium,synthetic
TICK-005519,Does your enterprise plan support custom API integrations? Appreciate a quick update on this.,Product Inquiry,Low,synthetic
TICK-002240,VPN connection drops every 5 minutes unexpectedly. Urgent attention required.,Technical Support,Medium,synthetic
TICK-003351,"Tracking indicates delivered, but package is missing from my doorstep. Please advise as soon as possible.",Shipping,Medium,synthetic
TICK-002510,I demand a prompt refund for defective goods received yesterday. Kindly look into this matter promptly.,Refund,Low,synthetic
TICK-001075,I noticed an unauthorized charge of $49.0 on my monthly invoice. Kindly look into this matter promptly.,Billing,Medium,synthetic
TICK-001528,Why was I billed $49.0 when my plan is $79.99? Looking forward to your prompt response.,Billing,High,synthetic
TICK-006143,I want to cancel my subscription effective immediately. Please advise as soon as possible.,Cancellation,Low,synthetic
TICK-005356,Can you provide information on bulk licensing discounts for 500+ users? Kindly look into this matter promptly.,Product Inquiry,Low,synthetic
TICK-005223,Can you provide information on bulk licensing discounts for 500+ users?,Product Inquiry,Low,synthetic
TICK-004368,Escalating issue: product failed during critical presentation. Looking forward to your prompt response.,Complaint,Low,synthetic
TICK-003636,I need to update my registered email address and phone number. Contact me via email or phone.,Account,High,synthetic
TICK-004403,Agent closed my support ticket without resolving the actual issue. Kindly look into this matter promptly.,Complaint,Medium,synthetic
TICK-001270,Why was I billed $49.0 when my plan is $79.99? Please advise as soon as possible.,Billing,Critical,synthetic
TICK-002200,Bluetooth sync is failing between the hardware device and dashboard. Appreciate a quick update on this.,Technical Support,Low,synthetic
TICK-002554,I requested a refund for order 56254 two weeks ago but haven't received it. Looking forward to your prompt response.,Refund,Medium,synthetic
TICK-005624,Subscription cancellation button is missing from account settings page. Thank you for your assistance.,Cancellation,Critical,synthetic
TICK-001273,I noticed an unauthorized charge of $49.0 on my monthly invoice. Urgent attention required.,Billing,Medium,synthetic
TICK-004786,Formal complaint regarding poor product build quality and support delay. Please advise as soon as possible.,Complaint,High,synthetic
TICK-005125,Can I try out premium features during a free trial demo? Contact me via email or phone.,Product Inquiry,Low,synthetic
TICK-005422,What is the warranty period and coverage for international orders? Urgent attention required.,Product Inquiry,Low,synthetic
TICK-004275,Formal complaint regarding poor product build quality and support delay. Appreciate a quick update on this.,Complaint,High,synthetic
TICK-003546,My order 14060 was shipped to wrong delivery address. Thank you for your assistance.,Shipping,Medium,synthetic
TICK-002553,I demand a prompt refund for defective goods received yesterday. Contact me via email or phone.,Refund,Medium,synthetic
TICK-003443,Where is my package? Tracking number 64879 shows no movement for 5 days. Please advise as soon as possible.,Shipping,Medium,synthetic
TICK-004359,Worst service experience ever! Unprofessional support team. Urgent attention required.,Complaint,Critical,synthetic
TICK-004372,Repeatedly transferred between agents without any resolution. Looking forward to your prompt response.,Complaint,High,synthetic
TICK-003439,Estimated delivery date has passed but package has not arrived. Appreciate a quick update on this.,Shipping,Critical,synthetic
TICK-005043,Is this product compatible with macOS Sequoia and Apple Silicon? Thank you for your assistance.,Product Inquiry,Low,synthetic
TICK-003800,How do I transfer account ownership to another administrator? Kindly look into this matter promptly.,Account,Medium,synthetic
TICK-004108,How do I transfer account ownership to another administrator? Appreciate a quick update on this.,Account,Medium,synthetic
TICK-001336,"My payment failed yesterday, but money was deducted from my bank account. Urgent attention required.",Billing,High,synthetic
TICK-005782,Please confirm cancellation of recurring billing for account 48574.,Cancellation,Medium,synthetic
TICK-005633,Requesting account closure and deletion of stored customer data. Kindly look into this matter promptly.,Cancellation,Critical,synthetic
TICK-003554,Delivery courier left parcel in rain without notification. Urgent attention required.,Shipping,High,synthetic
TICK-003649,Received suspicious password reset email without requesting it. Urgent attention required.,Account,Critical,synthetic
TICK-003686,Received suspicious password reset email without requesting it. Appreciate a quick update on this.,Account,High,synthetic
TICK-005192,Is this product compatible with macOS Sequoia and Apple Silicon? Thank you for your assistance.,Product Inquiry,Low,synthetic
TICK-003587,I need to change shipping address for order 79388 before dispatch. Urgent attention required.,Shipping,High,synthetic
TICK-003538,International shipment stuck at distribution center for over a week.,Shipping,High,synthetic
TICK-005940,Requesting account closure and deletion of stored customer data. Kindly look into this matter promptly.,Cancellation,Medium,synthetic
TICK-003353,Where is my package? Tracking number 88213 shows no movement for 5 days. Thank you for your assistance.,Shipping,High,synthetic
TICK-002090,System crashed completely during export task showing error code NULL_POINTER_EXC. Thank you for your assistance.,Technical Support,Medium,synthetic
TICK-002410,Returned package was delivered to warehouse. When will refund be processed?,Refund,Medium,synthetic
TICK-001491,Why was I billed $499.0 when my plan is $29.99? Appreciate a quick update on this.,Billing,Critical,synthetic
TICK-001442,"My payment failed yesterday, but money was deducted from my bank account. Kindly look into this matter promptly.",Billing,High,synthetic
TICK-004013,I need to update my registered email address and phone number. Kindly look into this matter promptly.,Account,High,synthetic
TICK-004832,Agent closed my support ticket without resolving the actual issue. Please advise as soon as possible.,Complaint,Medium,synthetic
TICK-005232,Can you provide information on bulk licensing discounts for 500+ users? Thank you for your assistance.,Product Inquiry,High,synthetic
TICK-005832,Need assistance closing and permanently deleting my account. Appreciate a quick update on this.,Cancellation,Medium,synthetic
TICK-004904,What are the hardware specifications required to run this software? Appreciate a quick update on this.,Product Inquiry,Low,synthetic
TICK-003022,Package arrived with crushed outer box and broken contents. Appreciate a quick update on this.,Shipping,Low,synthetic
TICK-002466,The product quality is sub-par and does not match description. Please refund. Thank you for your assistance.,Refund,Critical,synthetic
TICK-001004,There is a billing discrepancy on my recent statement for billing period Jan 2026. Appreciate a quick update on this.,Billing,High,synthetic
TICK-002706,Partial refund missing from my previous dispute case 36438. Contact me via email or phone.,Refund,Medium,synthetic
TICK-001985,VPN connection drops every 5 minutes unexpectedly. Thank you for your assistance.,Technical Support,Medium,synthetic
TICK-001866,My internet is not working and the router LED is blinking red. Looking forward to your prompt response.,Technical Support,Medium,synthetic
TICK-002124,Page load times are extremely slow and API calls are timing out. Kindly look into this matter promptly.,Technical Support,Critical,synthetic
TICK-004814,Worst service experience ever! Unprofessional support team. Appreciate a quick update on this.,Complaint,High,synthetic
TICK-001486,Double charge observed on my bank statement for invoice 88618. Urgent attention required.,Billing,Critical,synthetic
TICK-001822,System crashed completely during export task showing error code AUTH_DENIED.,Technical Support,Medium,synthetic
TICK-004149,Two-factor authentication code is not being received on my phone. Contact me via email or phone.,Account,Low,synthetic
TICK-003871,Unable to reset password via email link; link expired immediately. Please advise as soon as possible.,Account,Low,synthetic
TICK-004293,Agent closed my support ticket without resolving the actual issue. Contact me via email or phone.,Complaint,Low,synthetic
TICK-001325,I received a late payment penalty charge even though I paid on time. Please advise as soon as possible.,Billing,Medium,synthetic
TICK-001070,There is a billing discrepancy on my recent statement for billing period Jan 2026. Appreciate a quick update on this.,Billing,High,synthetic
TICK-003134,International shipment stuck at distribution center for over a week.,Shipping,Medium,synthetic
TICK-002721,Item arrived damaged in transit. I want an immediate full refund. Contact me via email or phone.,Refund,High,synthetic
TICK-002107,VPN connection drops every 5 minutes unexpectedly.,Technical Support,Medium,synthetic
TICK-005893,Please confirm cancellation of recurring billing for account 87347. Kindly look into this matter promptly.,Cancellation,Medium,synthetic
TICK-003795,Unable to reset password via email link; link expired immediately.,Account,High,synthetic
TICK-005745,How do I cancel my order before it enters fulfillment phase? Appreciate a quick update on this.,Cancellation,Medium,synthetic
TICK-005324,Is this product compatible with macOS Sequoia and Apple Silicon? Please advise as soon as possible.,Product Inquiry,Low,synthetic
TICK-005656,Requesting account closure and deletion of stored customer data.,Cancellation,Medium,synthetic
TICK-003980,Unable to reset password via email link; link expired immediately. Appreciate a quick update on this.,Account,Critical,synthetic
TICK-002272,Bluetooth sync is failing between the hardware device and dashboard. Contact me via email or phone.,Technical Support,Critical,synthetic
TICK-001157,"My payment failed yesterday, but money was deducted from my bank account. Kindly look into this matter promptly.",Billing,Low,synthetic
TICK-001973,Page load times are extremely slow and API calls are timing out. Thank you for your assistance.,Technical Support,High,synthetic
TICK-001142,"My payment failed yesterday, but money was deducted from my bank account. Thank you for your assistance.",Billing,Medium,synthetic
TICK-003101,Where is my package? Tracking number 49740 shows no movement for 5 days. Looking forward to your prompt response.,Shipping,Medium,synthetic
TICK-004517,Repeatedly transferred between agents without any resolution. Kindly look into this matter promptly.,Complaint,High,synthetic
TICK-003573,I need to change shipping address for order 39607 before dispatch. Kindly look into this matter promptly.,Shipping,High,synthetic
TICK-004713,Very dissatisfied with rude customer service representative on call.,Complaint,Medium,synthetic
TICK-001250,There is a billing discrepancy on my recent statement for billing period Jan 2026. Contact me via email or phone.,Billing,High,synthetic
TICK-004081,I cannot log into my account despite entering correct password. Please advise as soon as possible.,Account,Medium,synthetic
TICK-005942,Please turn off auto-renewal for my annual membership plan. Thank you for your assistance.,Cancellation,Medium,synthetic
TICK-004610,Agent closed my support ticket without resolving the actual issue. Contact me via email or phone.,Complaint,High,synthetic
TICK-001323,I am being billed for a service that was supposed to be free during trial. Urgent attention required.,Billing,Medium,synthetic
TICK-005358,Can I try out premium features during a free trial demo? Looking forward to your prompt response.,Product Inquiry,High,synthetic
TICK-003008,International shipment stuck at distribution center for over a week. Please advise as soon as possible.,Shipping,Medium,synthetic
TICK-005139,Can you provide information on bulk licensing discounts for 500+ users? Looking forward to your prompt response.,Product Inquiry,Low,synthetic
TICK-002432,The product quality is sub-par and does not match description. Please refund. Kindly look into this matter promptly.,Refund,High,synthetic
TICK-004795,Misleading advertising regarding feature capabilities on sales page. Thank you for your assistance.,Complaint,Critical,synthetic
TICK-006007,Please confirm cancellation of recurring billing for account 43483. Please advise as soon as possible.,Cancellation,Medium,synthetic
TICK-003776,My account has been locked due to multiple failed login attempts.,Account,Medium,synthetic
TICK-004197,Account permissions are misconfigured and user cannot access dashboard. Urgent attention required.,Account,High,synthetic
TICK-006112,Need assistance closing and permanently deleting my account. Please advise as soon as possible.,Cancellation,High,synthetic
TICK-004199,Received suspicious password reset email without requesting it. Please advise as soon as possible.,Account,Low,synthetic
TICK-001011,I received a late payment penalty charge even though I paid on time. Please advise as soon as possible.,Billing,High,synthetic
TICK-002512,The product quality is sub-par and does not match description. Please refund.,Refund,Low,synthetic
TICK-005364,Looking for comparison between standard and professional tiers. Looking forward to your prompt response.,Product Inquiry,Low,synthetic
TICK-001168,My credit card was charged twice for transaction 64381. Kindly look into this matter promptly.,Billing,Medium,synthetic
TICK-005714,I want to cancel my subscription effective immediately. Looking forward to your prompt response.,Cancellation,Critical,synthetic
TICK-005381,Are there any upcoming features planned for mobile tablet views? Please advise as soon as possible.,Product Inquiry,Low,synthetic
TICK-004100,I cannot log into my account despite entering correct password. Appreciate a quick update on this.,Account,High,synthetic
TICK-003407,International shipment stuck at distribution center for over a week. Please advise as soon as possible.,Shipping,High,synthetic
TICK-001787,The web application keeps throwing 500 internal server errors when submitting forms. Looking forward to your prompt response.,Technical Support,High,synthetic
TICK-003070,Delivery courier left parcel in rain without notification. Appreciate a quick update on this.,Shipping,Medium,synthetic
TICK-005128,Looking for comparison between standard and professional tiers. Appreciate a quick update on this.,Product Inquiry,Low,synthetic
TICK-003426,Estimated delivery date has passed but package has not arrived.,Shipping,Medium,synthetic
TICK-003963,Received suspicious password reset email without requesting it. Please advise as soon as possible.,Account,Medium,synthetic
TICK-001619,I need an official tax invoice and payment receipt for order 58704. Please advise as soon as possible.,Billing,High,synthetic
TICK-003096,International shipment stuck at distribution center for over a week. Please advise as soon as possible.,Shipping,High,synthetic
TICK-005035,Is this product compatible with macOS Sequoia and Apple Silicon? Appreciate a quick update on this.,Product Inquiry,Low,synthetic
TICK-005981,Please confirm cancellation of recurring billing for account 64056. Looking forward to your prompt response.,Cancellation,Medium,synthetic
TICK-005720,I want to cancel my subscription effective immediately. Please advise as soon as possible.,Cancellation,Low,synthetic
TICK-001387,Can you update my credit card billing address and tax ID for billing? Appreciate a quick update on this.,Billing,High,synthetic
TICK-001487,I am being billed for a service that was supposed to be free during trial. Looking forward to your prompt response.,Billing,Medium,synthetic
TICK-005771,How do I cancel my order before it enters fulfillment phase? Appreciate a quick update on this.,Cancellation,High,synthetic
TICK-004537,Appalled by lack of response to critical security vulnerability report. Looking forward to your prompt response.,Complaint,High,synthetic
TICK-003059,"Tracking indicates delivered, but package is missing from my doorstep. Looking forward to your prompt response.",Shipping,High,synthetic
TICK-001849,Software installation fails due to missing DLL files on Windows 11. Thank you for your assistance.,Technical Support,High,synthetic
TICK-005814,Closing subscription due to missing essential features. Kindly look into this matter promptly.,Cancellation,High,synthetic
TICK-006093,Please turn off auto-renewal for my annual membership plan. Looking forward to your prompt response.,Cancellation,High,synthetic
TICK-005418,Does your enterprise plan support custom API integrations? Urgent attention required.,Product Inquiry,Medium,synthetic
TICK-001245,Double charge observed on my bank statement for invoice 32955. Looking forward to your prompt response.,Billing,High,synthetic
TICK-005490,Are there any upcoming features planned for mobile tablet views? Kindly look into this matter promptly.,Product Inquiry,Low,synthetic
TICK-005775,Requesting account closure and deletion of stored customer data. Kindly look into this matter promptly.,Cancellation,High,synthetic
TICK-002980,International shipment stuck at distribution center for over a week. Please advise as soon as possible.,Shipping,Low,synthetic
TICK-003719,Unable to reset password via email link; link expired immediately. Appreciate a quick update on this.,Account,High,synthetic
TICK-003467,Delivery courier left parcel in rain without notification. Urgent attention required.,Shipping,Low,synthetic
TICK-005601,How do I cancel my order before it enters fulfillment phase? Thank you for your assistance.,Cancellation,Low,synthetic
TICK-001206,"My payment failed yesterday, but money was deducted from my bank account. Thank you for your assistance.",Billing,Medium,synthetic
TICK-004764,Worst service experience ever! Unprofessional support team. Please advise as soon as possible.,Complaint,High,synthetic
TICK-003584,Where is my package? Tracking number 16493 shows no movement for 5 days.,Shipping,Medium,synthetic
TICK-004243,Received suspicious password reset email without requesting it.,Account,High,synthetic
TICK-004118,I cannot log into my account despite entering correct password. Contact me via email or phone.,Account,High,synthetic
TICK-003631,Unable to reset password via email link; link expired immediately.,Account,High,synthetic
TICK-001871,Software installation fails due to missing DLL files on Windows 11. Appreciate a quick update on this.,Technical Support,High,synthetic
TICK-002076,VPN connection drops every 5 minutes unexpectedly. Urgent attention required.,Technical Support,Medium,synthetic
TICK-002831,Item arrived damaged in transit. I want an immediate full refund. Kindly look into this matter promptly.,Refund,High,synthetic
TICK-006097,Canceling contract due to budget constraints in our organization. Appreciate a quick update on this.,Cancellation,High,synthetic
TICK-005286,Does the cloud platform comply with SOC2 and HIPAA standards? Contact me via email or phone.,Product Inquiry,Low,synthetic
TICK-004398,Misleading advertising regarding feature capabilities on sales page.,Complaint,Medium,synthetic
TICK-003516,Delivery courier left parcel in rain without notification. Urgent attention required.,Shipping,Critical,synthetic
TICK-005454,Can I try out premium features during a free trial demo? Appreciate a quick update on this.,Product Inquiry,Medium,synthetic
TICK-001313,I am being billed for a service that was supposed to be free during trial. Looking forward to your prompt response.,Billing,High,synthetic
TICK-004635,Very dissatisfied with rude customer service representative on call. Please advise as soon as possible.,Complaint,Medium,synthetic
TICK-005524,What is the warranty period and coverage for international orders? Please advise as soon as possible.,Product Inquiry,Medium,synthetic
TICK-004669,No response to urgent tickets for 72 hours despite premium support SLA. Please advise as soon as possible.,Complaint,Critical,synthetic
TICK-005577,How do I cancel my order before it enters fulfillment phase? Kindly look into this matter promptly.,Cancellation,Medium,synthetic
TICK-004859,Very dissatisfied with rude customer service representative on call. Kindly look into this matter promptly.,Complaint,High,synthetic
TICK-002207,Page load times are extremely slow and API calls are timing out. Thank you for your assistance.,Technical Support,High,synthetic
TICK-003378,Package arrived with crushed outer box and broken contents. Looking forward to your prompt response.,Shipping,High,synthetic
TICK-001576,"My payment failed yesterday, but money was deducted from my bank account. Kindly look into this matter promptly.",Billing,Medium,synthetic
TICK-005167,Can I try out premium features during a free trial demo?,Product Inquiry,Low,synthetic
TICK-005505,Can you provide information on bulk licensing discounts for 500+ users? Please advise as soon as possible.,Product Inquiry,Low,synthetic
TICK-005979,Requesting account closure and deletion of stored customer data. Please advise as soon as possible.,Cancellation,Medium,synthetic
TICK-003907,How do I transfer account ownership to another administrator? Urgent attention required.,Account,Low,synthetic
TICK-004362,System downtime caused business revenue loss for our team. Looking forward to your prompt response.,Complaint,Low,synthetic
TICK-002545,Item arrived damaged in transit. I want an immediate full refund. Looking forward to your prompt response.,Refund,Medium,synthetic
TICK-001112,I received a late payment penalty charge even though I paid on time.,Billing,High,synthetic
TICK-003596,Delivery courier left parcel in rain without notification. Looking forward to your prompt response.,Shipping,Medium,synthetic
TICK-001572,I am being billed for a service that was supposed to be free during trial. Thank you for your assistance.,Billing,Medium,synthetic
TICK-003313,"Express shipping paid, but package sent via standard economy post. Looking forward to your prompt response.",Shipping,High,synthetic
TICK-004515,Escalating issue: product failed during critical presentation.,Complaint,Medium,synthetic
TICK-006011,Subscription cancellation button is missing from account settings page. Looking forward to your prompt response.,Cancellation,Medium,synthetic
TICK-002837,I demand a prompt refund for defective goods received yesterday. Thank you for your assistance.,Refund,High,synthetic
TICK-002690,The product quality is sub-par and does not match description. Please refund. Thank you for your assistance.,Refund,Low,synthetic
TICK-004212,Account permissions are misconfigured and user cannot access dashboard. Thank you for your assistance.,Account,Critical,synthetic
TICK-001542,I need an official tax invoice and payment receipt for order 92956. Thank you for your assistance.,Billing,Medium,synthetic
TICK-006000,Canceling contract due to budget constraints in our organization. Appreciate a quick update on this.,Cancellation,Medium,synthetic
TICK-001795,Unable to connect to remote database server from IP address 192.168.22.3. Urgent attention required.,Technical Support,Critical,synthetic
TICK-005508,What are the hardware specifications required to run this software? Appreciate a quick update on this.,Product Inquiry,Low,synthetic
TICK-003711,I cannot log into my account despite entering correct password. Kindly look into this matter promptly.,Account,Critical,synthetic
TICK-001125,Double charge observed on my bank statement for invoice 36896. Kindly look into this matter promptly.,Billing,High,synthetic
TICK-004600,Misleading advertising regarding feature capabilities on sales page. Contact me via email or phone.,Complaint,High,synthetic
TICK-003080,"Express shipping paid, but package sent via standard economy post. Kindly look into this matter promptly.",Shipping,High,synthetic
TICK-003374,Package arrived with crushed outer box and broken contents.,Shipping,Medium,synthetic
TICK-002268,Mobile app keeps crashing on launch after updating to latest iOS/Android version. Please advise as soon as possible.,Technical Support,Critical,synthetic
TICK-003947,Single Sign-On (SSO) integration is failing for company domain. Contact me via email or phone.,Account,High,synthetic
TICK-002278,Page load times are extremely slow and API calls are timing out. Kindly look into this matter promptly.,Technical Support,Medium,synthetic
TICK-003741,How do I transfer account ownership to another administrator? Contact me via email or phone.,Account,High,synthetic
TICK-002231,The desktop application freezes every time I click the save button. Looking forward to your prompt response.,Technical Support,Medium,synthetic
TICK-004638,Formal complaint regarding poor product build quality and support delay. Kindly look into this matter promptly.,Complaint,High,synthetic
TICK-004489,Agent closed my support ticket without resolving the actual issue. Kindly look into this matter promptly.,Complaint,High,synthetic
TICK-003592,My order 99049 was shipped to wrong delivery address. Kindly look into this matter promptly.,Shipping,Medium,synthetic
TICK-002718,Item arrived damaged in transit. I want an immediate full refund. Thank you for your assistance.,Refund,Critical,synthetic
TICK-005402,Can you provide information on bulk licensing discounts for 500+ users? Kindly look into this matter promptly.,Product Inquiry,Low,synthetic
TICK-002776,The product quality is sub-par and does not match description. Please refund. Thank you for your assistance.,Refund,Low,synthetic
TICK-003051,"Express shipping paid, but package sent via standard economy post. Contact me via email or phone.",Shipping,Medium,synthetic
TICK-002790,I requested a refund for order 97643 two weeks ago but haven't received it. Appreciate a quick update on this.,Refund,Medium,synthetic
TICK-001944,My internet is not working and the router LED is blinking red. Thank you for your assistance.,Technical Support,Low,synthetic
TICK-005744,Please confirm cancellation of recurring billing for account 31469. Urgent attention required.,Cancellation,Critical,synthetic
TICK-003812,Unable to reset password via email link; link expired immediately. Thank you for your assistance.,Account,Medium,synthetic
TICK-004806,System downtime caused business revenue loss for our team. Kindly look into this matter promptly.,Complaint,High,synthetic
TICK-003091,Where is my package? Tracking number 26722 shows no movement for 5 days. Urgent attention required.,Shipping,Medium,synthetic
TICK-003524,Where is my package? Tracking number 41471 shows no movement for 5 days. Urgent attention required.,Shipping,Critical,synthetic
TICK-002929,Returned package was delivered to warehouse. When will refund be processed? Urgent attention required.,Refund,Critical,synthetic
TICK-002623,Partial refund missing from my previous dispute case 58931. Urgent attention required.,Refund,Medium,synthetic
TICK-004218,Account permissions are misconfigured and user cannot access dashboard. Appreciate a quick update on this.,Account,High,synthetic
TICK-006034,We are switching to an alternative solution and wish to terminate service. Urgent attention required.,Cancellation,Medium,synthetic
TICK-005791,Please confirm cancellation of recurring billing for account 40384. Thank you for your assistance.,Cancellation,Low,synthetic
TICK-002591,Order was canceled by system but refund has not posted to my account.,Refund,Critical,synthetic
TICK-005906,Canceling contract due to budget constraints in our organization. Appreciate a quick update on this.,Cancellation,Medium,synthetic
TICK-005024,Can I try out premium features during a free trial demo? Urgent attention required.,Product Inquiry,Low,synthetic
TICK-002351,The product quality is sub-par and does not match description. Please refund. Contact me via email or phone.,Refund,Critical,synthetic
TICK-001887,VPN connection drops every 5 minutes unexpectedly. Looking forward to your prompt response.,Technical Support,Critical,synthetic
TICK-004284,Very dissatisfied with rude customer service representative on call. Thank you for your assistance.,Complaint,Medium,synthetic
TICK-006099,Need assistance closing and permanently deleting my account. Looking forward to your prompt response.,Cancellation,High,synthetic
TICK-001275,There is a billing discrepancy on my recent statement for billing period Q1 2026.,Billing,Medium,synthetic
TICK-001169,There is a billing discrepancy on my recent statement for billing period Jan 2026.,Billing,High,synthetic
TICK-001765,Software installation fails due to missing DLL files on Windows 11. Contact me via email or phone.,Technical Support,High,synthetic
TICK-001804,The web application keeps throwing 500 internal server errors when submitting forms. Urgent attention required.,Technical Support,High,synthetic
TICK-003261,I need to change shipping address for order 90121 before dispatch. Urgent attention required.,Shipping,Low,synthetic
TICK-004939,Can you provide information on bulk licensing discounts for 500+ users? Kindly look into this matter promptly.,Product Inquiry,Low,synthetic
TICK-004693,Appalled by lack of response to critical security vulnerability report. Looking forward to your prompt response.,Complaint,Medium,synthetic
TICK-003972,Single Sign-On (SSO) integration is failing for company domain. Kindly look into this matter promptly.,Account,High,synthetic
TICK-003695,Unable to reset password via email link; link expired immediately. Urgent attention required.,Account,High,synthetic
TICK-003183,International shipment stuck at distribution center for over a week. Thank you for your assistance.,Shipping,Medium,synthetic
TICK-002756,Service was down during our event. Requesting credit refund to account. Thank you for your assistance.,Refund,Low,synthetic
TICK-005830,Please confirm cancellation of recurring billing for account 85252.,Cancellation,Medium,synthetic
TICK-004614,Very dissatisfied with rude customer service representative on call. Thank you for your assistance.,Complaint,Critical,synthetic
TICK-002967,Estimated delivery date has passed but package has not arrived. Urgent attention required.,Shipping,Critical,synthetic
TICK-004297,Formal complaint regarding poor product build quality and support delay. Please advise as soon as possible.,Complaint,Critical,synthetic
TICK-005424,Looking for comparison between standard and professional tiers. Thank you for your assistance.,Product Inquiry,Medium,synthetic
TICK-001391,"My payment failed yesterday, but money was deducted from my bank account. Looking forward to your prompt response.",Billing,High,synthetic
TICK-001953,Bluetooth sync is failing between the hardware device and dashboard. Thank you for your assistance.,Technical Support,Low,synthetic
TICK-004684,Worst service experience ever! Unprofessional support team. Urgent attention required.,Complaint,High,synthetic
TICK-002931,Item arrived damaged in transit. I want an immediate full refund. Looking forward to your prompt response.,Refund,Medium,synthetic
TICK-005336,Does your enterprise plan support custom API integrations? Kindly look into this matter promptly.,Product Inquiry,Low,synthetic
TICK-004099,Account permissions are misconfigured and user cannot access dashboard. Appreciate a quick update on this.,Account,High,synthetic
TICK-004492,Very dissatisfied with rude customer service representative on call. Urgent attention required.,Complaint,High,synthetic
TICK-005931,We are switching to an alternative solution and wish to terminate service. Appreciate a quick update on this.,Cancellation,Medium,synthetic
TICK-005222,Where can I find user manuals and documentation for model PRO-263? Contact me via email or phone.,Product Inquiry,Low,synthetic
TICK-005310,What is the warranty period and coverage for international orders? Appreciate a quick update on this.,Product Inquiry,Low,synthetic
TICK-002468,I demand a prompt refund for defective goods received yesterday. Please advise as soon as possible.,Refund,Low,synthetic
TICK-003480,International shipment stuck at distribution center for over a week.,Shipping,High,synthetic
TICK-005525,Can you provide information on bulk licensing discounts for 500+ users? Urgent attention required.,Product Inquiry,Low,synthetic
TICK-005716,Closing subscription due to missing essential features.,Cancellation,Critical,synthetic
TICK-003373,"Tracking indicates delivered, but package is missing from my doorstep. Looking forward to your prompt response.",Shipping,Critical,synthetic
TICK-002197,Unable to connect to remote database server from IP address 192.168.122.123. Appreciate a quick update on this.,Technical Support,High,synthetic
TICK-005578,Need assistance closing and permanently deleting my account. Thank you for your assistance.,Cancellation,Medium,synthetic
TICK-005544,What are the hardware specifications required to run this software? Contact me via email or phone.,Product Inquiry,Low,synthetic
TICK-004506,System downtime caused business revenue loss for our team. Contact me via email or phone.,Complaint,Medium,synthetic
TICK-004151,My profile settings fail to save changes. Kindly look into this matter promptly.,Account,Low,synthetic
TICK-005964,I want to cancel my subscription effective immediately. Kindly look into this matter promptly.,Cancellation,Medium,synthetic
TICK-004613,Misleading advertising regarding feature capabilities on sales page. Please advise as soon as possible.,Complaint,High,synthetic
TICK-002653,Order was canceled by system but refund has not posted to my account. Contact me via email or phone.,Refund,High,synthetic
TICK-003860,How do I transfer account ownership to another administrator? Contact me via email or phone.,Account,Medium,synthetic
TICK-005548,What is the warranty period and coverage for international orders?,Product Inquiry,Low,synthetic
TICK-002382,The product quality is sub-par and does not match description. Please refund. Contact me via email or phone.,Refund,Medium,synthetic
TICK-001658,Software installation fails due to missing DLL files on Windows 11. Thank you for your assistance.,Technical Support,Medium,synthetic
TICK-001411,My credit card was charged twice for transaction 49467. Urgent attention required.,Billing,Medium,synthetic
TICK-001136,My credit card was charged twice for transaction 47700. Urgent attention required.,Billing,High,synthetic
TICK-005204,Are there any upcoming features planned for mobile tablet views? Urgent attention required.,Product Inquiry,Low,synthetic
TICK-004002,Received suspicious password reset email without requesting it. Looking forward to your prompt response.,Account,High,synthetic
TICK-004340,Worst service experience ever! Unprofessional support team. Urgent attention required.,Complaint,High,synthetic
TICK-005955,Closing subscription due to missing essential features. Contact me via email or phone.,Cancellation,High,synthetic
TICK-004716,No response to urgent tickets for 72 hours despite premium support SLA. Contact me via email or phone.,Complaint,High,synthetic
TICK-004062,Unable to reset password via email link; link expired immediately.,Account,High,synthetic
TICK-004022,I need to update my registered email address and phone number. Looking forward to your prompt response.,Account,High,synthetic
TICK-003845,How do I transfer account ownership to another administrator? Looking forward to your prompt response.,Account,Low,synthetic
TICK-005600,Please turn off auto-renewal for my annual membership plan. Contact me via email or phone.,Cancellation,Medium,synthetic
TICK-002003,Unable to connect to remote database server from IP address 192.168.168.191. Thank you for your assistance.,Technical Support,High,synthetic
TICK-002478,I demand a prompt refund for defective goods received yesterday. Please advise as soon as possible.,Refund,High,synthetic
TICK-001914,Page load times are extremely slow and API calls are timing out.,Technical Support,Critical,synthetic
TICK-004504,Escalating issue: product failed during critical presentation. Thank you for your assistance.,Complaint,Critical,synthetic
TICK-001034,I am being billed for a service that was supposed to be free during trial. Appreciate a quick update on this.,Billing,Medium,synthetic
TICK-002321,I requested a refund for order 38511 two weeks ago but haven't received it. Contact me via email or phone.,Refund,High,synthetic
TICK-002429,I accidentally purchased the wrong subscription tier and need money back. Urgent attention required.,Refund,Low,synthetic
TICK-001661,The web application keeps throwing 500 internal server errors when submitting forms. Please advise as soon as possible.,Technical Support,High,synthetic
TICK-002213,VPN connection drops every 5 minutes unexpectedly. Appreciate a quick update on this.,Technical Support,Medium,synthetic
TICK-002640,Order was canceled by system but refund has not posted to my account. Thank you for your assistance.,Refund,Medium,synthetic
TICK-004972,What is the warranty period and coverage for international orders? Kindly look into this matter promptly.,Product Inquiry,Low,synthetic
TICK-001805,The desktop application freezes every time I click the save button. Urgent attention required.,Technical Support,High,synthetic
TICK-003268,Delivery courier left parcel in rain without notification. Kindly look into this matter promptly.,Shipping,Low,synthetic
TICK-001999,The desktop application freezes every time I click the save button. Urgent attention required.,Technical Support,Medium,synthetic
TICK-005889,Subscription cancellation button is missing from account settings page. Urgent attention required.,Cancellation,Medium,synthetic
TICK-004981,Where can I find user manuals and documentation for model PRO-298? Appreciate a quick update on this.,Product Inquiry,Medium,synthetic
TICK-004538,System downtime caused business revenue loss for our team. Kindly look into this matter promptly.,Complaint,Critical,synthetic
TICK-002603,Item arrived damaged in transit. I want an immediate full refund. Urgent attention required.,Refund,High,synthetic
TICK-004473,Repeatedly transferred between agents without any resolution. Thank you for your assistance.,Complaint,Medium,synthetic
TICK-004250,How do I transfer account ownership to another administrator? Thank you for your assistance.,Account,High,synthetic
TICK-005434,What are the hardware specifications required to run this software? Looking forward to your prompt response.,Product Inquiry,Low,synthetic
TICK-005708,Subscription cancellation button is missing from account settings page.,Cancellation,Medium,synthetic
TICK-001480,Why was I billed $249.5 when my plan is $9.99? Urgent attention required.,Billing,Medium,synthetic
TICK-005514,Where can I find user manuals and documentation for model PRO-368? Thank you for your assistance.,Product Inquiry,Low,synthetic
TICK-004387,Escalating issue: product failed during critical presentation. Kindly look into this matter promptly.,Complaint,Critical,synthetic
TICK-004744,No response to urgent tickets for 72 hours despite premium support SLA. Appreciate a quick update on this.,Complaint,High,synthetic
TICK-003482,Estimated delivery date has passed but package has not arrived. Appreciate a quick update on this.,Shipping,Low,synthetic
TICK-003734,My account has been locked due to multiple failed login attempts. Please advise as soon as possible.,Account,High,synthetic
TICK-002751,Service was down during our event. Requesting credit refund to account. Kindly look into this matter promptly.,Refund,Low,synthetic
TICK-003676,Single Sign-On (SSO) integration is failing for company domain. Contact me via email or phone.,Account,High,synthetic
TICK-002934,I requested a refund for order 70746 two weeks ago but haven't received it. Contact me via email or phone.,Refund,Low,synthetic
TICK-005553,We are switching to an alternative solution and wish to terminate service. Kindly look into this matter promptly.,Cancellation,Critical,synthetic
TICK-002781,"Charged after cancellation request, need immediate reimbursement. Looking forward to your prompt response.",Refund,Medium,synthetic
TICK-004655,Repeatedly transferred between agents without any resolution. Kindly look into this matter promptly.,Complaint,Medium,synthetic
TICK-004838,System downtime caused business revenue loss for our team.,Complaint,Medium,synthetic
TICK-006164,Canceling contract due to budget constraints in our organization. Appreciate a quick update on this.,Cancellation,High,synthetic
TICK-006125,Need assistance closing and permanently deleting my account. Contact me via email or phone.,Cancellation,Medium,synthetic
TICK-003473,Package arrived with crushed outer box and broken contents. Please advise as soon as possible.,Shipping,Medium,synthetic
TICK-004768,Repeatedly transferred between agents without any resolution. Appreciate a quick update on this.,Complaint,High,synthetic
TICK-001378,"My payment failed yesterday, but money was deducted from my bank account. Urgent attention required.",Billing,High,synthetic
TICK-005122,Can you provide information on bulk licensing discounts for 500+ users? Looking forward to your prompt response.,Product Inquiry,Medium,synthetic
TICK-006091,Please confirm cancellation of recurring billing for account 79253. Thank you for your assistance.,Cancellation,Low,synthetic
TICK-002365,Order was canceled by system but refund has not posted to my account. Kindly look into this matter promptly.,Refund,High,synthetic
TICK-003318,I need to change shipping address for order 44669 before dispatch. Contact me via email or phone.,Shipping,High,synthetic
TICK-004386,System downtime caused business revenue loss for our team. Please advise as soon as possible.,Complaint,Medium,synthetic
TICK-005682,Closing subscription due to missing essential features. Contact me via email or phone.,Cancellation,High,synthetic
TICK-003283,Delivery courier left parcel in rain without notification. Kindly look into this matter promptly.,Shipping,Low,synthetic
TICK-001272,I noticed an unauthorized charge of $499.0 on my monthly invoice. Appreciate a quick update on this.,Billing,Medium,synthetic
TICK-005705,Need assistance closing and permanently deleting my account.,Cancellation,Critical,synthetic
TICK-004866,Misleading advertising regarding feature capabilities on sales page. Appreciate a quick update on this.,Complaint,High,synthetic
TICK-001761,Page load times are extremely slow and API calls are timing out. Contact me via email or phone.,Technical Support,High,synthetic
TICK-003122,Delivery courier left parcel in rain without notification. Appreciate a quick update on this.,Shipping,High,synthetic
TICK-002289,Bluetooth sync is failing between the hardware device and dashboard. Contact me via email or phone.,Technical Support,Critical,synthetic
TICK-004588,Agent closed my support ticket without resolving the actual issue. Appreciate a quick update on this.,Complaint,Medium,synthetic
TICK-002417,Order was canceled by system but refund has not posted to my account. Contact me via email or phone.,Refund,Medium,synthetic
TICK-001269,Double charge observed on my bank statement for invoice 96595. Thank you for your assistance.,Billing,Low,synthetic
TICK-005427,Can you provide information on bulk licensing discounts for 500+ users? Contact me via email or phone.,Product Inquiry,Medium,synthetic
TICK-005201,What is the warranty period and coverage for international orders?,Product Inquiry,Low,synthetic
TICK-004352,No response to urgent tickets for 72 hours despite premium support SLA.,Complaint,Low,synthetic
TICK-004572,Formal complaint regarding poor product build quality and support delay. Contact me via email or phone.,Complaint,High,synthetic
TICK-004410,No response to urgent tickets for 72 hours despite premium support SLA. Urgent attention required.,Complaint,Medium,synthetic
TICK-002960,My order 33203 was shipped to wrong delivery address. Kindly look into this matter promptly.,Shipping,Low,synthetic
TICK-002172,My internet is not working and the router LED is blinking red. Urgent attention required.,Technical Support,High,synthetic
TICK-001527,Why was I billed $19.99 when my plan is $79.99? Appreciate a quick update on this.,Billing,High,synthetic
TICK-005501,Can I try out premium features during a free trial demo? Thank you for your assistance.,Product Inquiry,Low,synthetic
TICK-002398,Partial refund missing from my previous dispute case 50027. Contact me via email or phone.,Refund,Medium,synthetic
TICK-002029,Mobile app keeps crashing on launch after updating to latest iOS/Android version. Kindly look into this matter promptly.,Technical Support,Critical,synthetic
TICK-001980,My internet is not working and the router LED is blinking red. Appreciate a quick update on this.,Technical Support,Critical,synthetic
TICK-002809,I accidentally purchased the wrong subscription tier and need money back. Please advise as soon as possible.,Refund,Medium,synthetic
TICK-004184,My profile settings fail to save changes. Please advise as soon as possible.,Account,High,synthetic
TICK-004948,Looking for comparison between standard and professional tiers. Please advise as soon as possible.,Product Inquiry,Low,synthetic
TICK-001288,Why was I billed $499.0 when my plan is $9.99?,Billing,Medium,synthetic
TICK-004107,I cannot log into my account despite entering correct password. Urgent attention required.,Account,Medium,synthetic
TICK-002198,Bluetooth sync is failing between the hardware device and dashboard. Thank you for your assistance.,Technical Support,High,synthetic
TICK-001775,System crashed completely during export task showing error code ERR_502. Kindly look into this matter promptly.,Technical Support,High,synthetic
TICK-004919,Does the cloud platform comply with SOC2 and HIPAA standards? Urgent attention required.,Product Inquiry,High,synthetic
TICK-005100,Where can I find user manuals and documentation for model PRO-616? Appreciate a quick update on this.,Product Inquiry,Low,synthetic
TICK-005224,Looking for comparison between standard and professional tiers.,Product Inquiry,Low,synthetic
TICK-001226,Why was I billed $99.99 when my plan is $29.99? Looking forward to your prompt response.,Billing,High,synthetic
TICK-005500,Are there any upcoming features planned for mobile tablet views? Contact me via email or phone.,Product Inquiry,Low,synthetic
TICK-003448,My order 54255 was shipped to wrong delivery address. Appreciate a quick update on this.,Shipping,Medium,synthetic
TICK-001620,I noticed an unauthorized charge of $499.0 on my monthly invoice. Appreciate a quick update on this.,Billing,High,synthetic
TICK-006059,Closing subscription due to missing essential features. Contact me via email or phone.,Cancellation,High,synthetic
TICK-001788,Mobile app keeps crashing on launch after updating to latest iOS/Android version. Kindly look into this matter promptly.,Technical Support,High,synthetic
TICK-001707,VPN connection drops every 5 minutes unexpectedly. Thank you for your assistance.,Technical Support,Medium,synthetic
TICK-003834,Account permissions are misconfigured and user cannot access dashboard. Please advise as soon as possible.,Account,Medium,synthetic
TICK-002518,I demand a prompt refund for defective goods received yesterday. Urgent attention required.,Refund,Critical,synthetic
TICK-003199,Estimated delivery date has passed but package has not arrived. Please advise as soon as possible.,Shipping,Medium,synthetic
TICK-004771,No response to urgent tickets for 72 hours despite premium support SLA. Kindly look into this matter promptly.,Complaint,Medium,synthetic
TICK-002368,The product quality is sub-par and does not match description. Please refund. Contact me via email or phone.,Refund,High,synthetic
TICK-005141,Is this product compatible with macOS Sequoia and Apple Silicon?,Product Inquiry,Low,synthetic
TICK-003498,Estimated delivery date has passed but package has not arrived. Looking forward to your prompt response.,Shipping,Low,synthetic
TICK-002886,Order was canceled by system but refund has not posted to my account. Looking forward to your prompt response.,Refund,Medium,synthetic
TICK-002472,I demand a prompt refund for defective goods received yesterday. Contact me via email or phone.,Refund,Medium,synthetic
TICK-003338,My order 27111 was shipped to wrong delivery address. Please advise as soon as possible.,Shipping,Critical,synthetic
TICK-005380,Is this product compatible with macOS Sequoia and Apple Silicon? Appreciate a quick update on this.,Product Inquiry,Low,synthetic
TICK-003126,My order 71345 was shipped to wrong delivery address. Kindly look into this matter promptly.,Shipping,High,synthetic
TICK-002097,System crashed completely during export task showing error code SOCKET_TIMEOUT. Kindly look into this matter promptly.,Technical Support,Medium,synthetic
TICK-003613,Received suspicious password reset email without requesting it. Appreciate a quick update on this.,Account,High,synthetic
TICK-001377,Why was I billed $99.99 when my plan is $29.99? Looking forward to your prompt response.,Billing,High,synthetic
TICK-002816,I requested a refund for order 76505 two weeks ago but haven't received it. Urgent attention required.,Refund,Critical,synthetic
TICK-004450,System downtime caused business revenue loss for our team. Please advise as soon as possible.,Complaint,Medium,synthetic
TICK-002608,Item arrived damaged in transit. I want an immediate full refund. Looking forward to your prompt response.,Refund,Low,synthetic
TICK-001420,My credit card was charged twice for transaction 30892.,Billing,Medium,synthetic
TICK-006019,Requesting account closure and deletion of stored customer data. Please advise as soon as possible.,Cancellation,Medium,synthetic
TICK-003814,Single Sign-On (SSO) integration is failing for company domain. Looking forward to your prompt response.,Account,Medium,synthetic
TICK-001174,There is a billing discrepancy on my recent statement for billing period Q1 2026. Please advise as soon as possible.,Billing,High,synthetic
TICK-002803,"Charged after cancellation request, need immediate reimbursement.",Refund,Medium,synthetic
TICK-002736,"Charged after cancellation request, need immediate reimbursement. Looking forward to your prompt response.",Refund,Critical,synthetic
TICK-003262,"Tracking indicates delivered, but package is missing from my doorstep. Appreciate a quick update on this.",Shipping,Medium,synthetic
TICK-004801,System downtime caused business revenue loss for our team. Looking forward to your prompt response.,Complaint,Medium,synthetic
TICK-003672,Received suspicious password reset email without requesting it. Thank you for your assistance.,Account,Medium,synthetic
TICK-006133,Need assistance closing and permanently deleting my account. Contact me via email or phone.,Cancellation,High,synthetic
TICK-003024,Where is my package? Tracking number 58140 shows no movement for 5 days. Urgent attention required.,Shipping,Medium,synthetic
TICK-005709,We are switching to an alternative solution and wish to terminate service. Appreciate a quick update on this.,Cancellation,Medium,synthetic
TICK-001516,My credit card was charged twice for transaction 33148. Appreciate a quick update on this.,Billing,High,synthetic
TICK-004909,Looking for comparison between standard and professional tiers. Urgent attention required.,Product Inquiry,Low,synthetic
TICK-003581,My order 86892 was shipped to wrong delivery address. Contact me via email or phone.,Shipping,Medium,synthetic
TICK-006114,Subscription cancellation button is missing from account settings page.,Cancellation,Low,synthetic
TICK-003333,Estimated delivery date has passed but package has not arrived.,Shipping,Medium,synthetic
TICK-002903,I demand a prompt refund for defective goods received yesterday. Thank you for your assistance.,Refund,Low,synthetic
TICK-005634,Please confirm cancellation of recurring billing for account 80599. Kindly look into this matter promptly.,Cancellation,Medium,synthetic
TICK-001738,The web application keeps throwing 500 internal server errors when submitting forms. Contact me via email or phone.,Technical Support,Medium,synthetic
TICK-001568,Double charge observed on my bank statement for invoice 29605. Looking forward to your prompt response.,Billing,Critical,synthetic
TICK-003058,I need to change shipping address for order 40645 before dispatch. Thank you for your assistance.,Shipping,Medium,synthetic
TICK-001312,I need an official tax invoice and payment receipt for order 66260. Urgent attention required.,Billing,High,synthetic
TICK-004017,I cannot log into my account despite entering correct password. Please advise as soon as possible.,Account,Medium,synthetic
TICK-001706,VPN connection drops every 5 minutes unexpectedly. Thank you for your assistance.,Technical Support,Medium,synthetic
TICK-005887,Requesting account closure and deletion of stored customer data.,Cancellation,High,synthetic
TICK-004605,Worst service experience ever! Unprofessional support team. Urgent attention required.,Complaint,Medium,synthetic
TICK-006042,Please confirm cancellation of recurring billing for account 79143. Looking forward to your prompt response.,Cancellation,Medium,synthetic
TICK-004953,Is this product compatible with macOS Sequoia and Apple Silicon?,Product Inquiry,Low,synthetic
TICK-004000,How do I transfer account ownership to another administrator? Looking forward to your prompt response.,Account,Low,synthetic
TICK-003634,My account has been locked due to multiple failed login attempts. Kindly look into this matter promptly.,Account,Medium,synthetic
TICK-003365,"Tracking indicates delivered, but package is missing from my doorstep. Urgent attention required.",Shipping,Medium,synthetic
TICK-003962,Single Sign-On (SSO) integration is failing for company domain. Appreciate a quick update on this.,Account,High,synthetic
TICK-003142,I need to change shipping address for order 63087 before dispatch. Please advise as soon as possible.,Shipping,Critical,synthetic
TICK-003235,Delivery courier left parcel in rain without notification. Thank you for your assistance.,Shipping,Medium,synthetic
TICK-003968,Two-factor authentication code is not being received on my phone. Looking forward to your prompt response.,Account,High,synthetic
TICK-003529,Where is my package? Tracking number 42758 shows no movement for 5 days. Appreciate a quick update on this.,Shipping,Medium,synthetic
TICK-005177,Is this product compatible with macOS Sequoia and Apple Silicon? Kindly look into this matter promptly.,Product Inquiry,Low,synthetic
TICK-003708,Two-factor authentication code is not being received on my phone. Looking forward to your prompt response.,Account,Medium,synthetic
TICK-003763,My account has been locked due to multiple failed login attempts. Kindly look into this matter promptly.,Account,High,synthetic
TICK-004059,Unable to reset password via email link; link expired immediately. Thank you for your assistance.,Account,Medium,synthetic
TICK-004827,No response to urgent tickets for 72 hours despite premium support SLA. Urgent attention required.,Complaint,High,synthetic
TICK-004910,Does the cloud platform comply with SOC2 and HIPAA standards? Kindly look into this matter promptly.,Product Inquiry,Low,synthetic
TICK-004807,Worst service experience ever! Unprofessional support team. Appreciate a quick update on this.,Complaint,Medium,synthetic
TICK-001493,"My payment failed yesterday, but money was deducted from my bank account. Thank you for your assistance.",Billing,High,synthetic
TICK-003943,I cannot log into my account despite entering correct password.,Account,High,synthetic
TICK-005482,Does your enterprise plan support custom API integrations? Urgent attention required.,Product Inquiry,Low,synthetic
TICK-005533,Does the cloud platform comply with SOC2 and HIPAA standards? Thank you for your assistance.,Product Inquiry,Low,synthetic
TICK-005766,Subscription cancellation button is missing from account settings page. Looking forward to your prompt response.,Cancellation,Low,synthetic
TICK-002742,Returned package was delivered to warehouse. When will refund be processed? Urgent attention required.,Refund,Medium,synthetic
TICK-004895,System downtime caused business revenue loss for our team. Looking forward to your prompt response.,Complaint,Medium,synthetic
TICK-005767,Subscription cancellation button is missing from account settings page.,Cancellation,Medium,synthetic
TICK-004455,Worst service experience ever! Unprofessional support team. Urgent attention required.,Complaint,Medium,synthetic
TICK-005856,Requesting account closure and deletion of stored customer data. Contact me via email or phone.,Cancellation,Low,synthetic
TICK-003332,"Express shipping paid, but package sent via standard economy post. Appreciate a quick update on this.",Shipping,High,synthetic
TICK-006106,Requesting account closure and deletion of stored customer data. Thank you for your assistance.,Cancellation,Medium,synthetic
TICK-004711,Escalating issue: product failed during critical presentation. Contact me via email or phone.,Complaint,Medium,synthetic
TICK-001883,Bluetooth sync is failing between the hardware device and dashboard. Please advise as soon as possible.,Technical Support,Medium,synthetic
TICK-003621,My account has been locked due to multiple failed login attempts. Urgent attention required.,Account,High,synthetic
TICK-003862,How do I transfer account ownership to another administrator? Urgent attention required.,Account,High,synthetic
TICK-006122,Need assistance closing and permanently deleting my account.,Cancellation,Low,synthetic
TICK-002196,VPN connection drops every 5 minutes unexpectedly. Urgent attention required.,Technical Support,Critical,synthetic
TICK-001259,I am being billed for a service that was supposed to be free during trial. Thank you for your assistance.,Billing,Critical,synthetic
TICK-001809,My internet is not working and the router LED is blinking red. Looking forward to your prompt response.,Technical Support,Low,synthetic
TICK-003029,I need to change shipping address for order 69579 before dispatch. Thank you for your assistance.,Shipping,Medium,synthetic
TICK-003960,My account has been locked due to multiple failed login attempts. Thank you for your assistance.,Account,Low,synthetic
TICK-005051,Does your enterprise plan support custom API integrations? Kindly look into this matter promptly.,Product Inquiry,Low,synthetic
TICK-004040,Two-factor authentication code is not being received on my phone.,Account,High,synthetic
TICK-001961,VPN connection drops every 5 minutes unexpectedly. Looking forward to your prompt response.,Technical Support,High,synthetic
TICK-001352,"My payment failed yesterday, but money was deducted from my bank account. Contact me via email or phone.",Billing,High,synthetic
TICK-004461,Very dissatisfied with rude customer service representative on call. Urgent attention required.,Complaint,Critical,synthetic
TICK-004990,Can you provide information on bulk licensing discounts for 500+ users?,Product Inquiry,High,synthetic
TICK-005518,Looking for comparison between standard and professional tiers.,Product Inquiry,Medium,synthetic
TICK-001867,The web application keeps throwing 500 internal server errors when submitting forms. Thank you for your assistance.,Technical Support,Medium,synthetic
TICK-003003,Customs clearance is delaying package shipment at border transit. Looking forward to your prompt response.,Shipping,Medium,synthetic
TICK-006118,Closing subscription due to missing essential features. Appreciate a quick update on this.,Cancellation,High,synthetic
TICK-001267,There is a billing discrepancy on my recent statement for billing period Jan 2026. Looking forward to your prompt response.,Billing,Critical,synthetic
TICK-005214,Is this product compatible with macOS Sequoia and Apple Silicon? Thank you for your assistance.,Product Inquiry,Low,synthetic
TICK-002654,I accidentally purchased the wrong subscription tier and need money back.,Refund,High,synthetic
TICK-004618,Appalled by lack of response to critical security vulnerability report. Thank you for your assistance.,Complaint,High,synthetic
TICK-004437,Agent closed my support ticket without resolving the actual issue. Looking forward to your prompt response.,Complaint,High,synthetic
TICK-006022,Closing subscription due to missing essential features. Contact me via email or phone.,Cancellation,High,synthetic
TICK-002666,I demand a prompt refund for defective goods received yesterday. Kindly look into this matter promptly.,Refund,High,synthetic
TICK-004643,Repeatedly transferred between agents without any resolution. Urgent attention required.,Complaint,Critical,synthetic
TICK-002399,The product quality is sub-par and does not match description. Please refund. Urgent attention required.,Refund,Medium,synthetic
TICK-001349,Can you update my credit card billing address and tax ID for billing? Contact me via email or phone.,Billing,High,synthetic
TICK-003200,I need to change shipping address for order 82456 before dispatch.,Shipping,High,synthetic
TICK-005446,Does your enterprise plan support custom API integrations? Urgent attention required.,Product Inquiry,Medium,synthetic
TICK-006089,Please confirm cancellation of recurring billing for account 28388. Appreciate a quick update on this.,Cancellation,Medium,synthetic
TICK-001793,The desktop application freezes every time I click the save button. Contact me via email or phone.,Technical Support,Critical,synthetic
TICK-002869,Returned package was delivered to warehouse. When will refund be processed? Looking forward to your prompt response.,Refund,Critical,synthetic
TICK-003253,Estimated delivery date has passed but package has not arrived. Kindly look into this matter promptly.,Shipping,Critical,synthetic
TICK-005235,Does your enterprise plan support custom API integrations? Kindly look into this matter promptly.,Product Inquiry,Low,synthetic
TICK-002438,I demand a prompt refund for defective goods received yesterday. Kindly look into this matter promptly.,Refund,Medium,synthetic
TICK-006037,We are switching to an alternative solution and wish to terminate service. Contact me via email or phone.,Cancellation,Medium,synthetic
TICK-001425,Why was I billed $249.5 when my plan is $29.99? Contact me via email or phone.,Billing,High,synthetic
TICK-005728,Canceling contract due to budget constraints in our organization. Please advise as soon as possible.,Cancellation,High,synthetic
TICK-004299,System downtime caused business revenue loss for our team.,Complaint,High,synthetic
TICK-002799,The product quality is sub-par and does not match description. Please refund. Thank you for your assistance.,Refund,Medium,synthetic
TICK-002259,My internet is not working and the router LED is blinking red. Urgent attention required.,Technical Support,High,synthetic
TICK-001679,Page load times are extremely slow and API calls are timing out. Contact me via email or phone.,Technical Support,High,synthetic
TICK-002998,"Express shipping paid, but package sent via standard economy post. Thank you for your assistance.",Shipping,Medium,synthetic
TICK-001714,Bluetooth sync is failing between the hardware device and dashboard. Please advise as soon as possible.,Technical Support,High,synthetic
TICK-003692,I need to update my registered email address and phone number.,Account,Critical,synthetic
TICK-006169,Subscription cancellation button is missing from account settings page. Thank you for your assistance.,Cancellation,Medium,synthetic
TICK-004444,Misleading advertising regarding feature capabilities on sales page.,Complaint,High,synthetic
TICK-004817,Very dissatisfied with rude customer service representative on call. Kindly look into this matter promptly.,Complaint,High,synthetic
TICK-004639,Very dissatisfied with rude customer service representative on call. Thank you for your assistance.,Complaint,High,synthetic
TICK-001817,My internet is not working and the router LED is blinking red. Thank you for your assistance.,Technical Support,High,synthetic
TICK-002641,Order was canceled by system but refund has not posted to my account.,Refund,Medium,synthetic
TICK-006185,Requesting account closure and deletion of stored customer data. Please advise as soon as possible.,Cancellation,Medium,synthetic
TICK-003918,Received suspicious password reset email without requesting it. Looking forward to your prompt response.,Account,High,synthetic
TICK-006055,Need assistance closing and permanently deleting my account. Contact me via email or phone.,Cancellation,Low,synthetic
TICK-001192,Can you update my credit card billing address and tax ID for billing? Thank you for your assistance.,Billing,Medium,synthetic
TICK-003547,Customs clearance is delaying package shipment at border transit. Kindly look into this matter promptly.,Shipping,Medium,synthetic
TICK-003607,Unable to reset password via email link; link expired immediately. Please advise as soon as possible.,Account,Critical,synthetic
TICK-003286,I need to change shipping address for order 74261 before dispatch. Thank you for your assistance.,Shipping,High,synthetic
TICK-005272,What is the warranty period and coverage for international orders?,Product Inquiry,Low,synthetic
TICK-004836,Formal complaint regarding poor product build quality and support delay. Thank you for your assistance.,Complaint,High,synthetic
TICK-003572,Estimated delivery date has passed but package has not arrived. Urgent attention required.,Shipping,Low,synthetic
TICK-005654,Please confirm cancellation of recurring billing for account 41969.,Cancellation,Critical,synthetic
TICK-003966,My account has been locked due to multiple failed login attempts. Appreciate a quick update on this.,Account,Low,synthetic
TICK-003878,Account permissions are misconfigured and user cannot access dashboard. Contact me via email or phone.,Account,High,synthetic
TICK-004876,System downtime caused business revenue loss for our team. Please advise as soon as possible.,Complaint,Critical,synthetic
TICK-003152,Estimated delivery date has passed but package has not arrived. Looking forward to your prompt response.,Shipping,Medium,synthetic
TICK-003112,I need to change shipping address for order 41447 before dispatch. Looking forward to your prompt response.,Shipping,Medium,synthetic
TICK-002738,Item arrived damaged in transit. I want an immediate full refund. Urgent attention required.,Refund,High,synthetic
TICK-003863,Account permissions are misconfigured and user cannot access dashboard. Appreciate a quick update on this.,Account,High,synthetic
TICK-005056,Are there any upcoming features planned for mobile tablet views? Looking forward to your prompt response.,Product Inquiry,Low,synthetic
TICK-001031,I need an official tax invoice and payment receipt for order 97782. Appreciate a quick update on this.,Billing,Medium,synthetic
TICK-004133,I need to update my registered email address and phone number. Looking forward to your prompt response.,Account,Low,synthetic
TICK-003194,Customs clearance is delaying package shipment at border transit.,Shipping,Medium,synthetic
TICK-004636,System downtime caused business revenue loss for our team. Appreciate a quick update on this.,Complaint,High,synthetic
TICK-004360,System downtime caused business revenue loss for our team. Urgent attention required.,Complaint,High,synthetic
TICK-002064,System crashed completely during export task showing error code NULL_POINTER_EXC. Looking forward to your prompt response.,Technical Support,High,synthetic
TICK-005968,We are switching to an alternative solution and wish to terminate service. Contact me via email or phone.,Cancellation,Medium,synthetic
TICK-004675,Worst service experience ever! Unprofessional support team.,Complaint,Medium,synthetic
TICK-003521,Where is my package? Tracking number 69984 shows no movement for 5 days.,Shipping,Medium,synthetic
TICK-001639,"My payment failed yesterday, but money was deducted from my bank account. Kindly look into this matter promptly.",Billing,Medium,synthetic
TICK-001249,I received a late payment penalty charge even though I paid on time. Contact me via email or phone.,Billing,Medium,synthetic
TICK-005773,Need assistance closing and permanently deleting my account. Please advise as soon as possible.,Cancellation,Medium,synthetic
TICK-004290,No response to urgent tickets for 72 hours despite premium support SLA.,Complaint,Low,synthetic
TICK-001724,Bluetooth sync is failing between the hardware device and dashboard. Kindly look into this matter promptly.,Technical Support,Low,synthetic
TICK-004471,System downtime caused business revenue loss for our team. Urgent attention required.,Complaint,Medium,synthetic
TICK-004576,Formal complaint regarding poor product build quality and support delay. Thank you for your assistance.,Complaint,Medium,synthetic
TICK-005717,Requesting account closure and deletion of stored customer data. Appreciate a quick update on this.,Cancellation,Medium,synthetic
TICK-002273,VPN connection drops every 5 minutes unexpectedly. Thank you for your assistance.,Technical Support,Critical,synthetic
TICK-002303,Service was down during our event. Requesting credit refund to account. Looking forward to your prompt response.,Refund,Medium,synthetic
TICK-003250,"Express shipping paid, but package sent via standard economy post. Urgent attention required.",Shipping,Medium,synthetic
TICK-004865,Very dissatisfied with rude customer service representative on call. Appreciate a quick update on this.,Complaint,High,synthetic
TICK-005581,Requesting account closure and deletion of stored customer data. Urgent attention required.,Cancellation,High,synthetic
TICK-004681,Repeatedly transferred between agents without any resolution. Contact me via email or phone.,Complaint,High,synthetic
TICK-002910,Item arrived damaged in transit. I want an immediate full refund. Urgent attention required.,Refund,High,synthetic
TICK-005271,Can I try out premium features during a free trial demo? Looking forward to your prompt response.,Product Inquiry,Low,synthetic
TICK-005160,What is the warranty period and coverage for international orders? Looking forward to your prompt response.,Product Inquiry,Low,synthetic
TICK-003540,Where is my package? Tracking number 78584 shows no movement for 5 days. Contact me via email or phone.,Shipping,Critical,synthetic
TICK-005152,Does the cloud platform comply with SOC2 and HIPAA standards? Looking forward to your prompt response.,Product Inquiry,Low,synthetic
TICK-004371,Appalled by lack of response to critical security vulnerability report. Contact me via email or phone.,Complaint,Medium,synthetic
TICK-001539,My credit card was charged twice for transaction 25985.,Billing,High,synthetic
TICK-001101,I received a late payment penalty charge even though I paid on time. Urgent attention required.,Billing,Medium,synthetic
TICK-001921,Software installation fails due to missing DLL files on Windows 11. Please advise as soon as possible.,Technical Support,High,synthetic
TICK-002092,The desktop application freezes every time I click the save button. Please advise as soon as possible.,Technical Support,High,synthetic
TICK-005096,Are there any upcoming features planned for mobile tablet views? Please advise as soon as possible.,Product Inquiry,Low,synthetic
TICK-003657,Single Sign-On (SSO) integration is failing for company domain.,Account,High,synthetic
TICK-003669,My profile settings fail to save changes. Contact me via email or phone.,Account,Medium,synthetic
TICK-005522,Are there any upcoming features planned for mobile tablet views? Kindly look into this matter promptly.,Product Inquiry,Medium,synthetic
TICK-001956,Page load times are extremely slow and API calls are timing out. Please advise as soon as possible.,Technical Support,Critical,synthetic
TICK-003121,Delivery courier left parcel in rain without notification.,Shipping,Low,synthetic
TICK-003825,I cannot log into my account despite entering correct password. Kindly look into this matter promptly.,Account,Medium,synthetic
TICK-005067,Can I try out premium features during a free trial demo? Looking forward to your prompt response.,Product Inquiry,High,synthetic
TICK-005926,I want to cancel my subscription effective immediately. Looking forward to your prompt response.,Cancellation,Medium,synthetic
TICK-005740,Please confirm cancellation of recurring billing for account 11934. Looking forward to your prompt response.,Cancellation,Medium,synthetic
TICK-004487,No response to urgent tickets for 72 hours despite premium support SLA. Kindly look into this matter promptly.,Complaint,Medium,synthetic
TICK-001258,Double charge observed on my bank statement for invoice 93588. Looking forward to your prompt response.,Billing,Low,synthetic
TICK-002847,Partial refund missing from my previous dispute case 54582. Contact me via email or phone.,Refund,High,synthetic
TICK-003128,"Tracking indicates delivered, but package is missing from my doorstep.",Shipping,Medium,synthetic
TICK-005328,Does the cloud platform comply with SOC2 and HIPAA standards? Looking forward to your prompt response.,Product Inquiry,Medium,synthetic
TICK-004548,Repeatedly transferred between agents without any resolution. Thank you for your assistance.,Complaint,Critical,synthetic
TICK-005678,Subscription cancellation button is missing from account settings page. Urgent attention required.,Cancellation,Medium,synthetic
TICK-005862,Requesting account closure and deletion of stored customer data. Appreciate a quick update on this.,Cancellation,High,synthetic
TICK-005099,Are there any upcoming features planned for mobile tablet views? Kindly look into this matter promptly.,Product Inquiry,Low,synthetic
TICK-002357,Order was canceled by system but refund has not posted to my account. Kindly look into this matter promptly.,Refund,Low,synthetic
TICK-003213,"Tracking indicates delivered, but package is missing from my doorstep.",Shipping,Medium,synthetic
TICK-003095,Package arrived with crushed outer box and broken contents. Please advise as soon as possible.,Shipping,Medium,synthetic
TICK-001984,Software installation fails due to missing DLL files on Windows 11.,Technical Support,Medium,synthetic
TICK-004513,Escalating issue: product failed during critical presentation. Kindly look into this matter promptly.,Complaint,High,synthetic
TICK-004970,Does the cloud platform comply with SOC2 and HIPAA standards? Please advise as soon as possible.,Product Inquiry,Low,synthetic
TICK-001256,I am being billed for a service that was supposed to be free during trial. Please advise as soon as possible.,Billing,High,synthetic
TICK-004997,Where can I find user manuals and documentation for model PRO-132? Please advise as soon as possible.,Product Inquiry,Medium,synthetic
TICK-005453,What is the warranty period and coverage for international orders? Looking forward to your prompt response.,Product Inquiry,Low,synthetic
TICK-001674,Software installation fails due to missing DLL files on Windows 11. Kindly look into this matter promptly.,Technical Support,Low,synthetic
TICK-005805,Requesting account closure and deletion of stored customer data. Contact me via email or phone.,Cancellation,Low,synthetic
TICK-005579,We are switching to an alternative solution and wish to terminate service. Thank you for your assistance.,Cancellation,High,synthetic
TICK-003832,Single Sign-On (SSO) integration is failing for company domain. Thank you for your assistance.,Account,High,synthetic
TICK-004165,Single Sign-On (SSO) integration is failing for company domain.,Account,High,synthetic
TICK-002578,I demand a prompt refund for defective goods received yesterday. Please advise as soon as possible.,Refund,Low,synthetic
TICK-002919,Order was canceled by system but refund has not posted to my account. Urgent attention required.,Refund,Low,synthetic
TICK-003684,Two-factor authentication code is not being received on my phone. Please advise as soon as possible.,Account,Medium,synthetic
TICK-003985,I cannot log into my account despite entering correct password. Kindly look into this matter promptly.,Account,High,synthetic
TICK-003303,"Express shipping paid, but package sent via standard economy post. Contact me via email or phone.",Shipping,Medium,synthetic
TICK-004871,Worst service experience ever! Unprofessional support team. Appreciate a quick update on this.,Complaint,Medium,synthetic
TICK-005095,Can I try out premium features during a free trial demo? Urgent attention required.,Product Inquiry,Low,synthetic
TICK-005321,Looking for comparison between standard and professional tiers. Looking forward to your prompt response.,Product Inquiry,Low,synthetic
TICK-004499,Agent closed my support ticket without resolving the actual issue. Urgent attention required.,Complaint,Low,synthetic
TICK-003900,Single Sign-On (SSO) integration is failing for company domain. Contact me via email or phone.,Account,Low,synthetic
TICK-004143,Account permissions are misconfigured and user cannot access dashboard. Looking forward to your prompt response.,Account,Critical,synthetic
TICK-005165,Is this product compatible with macOS Sequoia and Apple Silicon? Looking forward to your prompt response.,Product Inquiry,Medium,synthetic
TICK-003500,Package arrived with crushed outer box and broken contents.,Shipping,Medium,synthetic
TICK-001823,Bluetooth sync is failing between the hardware device and dashboard. Thank you for your assistance.,Technical Support,Critical,synthetic
TICK-003861,Received suspicious password reset email without requesting it. Appreciate a quick update on this.,Account,Critical,synthetic
TICK-003903,Received suspicious password reset email without requesting it.,Account,Medium,synthetic
TICK-004590,Appalled by lack of response to critical security vulnerability report. Kindly look into this matter promptly.,Complaint,Medium,synthetic
TICK-003066,Delivery courier left parcel in rain without notification. Urgent attention required.,Shipping,Critical,synthetic
TICK-005383,Can I try out premium features during a free trial demo? Kindly look into this matter promptly.,Product Inquiry,Medium,synthetic
TICK-002630,Returned package was delivered to warehouse. When will refund be processed? Looking forward to your prompt response.,Refund,High,synthetic
TICK-004546,Formal complaint regarding poor product build quality and support delay. Looking forward to your prompt response.,Complaint,High,synthetic
TICK-005753,Please turn off auto-renewal for my annual membership plan. Kindly look into this matter promptly.,Cancellation,Medium,synthetic
TICK-002065,Unable to connect to remote database server from IP address 192.168.117.233. Looking forward to your prompt response.,Technical Support,Medium,synthetic
TICK-004627,Escalating issue: product failed during critical presentation. Please advise as soon as possible.,Complaint,High,synthetic
TICK-002053,The desktop application freezes every time I click the save button. Contact me via email or phone.,Technical Support,High,synthetic
TICK-002359,"Charged after cancellation request, need immediate reimbursement. Kindly look into this matter promptly.",Refund,High,synthetic
TICK-001138,I am being billed for a service that was supposed to be free during trial. Appreciate a quick update on this.,Billing,Low,synthetic
TICK-002795,Item arrived damaged in transit. I want an immediate full refund. Thank you for your assistance.,Refund,Medium,synthetic
TICK-002074,Page load times are extremely slow and API calls are timing out.,Technical Support,High,synthetic
TICK-003370,Where is my package? Tracking number 24034 shows no movement for 5 days. Contact me via email or phone.,Shipping,Critical,synthetic
TICK-004507,No response to urgent tickets for 72 hours despite premium support SLA.,Complaint,High,synthetic
TICK-006030,I want to cancel my subscription effective immediately. Urgent attention required.,Cancellation,Medium,synthetic
TICK-003810,Single Sign-On (SSO) integration is failing for company domain. Thank you for your assistance.,Account,Medium,synthetic
TICK-001743,The web application keeps throwing 500 internal server errors when submitting forms.,Technical Support,High,synthetic
TICK-001695,The desktop application freezes every time I click the save button. Contact me via email or phone.,Technical Support,Critical,synthetic
TICK-004847,Very dissatisfied with rude customer service representative on call. Thank you for your assistance.,Complaint,Medium,synthetic
TICK-003574,Customs clearance is delaying package shipment at border transit. Thank you for your assistance.,Shipping,Medium,synthetic
TICK-002223,The web application keeps throwing 500 internal server errors when submitting forms. Contact me via email or phone.,Technical Support,Medium,synthetic
TICK-003690,My profile settings fail to save changes. Please advise as soon as possible.,Account,Medium,synthetic
TICK-002636,I accidentally purchased the wrong subscription tier and need money back. Contact me via email or phone.,Refund,High,synthetic
TICK-001971,The web application keeps throwing 500 internal server errors when submitting forms. Looking forward to your prompt response.,Technical Support,High,synthetic
TICK-002349,The product quality is sub-par and does not match description. Please refund. Please advise as soon as possible.,Refund,Medium,synthetic
TICK-002467,Item arrived damaged in transit. I want an immediate full refund. Looking forward to your prompt response.,Refund,Medium,synthetic
TICK-003541,International shipment stuck at distribution center for over a week. Appreciate a quick update on this.,Shipping,Medium,synthetic
TICK-002480,I requested a refund for order 88346 two weeks ago but haven't received it.,Refund,Medium,synthetic
TICK-002839,I accidentally purchased the wrong subscription tier and need money back. Thank you for your assistance.,Refund,Medium,synthetic
TICK-003479,Where is my package? Tracking number 72128 shows no movement for 5 days. Kindly look into this matter promptly.,Shipping,Low,synthetic
TICK-002011,My internet is not working and the router LED is blinking red. Urgent attention required.,Technical Support,High,synthetic
TICK-003345,"Tracking indicates delivered, but package is missing from my doorstep.",Shipping,Critical,synthetic
TICK-004097,My account has been locked due to multiple failed login attempts. Kindly look into this matter promptly.,Account,High,synthetic
TICK-005247,Can you provide information on bulk licensing discounts for 500+ users? Appreciate a quick update on this.,Product Inquiry,Medium,synthetic
TICK-003597,Package arrived with crushed outer box and broken contents.,Shipping,Medium,synthetic
TICK-003393,Where is my package? Tracking number 71823 shows no movement for 5 days. Thank you for your assistance.,Shipping,Critical,synthetic
TICK-002250,Mobile app keeps crashing on launch after updating to latest iOS/Android version. Looking forward to your prompt response.,Technical Support,Medium,synthetic
TICK-006142,Need assistance closing and permanently deleting my account. Looking forward to your prompt response.,Cancellation,Low,synthetic
TICK-005475,Can I try out premium features during a free trial demo? Kindly look into this matter promptly.,Product Inquiry,High,synthetic
TICK-006140,I want to cancel my subscription effective immediately. Appreciate a quick update on this.,Cancellation,Low,synthetic
TICK-002059,Mobile app keeps crashing on launch after updating to latest iOS/Android version. Appreciate a quick update on this.,Technical Support,High,synthetic
TICK-006111,Canceling contract due to budget constraints in our organization. Please advise as soon as possible.,Cancellation,Medium,synthetic
TICK-003762,Unable to reset password via email link; link expired immediately. Urgent attention required.,Account,High,synthetic
TICK-005783,How do I cancel my order before it enters fulfillment phase? Appreciate a quick update on this.,Cancellation,Low,synthetic
TICK-002032,My internet is not working and the router LED is blinking red. Urgent attention required.,Technical Support,High,synthetic
TICK-005827,Closing subscription due to missing essential features. Thank you for your assistance.,Cancellation,Medium,synthetic
TICK-002515,Item arrived damaged in transit. I want an immediate full refund. Looking forward to your prompt response.,Refund,High,synthetic
TICK-002861,I demand a prompt refund for defective goods received yesterday. Looking forward to your prompt response.,Refund,Medium,synthetic
TICK-001733,Mobile app keeps crashing on launch after updating to latest iOS/Android version. Kindly look into this matter promptly.,Technical Support,Critical,synthetic
TICK-005946,Closing subscription due to missing essential features. Thank you for your assistance.,Cancellation,Medium,synthetic
TICK-002483,I accidentally purchased the wrong subscription tier and need money back. Thank you for your assistance.,Refund,Medium,synthetic
TICK-004988,Does your enterprise plan support custom API integrations?,Product Inquiry,Low,synthetic
TICK-002542,The product quality is sub-par and does not match description. Please refund. Contact me via email or phone.,Refund,High,synthetic
TICK-006199,Canceling contract due to budget constraints in our organization. Kindly look into this matter promptly.,Cancellation,Low,synthetic
TICK-004741,Worst service experience ever! Unprofessional support team. Thank you for your assistance.,Complaint,High,synthetic
TICK-005210,Can you provide information on bulk licensing discounts for 500+ users? Urgent attention required.,Product Inquiry,Medium,synthetic
TICK-005905,Requesting account closure and deletion of stored customer data. Urgent attention required.,Cancellation,Critical,synthetic
TICK-005093,Can I try out premium features during a free trial demo? Contact me via email or phone.,Product Inquiry,Low,synthetic
TICK-005054,Is this product compatible with macOS Sequoia and Apple Silicon? Appreciate a quick update on this.,Product Inquiry,High,synthetic
TICK-005220,What is the warranty period and coverage for international orders? Contact me via email or phone.,Product Inquiry,Low,synthetic
TICK-002768,Partial refund missing from my previous dispute case 24832. Contact me via email or phone.,Refund,High,synthetic
TICK-004161,I cannot log into my account despite entering correct password. Contact me via email or phone.,Account,Medium,synthetic
TICK-003642,Received suspicious password reset email without requesting it.,Account,Medium,synthetic
TICK-004331,System downtime caused business revenue loss for our team. Urgent attention required.,Complaint,High,synthetic
TICK-004268,No response to urgent tickets for 72 hours despite premium support SLA. Thank you for your assistance.,Complaint,Medium,synthetic
TICK-002459,I demand a prompt refund for defective goods received yesterday.,Refund,Medium,synthetic
TICK-004353,Formal complaint regarding poor product build quality and support delay. Thank you for your assistance.,Complaint,High,synthetic
TICK-002713,Order was canceled by system but refund has not posted to my account. Thank you for your assistance.,Refund,Medium,synthetic
TICK-001670,VPN connection drops every 5 minutes unexpectedly. Please advise as soon as possible.,Technical Support,High,synthetic
TICK-004203,How do I transfer account ownership to another administrator? Contact me via email or phone.,Account,Medium,synthetic
TICK-003653,Single Sign-On (SSO) integration is failing for company domain. Appreciate a quick update on this.,Account,High,synthetic
TICK-006132,Please confirm cancellation of recurring billing for account 67109. Appreciate a quick update on this.,Cancellation,Medium,synthetic
TICK-001524,I need an official tax invoice and payment receipt for order 96772. Thank you for your assistance.,Billing,Low,synthetic
TICK-004194,I cannot log into my account despite entering correct password. Urgent attention required.,Account,High,synthetic
TICK-001027,Can you update my credit card billing address and tax ID for billing? Contact me via email or phone.,Billing,Critical,synthetic
TICK-004597,Formal complaint regarding poor product build quality and support delay. Appreciate a quick update on this.,Complaint,Low,synthetic
TICK-003699,I cannot log into my account despite entering correct password. Kindly look into this matter promptly.,Account,Medium,synthetic
TICK-002117,Mobile app keeps crashing on launch after updating to latest iOS/Android version.,Technical Support,High,synthetic
TICK-005145,Where can I find user manuals and documentation for model PRO-328?,Product Inquiry,Low,synthetic
TICK-001792,The web application keeps throwing 500 internal server errors when submitting forms. Contact me via email or phone.,Technical Support,Medium,synthetic
TICK-004629,Appalled by lack of response to critical security vulnerability report. Please advise as soon as possible.,Complaint,Medium,synthetic
TICK-001469,I noticed an unauthorized charge of $49.0 on my monthly invoice. Thank you for your assistance.,Billing,High,synthetic
TICK-002412,I demand a prompt refund for defective goods received yesterday. Please advise as soon as possible.,Refund,Critical,synthetic
TICK-002160,Software installation fails due to missing DLL files on Windows 11. Contact me via email or phone.,Technical Support,High,synthetic
TICK-001498,Double charge observed on my bank statement for invoice 76918. Contact me via email or phone.,Billing,High,synthetic
TICK-004121,My profile settings fail to save changes.,Account,Medium,synthetic
TICK-002930,Service was down during our event. Requesting credit refund to account. Please advise as soon as possible.,Refund,Medium,synthetic
TICK-004846,Repeatedly transferred between agents without any resolution. Urgent attention required.,Complaint,Medium,synthetic
TICK-002220,My internet is not working and the router LED is blinking red.,Technical Support,Medium,synthetic
TICK-001920,Mobile app keeps crashing on launch after updating to latest iOS/Android version. Urgent attention required.,Technical Support,Critical,synthetic
TICK-001550,I need an official tax invoice and payment receipt for order 52034.,Billing,High,synthetic
TICK-001001,I noticed an unauthorized charge of $99.99 on my monthly invoice. Thank you for your assistance.,Billing,High,synthetic
TICK-002068,My internet is not working and the router LED is blinking red.,Technical Support,Critical,synthetic
TICK-002346,Order was canceled by system but refund has not posted to my account. Appreciate a quick update on this.,Refund,Low,synthetic
TICK-002567,I accidentally purchased the wrong subscription tier and need money back. Appreciate a quick update on this.,Refund,Critical,synthetic
TICK-005318,Can I try out premium features during a free trial demo? Thank you for your assistance.,Product Inquiry,Low,synthetic
TICK-002957,Delivery courier left parcel in rain without notification. Urgent attention required.,Shipping,Medium,synthetic
TICK-002941,"Charged after cancellation request, need immediate reimbursement.",Refund,Low,synthetic
TICK-005885,Need assistance closing and permanently deleting my account. Looking forward to your prompt response.,Cancellation,High,synthetic
TICK-004950,Are there any upcoming features planned for mobile tablet views? Contact me via email or phone.,Product Inquiry,Low,synthetic
TICK-004307,Repeatedly transferred between agents without any resolution. Kindly look into this matter promptly.,Complaint,Critical,synthetic
TICK-003564,Package arrived with crushed outer box and broken contents. Looking forward to your prompt response.,Shipping,Medium,synthetic
TICK-002022,System crashed completely during export task showing error code NULL_POINTER_EXC. Looking forward to your prompt response.,Technical Support,High,synthetic
TICK-003132,Where is my package? Tracking number 88765 shows no movement for 5 days. Urgent attention required.,Shipping,High,synthetic
TICK-005497,Does your enterprise plan support custom API integrations? Appreciate a quick update on this.,Product Inquiry,Low,synthetic
TICK-001518,I noticed an unauthorized charge of $99.99 on my monthly invoice. Appreciate a quick update on this.,Billing,Medium,synthetic
TICK-004396,Repeatedly transferred between agents without any resolution. Looking forward to your prompt response.,Complaint,Low,synthetic
TICK-002748,Item arrived damaged in transit. I want an immediate full refund. Thank you for your assistance.,Refund,Medium,synthetic
TICK-004772,Misleading advertising regarding feature capabilities on sales page. Urgent attention required.,Complaint,High,synthetic
TICK-003682,Received suspicious password reset email without requesting it. Contact me via email or phone.,Account,Medium,synthetic
TICK-003460,Customs clearance is delaying package shipment at border transit. Please advise as soon as possible.,Shipping,Medium,synthetic
TICK-005738,Requesting account closure and deletion of stored customer data. Contact me via email or phone.,Cancellation,Medium,synthetic
TICK-002352,Partial refund missing from my previous dispute case 84588. Thank you for your assistance.,Refund,Medium,synthetic
TICK-005908,Subscription cancellation button is missing from account settings page. Please advise as soon as possible.,Cancellation,High,synthetic
TICK-005357,Does your enterprise plan support custom API integrations? Thank you for your assistance.,Product Inquiry,Medium,synthetic
TICK-004707,Very dissatisfied with rude customer service representative on call. Kindly look into this matter promptly.,Complaint,Critical,synthetic
TICK-001829,The desktop application freezes every time I click the save button. Kindly look into this matter promptly.,Technical Support,High,synthetic
TICK-004237,Account permissions are misconfigured and user cannot access dashboard. Contact me via email or phone.,Account,Medium,synthetic
TICK-003093,My order 15430 was shipped to wrong delivery address. Looking forward to your prompt response.,Shipping,Medium,synthetic
TICK-003772,I need to update my registered email address and phone number. Urgent attention required.,Account,Medium,synthetic
TICK-002689,I demand a prompt refund for defective goods received yesterday. Contact me via email or phone.,Refund,High,synthetic
TICK-006096,Closing subscription due to missing essential features. Looking forward to your prompt response.,Cancellation,Medium,synthetic
TICK-001636,My credit card was charged twice for transaction 21866. Urgent attention required.,Billing,Medium,synthetic
TICK-003410,Estimated delivery date has passed but package has not arrived.,Shipping,Medium,synthetic
TICK-003984,Received suspicious password reset email without requesting it. Kindly look into this matter promptly.,Account,Medium,synthetic
TICK-004381,Worst service experience ever! Unprofessional support team. Thank you for your assistance.,Complaint,Critical,synthetic
TICK-001252,There is a billing discrepancy on my recent statement for billing period Jan 2026. Contact me via email or phone.,Billing,Medium,synthetic
TICK-005444,Looking for comparison between standard and professional tiers. Kindly look into this matter promptly.,Product Inquiry,Low,synthetic
TICK-005992,Please turn off auto-renewal for my annual membership plan. Looking forward to your prompt response.,Cancellation,Medium,synthetic
TICK-004679,Formal complaint regarding poor product build quality and support delay. Appreciate a quick update on this.,Complaint,Critical,synthetic
TICK-005408,Are there any upcoming features planned for mobile tablet views? Looking forward to your prompt response.,Product Inquiry,Medium,synthetic
TICK-002256,Mobile app keeps crashing on launch after updating to latest iOS/Android version. Kindly look into this matter promptly.,Technical Support,Critical,synthetic
TICK-002548,Partial refund missing from my previous dispute case 85423. Kindly look into this matter promptly.,Refund,High,synthetic
TICK-003440,International shipment stuck at distribution center for over a week. Kindly look into this matter promptly.,Shipping,High,synthetic
TICK-005431,Can I try out premium features during a free trial demo? Thank you for your assistance.,Product Inquiry,Low,synthetic
TICK-004138,I cannot log into my account despite entering correct password. Looking forward to your prompt response.,Account,High,synthetic
TICK-002045,The desktop application freezes every time I click the save button. Kindly look into this matter promptly.,Technical Support,Critical,synthetic
TICK-005626,Canceling contract due to budget constraints in our organization. Please advise as soon as possible.,Cancellation,High,synthetic
TICK-006076,I want to cancel my subscription effective immediately. Looking forward to your prompt response.,Cancellation,Medium,synthetic
TICK-001328,Double charge observed on my bank statement for invoice 92251. Urgent attention required.,Billing,Medium,synthetic
TICK-001121,There is a billing discrepancy on my recent statement for billing period Q1 2026. Thank you for your assistance.,Billing,High,synthetic
TICK-006013,Subscription cancellation button is missing from account settings page. Appreciate a quick update on this.,Cancellation,Low,synthetic
TICK-004738,Agent closed my support ticket without resolving the actual issue.,Complaint,Medium,synthetic
TICK-004566,Escalating issue: product failed during critical presentation. Looking forward to your prompt response.,Complaint,High,synthetic
TICK-005960,We are switching to an alternative solution and wish to terminate service.,Cancellation,High,synthetic
TICK-001280,"My payment failed yesterday, but money was deducted from my bank account. Appreciate a quick update on this.",Billing,High,synthetic
TICK-002585,Item arrived damaged in transit. I want an immediate full refund. Contact me via email or phone.,Refund,High,synthetic
TICK-005734,I want to cancel my subscription effective immediately. Contact me via email or phone.,Cancellation,High,synthetic
TICK-001247,I need an official tax invoice and payment receipt for order 49418. Urgent attention required.,Billing,Medium,synthetic
TICK-001832,Mobile app keeps crashing on launch after updating to latest iOS/Android version.,Technical Support,Medium,synthetic
TICK-005391,Looking for comparison between standard and professional tiers. Contact me via email or phone.,Product Inquiry,Low,synthetic
TICK-005534,What are the hardware specifications required to run this software? Urgent attention required.,Product Inquiry,Low,synthetic
TICK-004050,My account has been locked due to multiple failed login attempts. Looking forward to your prompt response.,Account,High,synthetic
TICK-002482,"Charged after cancellation request, need immediate reimbursement. Looking forward to your prompt response.",Refund,High,synthetic
TICK-003791,I cannot log into my account despite entering correct password. Appreciate a quick update on this.,Account,Medium,synthetic
TICK-002842,I accidentally purchased the wrong subscription tier and need money back. Please advise as soon as possible.,Refund,High,synthetic
TICK-005602,Need assistance closing and permanently deleting my account. Contact me via email or phone.,Cancellation,Medium,synthetic
TICK-001664,The desktop application freezes every time I click the save button. Looking forward to your prompt response.,Technical Support,Medium,synthetic
TICK-003161,Customs clearance is delaying package shipment at border transit. Appreciate a quick update on this.,Shipping,High,synthetic
TICK-002818,Service was down during our event. Requesting credit refund to account. Appreciate a quick update on this.,Refund,Low,synthetic
TICK-005526,Can you provide information on bulk licensing discounts for 500+ users? Looking forward to your prompt response.,Product Inquiry,Low,synthetic
TICK-002401,Service was down during our event. Requesting credit refund to account.,Refund,Medium,synthetic
TICK-003236,I need to change shipping address for order 12593 before dispatch. Looking forward to your prompt response.,Shipping,High,synthetic
TICK-002236,The desktop application freezes every time I click the save button. Please advise as soon as possible.,Technical Support,High,synthetic
TICK-002707,I requested a refund for order 69631 two weeks ago but haven't received it. Please advise as soon as possible.,Refund,Medium,synthetic
TICK-001992,Bluetooth sync is failing between the hardware device and dashboard. Kindly look into this matter promptly.,Technical Support,Medium,synthetic
TICK-003673,My profile settings fail to save changes. Looking forward to your prompt response.,Account,High,synthetic
TICK-005285,Can I try out premium features during a free trial demo? Appreciate a quick update on this.,Product Inquiry,Medium,synthetic
TICK-003865,Unable to reset password via email link; link expired immediately. Looking forward to your prompt response.,Account,Low,synthetic
TICK-004936,Is this product compatible with macOS Sequoia and Apple Silicon? Appreciate a quick update on this.,Product Inquiry,Low,synthetic
TICK-001641,I received a late payment penalty charge even though I paid on time. Looking forward to your prompt response.,Billing,High,synthetic
TICK-005763,How do I cancel my order before it enters fulfillment phase? Urgent attention required.,Cancellation,Medium,synthetic
TICK-006103,I want to cancel my subscription effective immediately. Kindly look into this matter promptly.,Cancellation,Medium,synthetic
TICK-004255,Formal complaint regarding poor product build quality and support delay. Looking forward to your prompt response.,Complaint,Medium,synthetic
TICK-004152,How do I transfer account ownership to another administrator?,Account,Medium,synthetic
TICK-004609,Very dissatisfied with rude customer service representative on call. Thank you for your assistance.,Complaint,High,synthetic
TICK-003083,International shipment stuck at distribution center for over a week. Kindly look into this matter promptly.,Shipping,Medium,synthetic
TICK-002128,The desktop application freezes every time I click the save button. Please advise as soon as possible.,Technical Support,High,synthetic
TICK-003627,Two-factor authentication code is not being received on my phone. Appreciate a quick update on this.,Account,Medium,synthetic
TICK-001264,I noticed an unauthorized charge of $99.99 on my monthly invoice. Kindly look into this matter promptly.,Billing,Low,synthetic
TICK-005368,Is this product compatible with macOS Sequoia and Apple Silicon?,Product Inquiry,Low,synthetic
TICK-005617,Please confirm cancellation of recurring billing for account 40318. Please advise as soon as possible.,Cancellation,Medium,synthetic
TICK-002789,I requested a refund for order 34456 two weeks ago but haven't received it. Urgent attention required.,Refund,Medium,synthetic
TICK-002295,The web application keeps throwing 500 internal server errors when submitting forms. Looking forward to your prompt response.,Technical Support,Medium,synthetic
TICK-003523,Package arrived with crushed outer box and broken contents. Please advise as soon as possible.,Shipping,Medium,synthetic
TICK-005292,Looking for comparison between standard and professional tiers. Looking forward to your prompt response.,Product Inquiry,Medium,synthetic
TICK-001918,My internet is not working and the router LED is blinking red. Appreciate a quick update on this.,Technical Support,Critical,synthetic
TICK-006179,Please confirm cancellation of recurring billing for account 57706. Thank you for your assistance.,Cancellation,Medium,synthetic
TICK-005928,Canceling contract due to budget constraints in our organization. Please advise as soon as possible.,Cancellation,Low,synthetic
TICK-004404,Repeatedly transferred between agents without any resolution. Urgent attention required.,Complaint,Critical,synthetic
TICK-001382,"My payment failed yesterday, but money was deducted from my bank account. Urgent attention required.",Billing,Medium,synthetic
TICK-004393,No response to urgent tickets for 72 hours despite premium support SLA. Appreciate a quick update on this.,Complaint,Medium,synthetic
TICK-004132,Unable to reset password via email link; link expired immediately. Contact me via email or phone.,Account,Medium,synthetic
TICK-002460,"Charged after cancellation request, need immediate reimbursement. Thank you for your assistance.",Refund,Medium,synthetic
TICK-005076,Looking for comparison between standard and professional tiers. Contact me via email or phone.,Product Inquiry,Medium,synthetic
TICK-005406,Looking for comparison between standard and professional tiers. Please advise as soon as possible.,Product Inquiry,Medium,synthetic
TICK-005474,What is the warranty period and coverage for international orders? Contact me via email or phone.,Product Inquiry,Medium,synthetic
TICK-002933,Partial refund missing from my previous dispute case 22770. Thank you for your assistance.,Refund,Critical,synthetic
TICK-002038,System crashed completely during export task showing error code AUTH_DENIED. Please advise as soon as possible.,Technical Support,Medium,synthetic
TICK-004982,Is this product compatible with macOS Sequoia and Apple Silicon?,Product Inquiry,Low,synthetic
TICK-001741,The desktop application freezes every time I click the save button. Thank you for your assistance.,Technical Support,Critical,synthetic
TICK-002103,Software installation fails due to missing DLL files on Windows 11. Please advise as soon as possible.,Technical Support,High,synthetic
TICK-001279,Double charge observed on my bank statement for invoice 36188. Contact me via email or phone.,Billing,Medium,synthetic
TICK-004188,My account has been locked due to multiple failed login attempts. Appreciate a quick update on this.,Account,Low,synthetic
TICK-005263,Does the cloud platform comply with SOC2 and HIPAA standards? Contact me via email or phone.,Product Inquiry,Medium,synthetic
TICK-002712,"Charged after cancellation request, need immediate reimbursement. Contact me via email or phone.",Refund,Critical,synthetic
TICK-004706,Worst service experience ever! Unprofessional support team. Kindly look into this matter promptly.,Complaint,Medium,synthetic
TICK-004216,Received suspicious password reset email without requesting it. Looking forward to your prompt response.,Account,Medium,synthetic
TICK-002802,"Charged after cancellation request, need immediate reimbursement. Thank you for your assistance.",Refund,High,synthetic
TICK-001489,I noticed an unauthorized charge of $499.0 on my monthly invoice. Please advise as soon as possible.,Billing,High,synthetic
TICK-004144,I need to update my registered email address and phone number. Thank you for your assistance.,Account,High,synthetic
TICK-004967,Are there any upcoming features planned for mobile tablet views? Contact me via email or phone.,Product Inquiry,Low,synthetic
TICK-003611,Single Sign-On (SSO) integration is failing for company domain.,Account,Low,synthetic
TICK-005760,Need assistance closing and permanently deleting my account. Looking forward to your prompt response.,Cancellation,Critical,synthetic
TICK-005585,We are switching to an alternative solution and wish to terminate service. Appreciate a quick update on this.,Cancellation,Low,synthetic
TICK-005892,We are switching to an alternative solution and wish to terminate service. Thank you for your assistance.,Cancellation,Medium,synthetic
TICK-001005,Can you update my credit card billing address and tax ID for billing? Kindly look into this matter promptly.,Billing,High,synthetic
TICK-003737,My account has been locked due to multiple failed login attempts. Thank you for your assistance.,Account,High,synthetic
TICK-005816,Please confirm cancellation of recurring billing for account 13516. Contact me via email or phone.,Cancellation,Medium,synthetic
TICK-004658,No response to urgent tickets for 72 hours despite premium support SLA. Please advise as soon as possible.,Complaint,High,synthetic
TICK-004664,Worst service experience ever! Unprofessional support team. Kindly look into this matter promptly.,Complaint,Medium,synthetic
TICK-004505,Agent closed my support ticket without resolving the actual issue.,Complaint,Medium,synthetic
TICK-004632,Repeatedly transferred between agents without any resolution. Kindly look into this matter promptly.,Complaint,Medium,synthetic
TICK-001455,I received a late payment penalty charge even though I paid on time. Urgent attention required.,Billing,Low,synthetic
TICK-001488,Can you update my credit card billing address and tax ID for billing?,Billing,High,synthetic
TICK-003913,My profile settings fail to save changes. Please advise as soon as possible.,Account,Medium,synthetic
TICK-005597,We are switching to an alternative solution and wish to terminate service. Please advise as soon as possible.,Cancellation,Medium,synthetic
TICK-001376,Can you update my credit card billing address and tax ID for billing? Looking forward to your prompt response.,Billing,Medium,synthetic
TICK-002089,Software installation fails due to missing DLL files on Windows 11. Looking forward to your prompt response.,Technical Support,Critical,synthetic
TICK-002822,I demand a prompt refund for defective goods received yesterday.,Refund,Low,synthetic
TICK-003528,"Tracking indicates delivered, but package is missing from my doorstep.",Shipping,Medium,synthetic
TICK-005637,I want to cancel my subscription effective immediately. Kindly look into this matter promptly.,Cancellation,High,synthetic
TICK-001194,My credit card was charged twice for transaction 26274. Contact me via email or phone.,Billing,Medium,synthetic
TICK-006155,Closing subscription due to missing essential features. Please advise as soon as possible.,Cancellation,Low,synthetic
TICK-002186,The web application keeps throwing 500 internal server errors when submitting forms. Looking forward to your prompt response.,Technical Support,Low,synthetic
TICK-003520,Package arrived with crushed outer box and broken contents. Please advise as soon as possible.,Shipping,Medium,synthetic
TICK-005026,Looking for comparison between standard and professional tiers. Please advise as soon as possible.,Product Inquiry,Low,synthetic
TICK-003493,Where is my package? Tracking number 86225 shows no movement for 5 days. Please advise as soon as possible.,Shipping,Medium,synthetic
TICK-001886,Bluetooth sync is failing between the hardware device and dashboard. Appreciate a quick update on this.,Technical Support,High,synthetic
TICK-005151,Where can I find user manuals and documentation for model PRO-544? Please advise as soon as possible.,Product Inquiry,Medium,synthetic
TICK-002633,Returned package was delivered to warehouse. When will refund be processed?,Refund,Medium,synthetic
TICK-002710,I demand a prompt refund for defective goods received yesterday. Appreciate a quick update on this.,Refund,Medium,synthetic
TICK-001713,System crashed completely during export task showing error code NULL_POINTER_EXC. Please advise as soon as possible.,Technical Support,Critical,synthetic
TICK-003240,"Tracking indicates delivered, but package is missing from my doorstep. Kindly look into this matter promptly.",Shipping,Medium,synthetic
TICK-003844,Unable to reset password via email link; link expired immediately.,Account,High,synthetic
TICK-003061,International shipment stuck at distribution center for over a week. Please advise as soon as possible.,Shipping,Critical,synthetic
TICK-002221,Unable to connect to remote database server from IP address 192.168.175.176. Please advise as soon as possible.,Technical Support,High,synthetic
TICK-002470,Item arrived damaged in transit. I want an immediate full refund. Kindly look into this matter promptly.,Refund,Medium,synthetic
TICK-001578,My credit card was charged twice for transaction 59362. Appreciate a quick update on this.,Billing,Medium,synthetic
TICK-003612,Single Sign-On (SSO) integration is failing for company domain. Urgent attention required.,Account,High,synthetic
TICK-003271,Delivery courier left parcel in rain without notification. Appreciate a quick update on this.,Shipping,Medium,synthetic
TICK-002956,"Tracking indicates delivered, but package is missing from my doorstep. Thank you for your assistance.",Shipping,Critical,synthetic
TICK-002851,Order was canceled by system but refund has not posted to my account. Kindly look into this matter promptly.,Refund,Medium,synthetic
TICK-005810,I want to cancel my subscription effective immediately.,Cancellation,Medium,synthetic
TICK-003941,My account has been locked due to multiple failed login attempts. Please advise as soon as possible.,Account,High,synthetic
TICK-001621,Why was I billed $499.0 when my plan is $79.99? Looking forward to your prompt response.,Billing,High,synthetic
TICK-001188,Double charge observed on my bank statement for invoice 47431. Urgent attention required.,Billing,High,synthetic
TICK-004481,Misleading advertising regarding feature capabilities on sales page. Please advise as soon as possible.,Complaint,Medium,synthetic
TICK-005065,Can I try out premium features during a free trial demo? Contact me via email or phone.,Product Inquiry,Medium,synthetic
TICK-005958,Subscription cancellation button is missing from account settings page. Thank you for your assistance.,Cancellation,High,synthetic
TICK-005915,Need assistance closing and permanently deleting my account. Urgent attention required.,Cancellation,High,synthetic
TICK-001856,Mobile app keeps crashing on launch after updating to latest iOS/Android version. Please advise as soon as possible.,Technical Support,High,synthetic
TICK-005287,Is this product compatible with macOS Sequoia and Apple Silicon? Thank you for your assistance.,Product Inquiry,Low,synthetic
TICK-001137,I need an official tax invoice and payment receipt for order 24184. Contact me via email or phone.,Billing,High,synthetic
TICK-004928,Is this product compatible with macOS Sequoia and Apple Silicon? Urgent attention required.,Product Inquiry,Low,synthetic
TICK-001182,"My payment failed yesterday, but money was deducted from my bank account.",Billing,Low,synthetic
TICK-002650,I accidentally purchased the wrong subscription tier and need money back. Looking forward to your prompt response.,Refund,High,synthetic
TICK-003823,Account permissions are misconfigured and user cannot access dashboard. Urgent attention required.,Account,High,synthetic
TICK-001629,"My payment failed yesterday, but money was deducted from my bank account. Appreciate a quick update on this.",Billing,Critical,synthetic
TICK-002827,I accidentally purchased the wrong subscription tier and need money back. Urgent attention required.,Refund,High,synthetic
TICK-002502,Order was canceled by system but refund has not posted to my account. Appreciate a quick update on this.,Refund,High,synthetic
TICK-002845,The product quality is sub-par and does not match description. Please refund. Please advise as soon as possible.,Refund,High,synthetic
TICK-005543,Can you provide information on bulk licensing discounts for 500+ users? Contact me via email or phone.,Product Inquiry,Low,synthetic
TICK-004314,Escalating issue: product failed during critical presentation. Urgent attention required.,Complaint,Medium,synthetic
TICK-002126,Page load times are extremely slow and API calls are timing out. Looking forward to your prompt response.,Technical Support,Critical,synthetic
TICK-001357,There is a billing discrepancy on my recent statement for billing period Q1 2026. Kindly look into this matter promptly.,Billing,Critical,synthetic
TICK-004206,How do I transfer account ownership to another administrator?,Account,Low,synthetic
TICK-003411,I need to change shipping address for order 57484 before dispatch.,Shipping,Low,synthetic
TICK-003110,I need to change shipping address for order 45006 before dispatch. Appreciate a quick update on this.,Shipping,Medium,synthetic
TICK-005917,I want to cancel my subscription effective immediately. Contact me via email or phone.,Cancellation,Medium,synthetic
TICK-001186,I noticed an unauthorized charge of $49.0 on my monthly invoice. Contact me via email or phone.,Billing,Critical,synthetic
TICK-004196,My account has been locked due to multiple failed login attempts.,Account,Critical,synthetic
TICK-004089,Single Sign-On (SSO) integration is failing for company domain. Looking forward to your prompt response.,Account,High,synthetic
TICK-003079,"Tracking indicates delivered, but package is missing from my doorstep. Appreciate a quick update on this.",Shipping,Medium,synthetic
TICK-005780,I want to cancel my subscription effective immediately. Appreciate a quick update on this.,Cancellation,High,synthetic
TICK-002587,I requested a refund for order 50619 two weeks ago but haven't received it. Looking forward to your prompt response.,Refund,High,synthetic
TICK-006086,I want to cancel my subscription effective immediately. Urgent attention required.,Cancellation,Critical,synthetic
TICK-002906,Returned package was delivered to warehouse. When will refund be processed? Appreciate a quick update on this.,Refund,High,synthetic
TICK-001146,Can you update my credit card billing address and tax ID for billing? Appreciate a quick update on this.,Billing,Medium,synthetic
TICK-003759,My account has been locked due to multiple failed login attempts. Kindly look into this matter promptly.,Account,Medium,synthetic
TICK-003414,Where is my package? Tracking number 75541 shows no movement for 5 days.,Shipping,Medium,synthetic
TICK-005583,How do I cancel my order before it enters fulfillment phase? Thank you for your assistance.,Cancellation,High,synthetic
TICK-001341,I need an official tax invoice and payment receipt for order 69233. Appreciate a quick update on this.,Billing,High,synthetic
TICK-003053,Where is my package? Tracking number 68394 shows no movement for 5 days. Kindly look into this matter promptly.,Shipping,Medium,synthetic
TICK-003701,Received suspicious password reset email without requesting it. Looking forward to your prompt response.,Account,High,synthetic
TICK-005450,Is this product compatible with macOS Sequoia and Apple Silicon? Please advise as soon as possible.,Product Inquiry,High,synthetic
TICK-002072,The web application keeps throwing 500 internal server errors when submitting forms. Kindly look into this matter promptly.,Technical Support,Low,synthetic
TICK-003954,Received suspicious password reset email without requesting it. Kindly look into this matter promptly.,Account,Medium,synthetic
TICK-004454,Worst service experience ever! Unprofessional support team. Contact me via email or phone.,Complaint,Medium,synthetic
TICK-004028,Received suspicious password reset email without requesting it. Urgent attention required.,Account,Medium,synthetic
TICK-006032,Requesting account closure and deletion of stored customer data.,Cancellation,Medium,synthetic
TICK-005399,Does your enterprise plan support custom API integrations? Urgent attention required.,Product Inquiry,Low,synthetic
TICK-002312,I requested a refund for order 89531 two weeks ago but haven't received it. Please advise as soon as possible.,Refund,Critical,synthetic
TICK-005113,Looking for comparison between standard and professional tiers. Thank you for your assistance.,Product Inquiry,Low,synthetic
TICK-005369,Can you provide information on bulk licensing discounts for 500+ users? Looking forward to your prompt response.,Product Inquiry,Low,synthetic
TICK-005143,What are the hardware specifications required to run this software?,Product Inquiry,Medium,synthetic
TICK-005213,Can I try out premium features during a free trial demo? Thank you for your assistance.,Product Inquiry,Low,synthetic
TICK-004500,Escalating issue: product failed during critical presentation. Please advise as soon as possible.,Complaint,Low,synthetic
TICK-004098,My account has been locked due to multiple failed login attempts. Contact me via email or phone.,Account,Medium,synthetic
TICK-005703,I want to cancel my subscription effective immediately. Kindly look into this matter promptly.,Cancellation,Low,synthetic
TICK-001727,The desktop application freezes every time I click the save button. Urgent attention required.,Technical Support,Medium,synthetic
TICK-001363,I noticed an unauthorized charge of $99.99 on my monthly invoice. Thank you for your assistance.,Billing,Medium,synthetic
TICK-004350,Formal complaint regarding poor product build quality and support delay. Looking forward to your prompt response.,Complaint,High,synthetic
TICK-001038,Why was I billed $19.99 when my plan is $29.99? Appreciate a quick update on this.,Billing,Medium,synthetic
TICK-004304,Worst service experience ever! Unprofessional support team. Urgent attention required.,Complaint,Medium,synthetic
TICK-005030,Can you provide information on bulk licensing discounts for 500+ users? Contact me via email or phone.,Product Inquiry,Medium,synthetic
TICK-004494,Very dissatisfied with rude customer service representative on call. Kindly look into this matter promptly.,Complaint,High,synthetic
TICK-001913,VPN connection drops every 5 minutes unexpectedly.,Technical Support,Medium,synthetic
TICK-002308,"Charged after cancellation request, need immediate reimbursement.",Refund,Medium,synthetic
TICK-001569,Double charge observed on my bank statement for invoice 85399. Urgent attention required.,Billing,Medium,synthetic
TICK-003600,"Tracking indicates delivered, but package is missing from my doorstep. Urgent attention required.",Shipping,Medium,synthetic
TICK-001643,Can you update my credit card billing address and tax ID for billing?,Billing,High,synthetic
TICK-004273,Misleading advertising regarding feature capabilities on sales page. Please advise as soon as possible.,Complaint,Critical,synthetic
TICK-003420,My order 81891 was shipped to wrong delivery address. Contact me via email or phone.,Shipping,High,synthetic
TICK-002661,I accidentally purchased the wrong subscription tier and need money back. Appreciate a quick update on this.,Refund,High,synthetic
TICK-002287,Page load times are extremely slow and API calls are timing out. Looking forward to your prompt response.,Technical Support,Critical,synthetic
TICK-003801,Account permissions are misconfigured and user cannot access dashboard. Kindly look into this matter promptly.,Account,High,synthetic
TICK-004992,What are the hardware specifications required to run this software? Looking forward to your prompt response.,Product Inquiry,Low,synthetic
TICK-002360,The product quality is sub-par and does not match description. Please refund. Looking forward to your prompt response.,Refund,Low,synthetic
TICK-003339,"Tracking indicates delivered, but package is missing from my doorstep. Urgent attention required.",Shipping,Low,synthetic
TICK-002299,Page load times are extremely slow and API calls are timing out. Contact me via email or phone.,Technical Support,High,synthetic
TICK-001107,There is a billing discrepancy on my recent statement for billing period Q1 2026. Urgent attention required.,Billing,Medium,synthetic
TICK-001132,I am being billed for a service that was supposed to be free during trial. Looking forward to your prompt response.,Billing,Medium,synthetic
TICK-002473,I accidentally purchased the wrong subscription tier and need money back.,Refund,High,synthetic
TICK-003089,"Tracking indicates delivered, but package is missing from my doorstep. Contact me via email or phone.",Shipping,High,synthetic
TICK-002785,I accidentally purchased the wrong subscription tier and need money back. Urgent attention required.,Refund,High,synthetic
TICK-005283,Does the cloud platform comply with SOC2 and HIPAA standards? Contact me via email or phone.,Product Inquiry,Low,synthetic
TICK-002771,I accidentally purchased the wrong subscription tier and need money back.,Refund,Low,synthetic
TICK-005411,What are the hardware specifications required to run this software? Kindly look into this matter promptly.,Product Inquiry,High,synthetic
TICK-005900,We are switching to an alternative solution and wish to terminate service. Urgent attention required.,Cancellation,Low,synthetic
TICK-003507,Where is my package? Tracking number 19139 shows no movement for 5 days. Urgent attention required.,Shipping,High,synthetic
TICK-004833,Agent closed my support ticket without resolving the actual issue. Looking forward to your prompt response.,Complaint,High,synthetic
TICK-002825,"Charged after cancellation request, need immediate reimbursement. Kindly look into this matter promptly.",Refund,Medium,synthetic
TICK-003781,Received suspicious password reset email without requesting it. Looking forward to your prompt response.,Account,High,synthetic
TICK-004592,Escalating issue: product failed during critical presentation. Urgent attention required.,Complaint,Medium,synthetic
TICK-003698,My account has been locked due to multiple failed login attempts. Thank you for your assistance.,Account,Medium,synthetic
TICK-005196,Can I try out premium features during a free trial demo? Appreciate a quick update on this.,Product Inquiry,High,synthetic
TICK-001508,I noticed an unauthorized charge of $19.99 on my monthly invoice. Please advise as soon as possible.,Billing,High,synthetic
TICK-005727,Requesting account closure and deletion of stored customer data. Urgent attention required.,Cancellation,Low,synthetic
TICK-004095,How do I transfer account ownership to another administrator? Looking forward to your prompt response.,Account,High,synthetic
TICK-002900,The product quality is sub-par and does not match description. Please refund. Appreciate a quick update on this.,Refund,Medium,synthetic
TICK-004615,Very dissatisfied with rude customer service representative on call. Thank you for your assistance.,Complaint,Critical,synthetic
TICK-002840,Item arrived damaged in transit. I want an immediate full refund. Please advise as soon as possible.,Refund,Medium,synthetic
TICK-002834,I demand a prompt refund for defective goods received yesterday. Appreciate a quick update on this.,Refund,Medium,synthetic
TICK-003090,Delivery courier left parcel in rain without notification. Urgent attention required.,Shipping,High,synthetic
TICK-003488,I need to change shipping address for order 35738 before dispatch. Please advise as soon as possible.,Shipping,Low,synthetic
TICK-003489,Customs clearance is delaying package shipment at border transit. Looking forward to your prompt response.,Shipping,Medium,synthetic
TICK-001691,System crashed completely during export task showing error code AUTH_DENIED. Contact me via email or phone.,Technical Support,High,synthetic
TICK-004364,System downtime caused business revenue loss for our team. Kindly look into this matter promptly.,Complaint,High,synthetic
TICK-004612,No response to urgent tickets for 72 hours despite premium support SLA. Urgent attention required.,Complaint,Critical,synthetic
TICK-003409,Estimated delivery date has passed but package has not arrived. Thank you for your assistance.,Shipping,Low,synthetic
TICK-006017,Subscription cancellation button is missing from account settings page. Appreciate a quick update on this.,Cancellation,Medium,synthetic
TICK-002444,I demand a prompt refund for defective goods received yesterday. Appreciate a quick update on this.,Refund,Medium,synthetic
TICK-001350,I am being billed for a service that was supposed to be free during trial. Kindly look into this matter promptly.,Billing,Critical,synthetic
TICK-001520,"My payment failed yesterday, but money was deducted from my bank account. Thank you for your assistance.",Billing,Medium,synthetic
TICK-002559,The product quality is sub-par and does not match description. Please refund.,Refund,High,synthetic
TICK-003886,My account has been locked due to multiple failed login attempts. Kindly look into this matter promptly.,Account,Low,synthetic
TICK-005674,How do I cancel my order before it enters fulfillment phase? Kindly look into this matter promptly.,Cancellation,Medium,synthetic
TICK-004685,Repeatedly transferred between agents without any resolution. Kindly look into this matter promptly.,Complaint,High,synthetic
TICK-002573,Returned package was delivered to warehouse. When will refund be processed? Please advise as soon as possible.,Refund,High,synthetic
TICK-002780,The product quality is sub-par and does not match description. Please refund. Appreciate a quick update on this.,Refund,High,synthetic
TICK-003050,"Tracking indicates delivered, but package is missing from my doorstep. Please advise as soon as possible.",Shipping,High,synthetic
TICK-004283,Misleading advertising regarding feature capabilities on sales page. Contact me via email or phone.,Complaint,Medium,synthetic
TICK-005155,Where can I find user manuals and documentation for model PRO-400? Please advise as soon as possible.,Product Inquiry,Low,synthetic
TICK-004139,Single Sign-On (SSO) integration is failing for company domain. Urgent attention required.,Account,Critical,synthetic
TICK-003598,Delivery courier left parcel in rain without notification. Urgent attention required.,Shipping,Critical,synthetic
TICK-001746,My internet is not working and the router LED is blinking red. Appreciate a quick update on this.,Technical Support,High,synthetic
TICK-002165,Unable to connect to remote database server from IP address 192.168.133.111. Please advise as soon as possible.,Technical Support,High,synthetic
TICK-003713,My profile settings fail to save changes. Urgent attention required.,Account,Low,synthetic
TICK-003914,I cannot log into my account despite entering correct password. Urgent attention required.,Account,High,synthetic
TICK-004378,Appalled by lack of response to critical security vulnerability report. Please advise as soon as possible.,Complaint,High,synthetic
TICK-003477,My order 60111 was shipped to wrong delivery address. Urgent attention required.,Shipping,Medium,synthetic
TICK-005407,Looking for comparison between standard and professional tiers. Please advise as soon as possible.,Product Inquiry,Low,synthetic
TICK-001159,"My payment failed yesterday, but money was deducted from my bank account. Kindly look into this matter promptly.",Billing,High,synthetic
TICK-004126,Two-factor authentication code is not being received on my phone. Contact me via email or phone.,Account,Critical,synthetic
TICK-002388,Service was down during our event. Requesting credit refund to account.,Refund,Medium,synthetic
TICK-001309,My credit card was charged twice for transaction 16021. Urgent attention required.,Billing,Medium,synthetic
TICK-003201,"Express shipping paid, but package sent via standard economy post. Appreciate a quick update on this.",Shipping,Medium,synthetic
TICK-003790,Account permissions are misconfigured and user cannot access dashboard. Urgent attention required.,Account,Medium,synthetic
TICK-001153,Can you update my credit card billing address and tax ID for billing? Thank you for your assistance.,Billing,High,synthetic
TICK-005335,Where can I find user manuals and documentation for model PRO-297?,Product Inquiry,Medium,synthetic
TICK-004536,Worst service experience ever! Unprofessional support team. Kindly look into this matter promptly.,Complaint,High,synthetic
TICK-005367,Is this product compatible with macOS Sequoia and Apple Silicon? Urgent attention required.,Product Inquiry,Low,synthetic
TICK-004637,Misleading advertising regarding feature capabilities on sales page. Appreciate a quick update on this.,Complaint,High,synthetic
TICK-004820,Very dissatisfied with rude customer service representative on call.,Complaint,Low,synthetic
TICK-002384,"Charged after cancellation request, need immediate reimbursement. Urgent attention required.",Refund,High,synthetic
TICK-002026,The web application keeps throwing 500 internal server errors when submitting forms. Urgent attention required.,Technical Support,High,synthetic
TICK-002158,The web application keeps throwing 500 internal server errors when submitting forms. Contact me via email or phone.,Technical Support,High,synthetic
TICK-004557,Worst service experience ever! Unprofessional support team. Urgent attention required.,Complaint,Critical,synthetic
TICK-001614,There is a billing discrepancy on my recent statement for billing period Q1 2026. Kindly look into this matter promptly.,Billing,High,synthetic
TICK-005305,Where can I find user manuals and documentation for model PRO-463? Appreciate a quick update on this.,Product Inquiry,Low,synthetic
TICK-006123,Need assistance closing and permanently deleting my account. Please advise as soon as possible.,Cancellation,Medium,synthetic
TICK-002830,The product quality is sub-par and does not match description. Please refund. Thank you for your assistance.,Refund,Critical,synthetic
TICK-006005,Closing subscription due to missing essential features.,Cancellation,High,synthetic
TICK-001394,Double charge observed on my bank statement for invoice 62965. Appreciate a quick update on this.,Billing,Critical,synthetic
TICK-005639,We are switching to an alternative solution and wish to terminate service. Please advise as soon as possible.,Cancellation,Low,synthetic
TICK-003560,Estimated delivery date has passed but package has not arrived. Looking forward to your prompt response.,Shipping,Medium,synthetic
TICK-006149,Closing subscription due to missing essential features. Contact me via email or phone.,Cancellation,Medium,synthetic
TICK-004247,Two-factor authentication code is not being received on my phone. Looking forward to your prompt response.,Account,High,synthetic
TICK-005086,Is this product compatible with macOS Sequoia and Apple Silicon?,Product Inquiry,Low,synthetic
TICK-001152,I noticed an unauthorized charge of $249.5 on my monthly invoice. Thank you for your assistance.,Billing,Medium,synthetic
TICK-001692,The desktop application freezes every time I click the save button.,Technical Support,High,synthetic
TICK-004266,Very dissatisfied with rude customer service representative on call. Looking forward to your prompt response.,Complaint,High,synthetic
TICK-004282,Agent closed my support ticket without resolving the actual issue. Urgent attention required.,Complaint,High,synthetic
TICK-001933,Page load times are extremely slow and API calls are timing out. Please advise as soon as possible.,Technical Support,High,synthetic
TICK-003897,Account permissions are misconfigured and user cannot access dashboard. Thank you for your assistance.,Account,High,synthetic
TICK-005262,Where can I find user manuals and documentation for model PRO-529? Please advise as soon as possible.,Product Inquiry,Medium,synthetic
TICK-005007,Looking for comparison between standard and professional tiers. Appreciate a quick update on this.,Product Inquiry,Low,synthetic
TICK-003847,Two-factor authentication code is not being received on my phone. Kindly look into this matter promptly.,Account,Medium,synthetic
TICK-004802,Very dissatisfied with rude customer service representative on call. Contact me via email or phone.,Complaint,Low,synthetic
TICK-001202,Why was I billed $499.0 when my plan is $79.99?,Billing,Medium,synthetic
TICK-001079,I am being billed for a service that was supposed to be free during trial.,Billing,Medium,synthetic
TICK-004318,Formal complaint regarding poor product build quality and support delay. Please advise as soon as possible.,Complaint,High,synthetic
TICK-001794,The desktop application freezes every time I click the save button. Appreciate a quick update on this.,Technical Support,Critical,synthetic
TICK-003107,Estimated delivery date has passed but package has not arrived. Kindly look into this matter promptly.,Shipping,High,synthetic
TICK-005463,Is this product compatible with macOS Sequoia and Apple Silicon? Looking forward to your prompt response.,Product Inquiry,Low,synthetic
TICK-002248,The web application keeps throwing 500 internal server errors when submitting forms. Please advise as soon as possible.,Technical Support,High,synthetic
TICK-005119,Can I try out premium features during a free trial demo? Appreciate a quick update on this.,Product Inquiry,Low,synthetic
TICK-001046,I received a late payment penalty charge even though I paid on time. Kindly look into this matter promptly.,Billing,High,synthetic
TICK-002174,VPN connection drops every 5 minutes unexpectedly.,Technical Support,Medium,synthetic
TICK-003041,Delivery courier left parcel in rain without notification. Urgent attention required.,Shipping,High,synthetic
TICK-001026,Can you update my credit card billing address and tax ID for billing? Appreciate a quick update on this.,Billing,Critical,synthetic
TICK-001948,Mobile app keeps crashing on launch after updating to latest iOS/Android version. Appreciate a quick update on this.,Technical Support,High,synthetic
TICK-001018,Can you update my credit card billing address and tax ID for billing? Contact me via email or phone.,Billing,High,synthetic
TICK-001730,VPN connection drops every 5 minutes unexpectedly. Please advise as soon as possible.,Technical Support,Medium,synthetic
TICK-005036,Is this product compatible with macOS Sequoia and Apple Silicon? Urgent attention required.,Product Inquiry,Low,synthetic
TICK-002700,I demand a prompt refund for defective goods received yesterday.,Refund,High,synthetic
TICK-001212,Double charge observed on my bank statement for invoice 59832. Thank you for your assistance.,Billing,Medium,synthetic
TICK-001367,I noticed an unauthorized charge of $499.0 on my monthly invoice. Urgent attention required.,Billing,High,synthetic
TICK-004754,Agent closed my support ticket without resolving the actual issue. Thank you for your assistance.,Complaint,Critical,synthetic
TICK-001465,There is a billing discrepancy on my recent statement for billing period Feb 2026.,Billing,Medium,synthetic
TICK-006044,Closing subscription due to missing essential features. Appreciate a quick update on this.,Cancellation,Medium,synthetic
TICK-005627,Canceling contract due to budget constraints in our organization. Urgent attention required.,Cancellation,High,synthetic
TICK-005245,Where can I find user manuals and documentation for model PRO-487?,Product Inquiry,Low,synthetic
TICK-001009,My credit card was charged twice for transaction 40021. Kindly look into this matter promptly.,Billing,Medium,synthetic
TICK-005068,Does your enterprise plan support custom API integrations? Urgent attention required.,Product Inquiry,Medium,synthetic
TICK-002120,Bluetooth sync is failing between the hardware device and dashboard. Thank you for your assistance.,Technical Support,High,synthetic
TICK-006095,Please confirm cancellation of recurring billing for account 51969. Please advise as soon as possible.,Cancellation,High,synthetic
TICK-003331,Estimated delivery date has passed but package has not arrived. Thank you for your assistance.,Shipping,Medium,synthetic
TICK-005046,Are there any upcoming features planned for mobile tablet views? Looking forward to your prompt response.,Product Inquiry,Low,synthetic
TICK-003120,"Express shipping paid, but package sent via standard economy post. Thank you for your assistance.",Shipping,Medium,synthetic
TICK-005787,Requesting account closure and deletion of stored customer data. Looking forward to your prompt response.,Cancellation,Low,synthetic
TICK-003585,"Express shipping paid, but package sent via standard economy post. Appreciate a quick update on this.",Shipping,Medium,synthetic
TICK-005672,Please confirm cancellation of recurring billing for account 71215. Appreciate a quick update on this.,Cancellation,Medium,synthetic
TICK-003663,Unable to reset password via email link; link expired immediately. Looking forward to your prompt response.,Account,High,synthetic
TICK-002667,"Charged after cancellation request, need immediate reimbursement. Urgent attention required.",Refund,High,synthetic
TICK-004009,I cannot log into my account despite entering correct password. Kindly look into this matter promptly.,Account,Medium,synthetic
TICK-004867,Formal complaint regarding poor product build quality and support delay.,Complaint,Critical,synthetic
TICK-004242,Single Sign-On (SSO) integration is failing for company domain. Contact me via email or phone.,Account,High,synthetic
TICK-003950,My profile settings fail to save changes. Please advise as soon as possible.,Account,Low,synthetic
TICK-004622,Very dissatisfied with rude customer service representative on call. Kindly look into this matter promptly.,Complaint,Medium,synthetic
TICK-005962,How do I cancel my order before it enters fulfillment phase? Urgent attention required.,Cancellation,Medium,synthetic
TICK-003385,Where is my package? Tracking number 25527 shows no movement for 5 days.,Shipping,Low,synthetic
TICK-005061,Does your enterprise plan support custom API integrations? Urgent attention required.,Product Inquiry,Medium,synthetic
TICK-004478,Appalled by lack of response to critical security vulnerability report. Please advise as soon as possible.,Complaint,High,synthetic
TICK-002745,Service was down during our event. Requesting credit refund to account. Appreciate a quick update on this.,Refund,High,synthetic
TICK-005564,How do I cancel my order before it enters fulfillment phase? Contact me via email or phone.,Cancellation,Medium,synthetic
TICK-005963,Need assistance closing and permanently deleting my account. Contact me via email or phone.,Cancellation,Medium,synthetic
TICK-001294,There is a billing discrepancy on my recent statement for billing period Feb 2026. Urgent attention required.,Billing,Medium,synthetic
TICK-004225,My account has been locked due to multiple failed login attempts. Urgent attention required.,Account,Medium,synthetic
TICK-003030,Where is my package? Tracking number 84925 shows no movement for 5 days. Kindly look into this matter promptly.,Shipping,Critical,synthetic
TICK-001430,There is a billing discrepancy on my recent statement for billing period Q1 2026. Appreciate a quick update on this.,Billing,High,synthetic
TICK-003640,I cannot log into my account despite entering correct password.,Account,Medium,synthetic
TICK-002453,The product quality is sub-par and does not match description. Please refund. Thank you for your assistance.,Refund,High,synthetic
TICK-002084,The web application keeps throwing 500 internal server errors when submitting forms. Appreciate a quick update on this.,Technical Support,High,synthetic
TICK-003904,How do I transfer account ownership to another administrator? Contact me via email or phone.,Account,Medium,synthetic
TICK-005800,Need assistance closing and permanently deleting my account. Appreciate a quick update on this.,Cancellation,High,synthetic
TICK-003724,How do I transfer account ownership to another administrator? Looking forward to your prompt response.,Account,Medium,synthetic
TICK-001862,VPN connection drops every 5 minutes unexpectedly. Appreciate a quick update on this.,Technical Support,High,synthetic
TICK-002631,The product quality is sub-par and does not match description. Please refund. Please advise as soon as possible.,Refund,Medium,synthetic
TICK-003778,Single Sign-On (SSO) integration is failing for company domain. Thank you for your assistance.,Account,High,synthetic
TICK-005045,Can you provide information on bulk licensing discounts for 500+ users? Looking forward to your prompt response.,Product Inquiry,Medium,synthetic
TICK-002543,Item arrived damaged in transit. I want an immediate full refund.,Refund,High,synthetic
TICK-005386,Does your enterprise plan support custom API integrations? Urgent attention required.,Product Inquiry,Low,synthetic
TICK-001333,"My payment failed yesterday, but money was deducted from my bank account. Appreciate a quick update on this.",Billing,High,synthetic
TICK-001191,I am being billed for a service that was supposed to be free during trial. Thank you for your assistance.,Billing,Medium,synthetic
TICK-004043,How do I transfer account ownership to another administrator? Urgent attention required.,Account,Medium,synthetic
TICK-003727,How do I transfer account ownership to another administrator? Looking forward to your prompt response.,Account,High,synthetic
TICK-004596,Very dissatisfied with rude customer service representative on call.,Complaint,High,synthetic
TICK-004568,Repeatedly transferred between agents without any resolution. Kindly look into this matter promptly.,Complaint,Medium,synthetic
TICK-004918,Are there any upcoming features planned for mobile tablet views? Please advise as soon as possible.,Product Inquiry,Low,synthetic
TICK-001975,Page load times are extremely slow and API calls are timing out. Looking forward to your prompt response.,Technical Support,Medium,synthetic
TICK-001767,The web application keeps throwing 500 internal server errors when submitting forms.,Technical Support,High,synthetic
TICK-003287,Where is my package? Tracking number 33481 shows no movement for 5 days. Thank you for your assistance.,Shipping,High,synthetic
TICK-004625,Agent closed my support ticket without resolving the actual issue. Thank you for your assistance.,Complaint,High,synthetic
TICK-004686,Misleading advertising regarding feature capabilities on sales page. Kindly look into this matter promptly.,Complaint,Medium,synthetic
TICK-001768,Mobile app keeps crashing on launch after updating to latest iOS/Android version. Contact me via email or phone.,Technical Support,High,synthetic
TICK-002098,Bluetooth sync is failing between the hardware device and dashboard. Thank you for your assistance.,Technical Support,Critical,synthetic
TICK-002942,Service was down during our event. Requesting credit refund to account. Thank you for your assistance.,Refund,High,synthetic
TICK-001118,"My payment failed yesterday, but money was deducted from my bank account. Please advise as soon as possible.",Billing,High,synthetic
TICK-003159,International shipment stuck at distribution center for over a week. Urgent attention required.,Shipping,Medium,synthetic
TICK-005276,Is this product compatible with macOS Sequoia and Apple Silicon? Appreciate a quick update on this.,Product Inquiry,Low,synthetic
TICK-005042,Looking for comparison between standard and professional tiers.,Product Inquiry,Low,synthetic
TICK-004384,Worst service experience ever! Unprofessional support team. Kindly look into this matter promptly.,Complaint,High,synthetic
TICK-002725,Returned package was delivered to warehouse. When will refund be processed? Please advise as soon as possible.,Refund,Critical,synthetic
TICK-005396,Where can I find user manuals and documentation for model PRO-344? Thank you for your assistance.,Product Inquiry,Medium,synthetic
TICK-003544,Delivery courier left parcel in rain without notification. Looking forward to your prompt response.,Shipping,Medium,synthetic
TICK-001898,Unable to connect to remote database server from IP address 192.168.91.108.,Technical Support,Medium,synthetic
TICK-005135,Is this product compatible with macOS Sequoia and Apple Silicon? Appreciate a quick update on this.,Product Inquiry,High,synthetic
TICK-001964,Unable to connect to remote database server from IP address 192.168.126.104. Looking forward to your prompt response.,Technical Support,Critical,synthetic
TICK-001756,The web application keeps throwing 500 internal server errors when submitting forms. Urgent attention required.,Technical Support,High,synthetic
TICK-004269,System downtime caused business revenue loss for our team. Appreciate a quick update on this.,Complaint,Medium,synthetic
TICK-004607,Agent closed my support ticket without resolving the actual issue. Please advise as soon as possible.,Complaint,High,synthetic
TICK-006139,Please confirm cancellation of recurring billing for account 84700. Urgent attention required.,Cancellation,Low,synthetic
TICK-002476,Item arrived damaged in transit. I want an immediate full refund.,Refund,Medium,synthetic
TICK-001106,I noticed an unauthorized charge of $49.0 on my monthly invoice. Please advise as soon as possible.,Billing,Medium,synthetic
TICK-004046,My profile settings fail to save changes. Thank you for your assistance.,Account,Medium,synthetic
TICK-001395,I received a late payment penalty charge even though I paid on time. Contact me via email or phone.,Billing,High,synthetic
TICK-004215,I need to update my registered email address and phone number. Appreciate a quick update on this.,Account,Medium,synthetic
TICK-001540,I noticed an unauthorized charge of $49.0 on my monthly invoice. Please advise as soon as possible.,Billing,High,synthetic
TICK-004423,Appalled by lack of response to critical security vulnerability report. Please advise as soon as possible.,Complaint,Medium,synthetic
TICK-002731,Order was canceled by system but refund has not posted to my account. Urgent attention required.,Refund,Low,synthetic
TICK-006047,Requesting account closure and deletion of stored customer data. Contact me via email or phone.,Cancellation,High,synthetic
TICK-002039,Mobile app keeps crashing on launch after updating to latest iOS/Android version. Looking forward to your prompt response.,Technical Support,Critical,synthetic
TICK-001554,I need an official tax invoice and payment receipt for order 95950. Looking forward to your prompt response.,Billing,High,synthetic
TICK-003359,Where is my package? Tracking number 28255 shows no movement for 5 days. Contact me via email or phone.,Shipping,Medium,synthetic
TICK-001638,"My payment failed yesterday, but money was deducted from my bank account. Looking forward to your prompt response.",Billing,High,synthetic
TICK-003553,Estimated delivery date has passed but package has not arrived. Thank you for your assistance.,Shipping,Medium,synthetic
TICK-005770,Please confirm cancellation of recurring billing for account 11099. Please advise as soon as possible.,Cancellation,Medium,synthetic
TICK-004532,Repeatedly transferred between agents without any resolution. Contact me via email or phone.,Complaint,Medium,synthetic
TICK-004038,I cannot log into my account despite entering correct password. Contact me via email or phone.,Account,High,synthetic
TICK-003880,Two-factor authentication code is not being received on my phone. Appreciate a quick update on this.,Account,High,synthetic
TICK-005612,How do I cancel my order before it enters fulfillment phase? Thank you for your assistance.,Cancellation,Medium,synthetic
TICK-005562,We are switching to an alternative solution and wish to terminate service. Please advise as soon as possible.,Cancellation,Low,synthetic
TICK-001393,"My payment failed yesterday, but money was deducted from my bank account. Contact me via email or phone.",Billing,High,synthetic
TICK-003955,Two-factor authentication code is not being received on my phone.,Account,High,synthetic
TICK-005604,Closing subscription due to missing essential features. Thank you for your assistance.,Cancellation,Medium,synthetic
TICK-004409,No response to urgent tickets for 72 hours despite premium support SLA. Please advise as soon as possible.,Complaint,High,synthetic
TICK-005758,I want to cancel my subscription effective immediately. Contact me via email or phone.,Cancellation,High,synthetic
TICK-002787,Order was canceled by system but refund has not posted to my account. Appreciate a quick update on this.,Refund,Low,synthetic
TICK-001437,Why was I billed $249.5 when my plan is $79.99? Kindly look into this matter promptly.,Billing,High,synthetic
TICK-001399,Double charge observed on my bank statement for invoice 86062. Looking forward to your prompt response.,Billing,High,synthetic
TICK-003784,My account has been locked due to multiple failed login attempts. Appreciate a quick update on this.,Account,High,synthetic
TICK-001303,"My payment failed yesterday, but money was deducted from my bank account. Looking forward to your prompt response.",Billing,Critical,synthetic
TICK-001218,I received a late payment penalty charge even though I paid on time. Kindly look into this matter promptly.,Billing,Critical,synthetic
TICK-005311,Is this product compatible with macOS Sequoia and Apple Silicon? Please advise as soon as possible.,Product Inquiry,Low,synthetic
TICK-001163,Double charge observed on my bank statement for invoice 31697.,Billing,High,synthetic
TICK-003902,My profile settings fail to save changes. Thank you for your assistance.,Account,High,synthetic
TICK-005870,Requesting account closure and deletion of stored customer data. Looking forward to your prompt response.,Cancellation,Low,synthetic
TICK-001071,I am being billed for a service that was supposed to be free during trial. Thank you for your assistance.,Billing,Medium,synthetic
TICK-004508,System downtime caused business revenue loss for our team.,Complaint,Medium,synthetic
TICK-005504,Where can I find user manuals and documentation for model PRO-993? Looking forward to your prompt response.,Product Inquiry,Low,synthetic
TICK-004313,No response to urgent tickets for 72 hours despite premium support SLA. Contact me via email or phone.,Complaint,Medium,synthetic
TICK-005459,Looking for comparison between standard and professional tiers.,Product Inquiry,Low,synthetic
TICK-004205,I cannot log into my account despite entering correct password. Urgent attention required.,Account,Medium,synthetic
TICK-005542,Does your enterprise plan support custom API integrations?,Product Inquiry,Medium,synthetic
TICK-003839,I need to update my registered email address and phone number. Contact me via email or phone.,Account,High,synthetic
TICK-002791,Partial refund missing from my previous dispute case 76219. Urgent attention required.,Refund,High,synthetic
TICK-002694,I accidentally purchased the wrong subscription tier and need money back. Thank you for your assistance.,Refund,High,synthetic
TICK-002873,Partial refund missing from my previous dispute case 85623. Kindly look into this matter promptly.,Refund,Medium,synthetic
TICK-004420,Formal complaint regarding poor product build quality and support delay. Looking forward to your prompt response.,Complaint,High,synthetic
TICK-005331,Can I try out premium features during a free trial demo? Kindly look into this matter promptly.,Product Inquiry,Low,synthetic
TICK-001170,Why was I billed $249.5 when my plan is $79.99? Urgent attention required.,Billing,High,synthetic
TICK-004376,Escalating issue: product failed during critical presentation. Appreciate a quick update on this.,Complaint,High,synthetic
TICK-002773,I requested a refund for order 97147 two weeks ago but haven't received it. Thank you for your assistance.,Refund,Low,synthetic
TICK-004961,Can you provide information on bulk licensing discounts for 500+ users? Kindly look into this matter promptly.,Product Inquiry,Low,synthetic
TICK-004204,Account permissions are misconfigured and user cannot access dashboard. Looking forward to your prompt response.,Account,High,synthetic
TICK-004912,Does the cloud platform comply with SOC2 and HIPAA standards? Please advise as soon as possible.,Product Inquiry,Low,synthetic
TICK-002479,I demand a prompt refund for defective goods received yesterday. Appreciate a quick update on this.,Refund,Critical,synthetic
TICK-001221,Can you update my credit card billing address and tax ID for billing?,Billing,Medium,synthetic
TICK-002961,"Express shipping paid, but package sent via standard economy post. Appreciate a quick update on this.",Shipping,High,synthetic
TICK-001014,Why was I billed $19.99 when my plan is $79.99? Urgent attention required.,Billing,High,synthetic
TICK-003219,Package arrived with crushed outer box and broken contents. Please advise as soon as possible.,Shipping,Medium,synthetic
TICK-005582,Please turn off auto-renewal for my annual membership plan. Kindly look into this matter promptly.,Cancellation,Low,synthetic
TICK-001717,The desktop application freezes every time I click the save button.,Technical Support,Medium,synthetic
TICK-001905,My internet is not working and the router LED is blinking red. Appreciate a quick update on this.,Technical Support,High,synthetic
TICK-004468,System downtime caused business revenue loss for our team. Urgent attention required.,Complaint,Critical,synthetic
TICK-004429,Misleading advertising regarding feature capabilities on sales page. Looking forward to your prompt response.,Complaint,Medium,synthetic
TICK-001475,Can you update my credit card billing address and tax ID for billing? Appreciate a quick update on this.,Billing,High,synthetic
TICK-004287,Appalled by lack of response to critical security vulnerability report.,Complaint,High,synthetic
TICK-004125,Received suspicious password reset email without requesting it.,Account,High,synthetic
TICK-002151,My internet is not working and the router LED is blinking red. Kindly look into this matter promptly.,Technical Support,Critical,synthetic
TICK-001960,Unable to connect to remote database server from IP address 192.168.74.148. Contact me via email or phone.,Technical Support,Medium,synthetic
TICK-005927,Canceling contract due to budget constraints in our organization. Kindly look into this matter promptly.,Cancellation,Medium,synthetic
TICK-002238,System crashed completely during export task showing error code ERR_502.,Technical Support,High,synthetic
TICK-004656,Agent closed my support ticket without resolving the actual issue. Please advise as soon as possible.,Complaint,Critical,synthetic
TICK-001675,My internet is not working and the router LED is blinking red. Urgent attention required.,Technical Support,High,synthetic
TICK-001133,I noticed an unauthorized charge of $249.5 on my monthly invoice.,Billing,Low,synthetic
TICK-002344,I requested a refund for order 73719 two weeks ago but haven't received it. Thank you for your assistance.,Refund,High,synthetic
TICK-004174,My profile settings fail to save changes. Kindly look into this matter promptly.,Account,High,synthetic
TICK-001688,My internet is not working and the router LED is blinking red. Contact me via email or phone.,Technical Support,High,synthetic
TICK-004157,I need to update my registered email address and phone number.,Account,High,synthetic
TICK-004542,Escalating issue: product failed during critical presentation. Please advise as soon as possible.,Complaint,Low,synthetic
TICK-003040,"Tracking indicates delivered, but package is missing from my doorstep. Please advise as soon as possible.",Shipping,High,synthetic
TICK-002477,Item arrived damaged in transit. I want an immediate full refund. Please advise as soon as possible.,Refund,Medium,synthetic
TICK-005975,Requesting account closure and deletion of stored customer data. Please advise as soon as possible.,Cancellation,Medium,synthetic
TICK-002462,I demand a prompt refund for defective goods received yesterday. Looking forward to your prompt response.,Refund,High,synthetic
TICK-004723,Formal complaint regarding poor product build quality and support delay. Please advise as soon as possible.,Complaint,High,synthetic
TICK-003912,I need to update my registered email address and phone number. Contact me via email or phone.,Account,Critical,synthetic
TICK-001796,Page load times are extremely slow and API calls are timing out. Please advise as soon as possible.,Technical Support,Low,synthetic
TICK-002565,I requested a refund for order 51085 two weeks ago but haven't received it.,Refund,Medium,synthetic
TICK-006163,Requesting account closure and deletion of stored customer data. Thank you for your assistance.,Cancellation,Low,synthetic
TICK-001682,My internet is not working and the router LED is blinking red. Appreciate a quick update on this.,Technical Support,High,synthetic
TICK-003937,Single Sign-On (SSO) integration is failing for company domain. Contact me via email or phone.,Account,Medium,synthetic
TICK-005933,How do I cancel my order before it enters fulfillment phase? Thank you for your assistance.,Cancellation,High,synthetic
TICK-005124,Can you provide information on bulk licensing discounts for 500+ users? Kindly look into this matter promptly.,Product Inquiry,Low,synthetic
TICK-005980,I want to cancel my subscription effective immediately. Thank you for your assistance.,Cancellation,Medium,synthetic
TICK-003060,Where is my package? Tracking number 20346 shows no movement for 5 days. Kindly look into this matter promptly.,Shipping,Critical,synthetic
TICK-002104,My internet is not working and the router LED is blinking red. Looking forward to your prompt response.,Technical Support,Critical,synthetic
TICK-005184,Does the cloud platform comply with SOC2 and HIPAA standards? Thank you for your assistance.,Product Inquiry,Low,synthetic
TICK-001025,I noticed an unauthorized charge of $499.0 on my monthly invoice. Contact me via email or phone.,Billing,Medium,synthetic
TICK-005041,Can you provide information on bulk licensing discounts for 500+ users? Contact me via email or phone.,Product Inquiry,Medium,synthetic
TICK-001095,Can you update my credit card billing address and tax ID for billing? Please advise as soon as possible.,Billing,High,synthetic
TICK-001546,Can you update my credit card billing address and tax ID for billing? Please advise as soon as possible.,Billing,Medium,synthetic
TICK-005159,Can you provide information on bulk licensing discounts for 500+ users? Please advise as soon as possible.,Product Inquiry,Low,synthetic
TICK-004759,Misleading advertising regarding feature capabilities on sales page.,Complaint,High,synthetic
TICK-004732,Appalled by lack of response to critical security vulnerability report. Please advise as soon as possible.,Complaint,Critical,synthetic
TICK-004158,Two-factor authentication code is not being received on my phone. Urgent attention required.,Account,High,synthetic
TICK-002914,I demand a prompt refund for defective goods received yesterday. Thank you for your assistance.,Refund,Low,synthetic
TICK-005233,Can you provide information on bulk licensing discounts for 500+ users? Contact me via email or phone.,Product Inquiry,Low,synthetic
TICK-005078,What are the hardware specifications required to run this software? Thank you for your assistance.,Product Inquiry,Medium,synthetic
TICK-004857,Agent closed my support ticket without resolving the actual issue. Kindly look into this matter promptly.,Complaint,High,synthetic
TICK-005037,Are there any upcoming features planned for mobile tablet views? Kindly look into this matter promptly.,Product Inquiry,Low,synthetic
TICK-004491,Misleading advertising regarding feature capabilities on sales page. Urgent attention required.,Complaint,Medium,synthetic
TICK-001158,I noticed an unauthorized charge of $249.5 on my monthly invoice. Urgent attention required.,Billing,Critical,synthetic
TICK-002549,I accidentally purchased the wrong subscription tier and need money back. Appreciate a quick update on this.,Refund,Medium,synthetic
TICK-003221,Delivery courier left parcel in rain without notification. Looking forward to your prompt response.,Shipping,Medium,synthetic
TICK-002216,Bluetooth sync is failing between the hardware device and dashboard.,Technical Support,Critical,synthetic
TICK-004837,Appalled by lack of response to critical security vulnerability report.,Complaint,High,synthetic
TICK-005557,How do I cancel my order before it enters fulfillment phase? Thank you for your assistance.,Cancellation,Medium,synthetic
TICK-002402,"Charged after cancellation request, need immediate reimbursement. Urgent attention required.",Refund,Critical,synthetic
TICK-001575,There is a billing discrepancy on my recent statement for billing period Q1 2026. Urgent attention required.,Billing,High,synthetic
TICK-003739,Two-factor authentication code is not being received on my phone. Looking forward to your prompt response.,Account,High,synthetic
TICK-001308,There is a billing discrepancy on my recent statement for billing period Q1 2026. Kindly look into this matter promptly.,Billing,High,synthetic
TICK-001681,Software installation fails due to missing DLL files on Windows 11. Looking forward to your prompt response.,Technical Support,High,synthetic
TICK-001513,Double charge observed on my bank statement for invoice 54970. Kindly look into this matter promptly.,Billing,Medium,synthetic
TICK-005495,Does your enterprise plan support custom API integrations? Thank you for your assistance.,Product Inquiry,Low,synthetic
TICK-003282,I need to change shipping address for order 16902 before dispatch. Please advise as soon as possible.,Shipping,Medium,synthetic
TICK-004583,Agent closed my support ticket without resolving the actual issue. Looking forward to your prompt response.,Complaint,Critical,synthetic
TICK-004226,Single Sign-On (SSO) integration is failing for company domain.,Account,High,synthetic
TICK-004552,Escalating issue: product failed during critical presentation. Contact me via email or phone.,Complaint,High,synthetic
TICK-005363,Can I try out premium features during a free trial demo? Kindly look into this matter promptly.,Product Inquiry,High,synthetic
TICK-002990,Delivery courier left parcel in rain without notification. Looking forward to your prompt response.,Shipping,Medium,synthetic
TICK-004926,Is this product compatible with macOS Sequoia and Apple Silicon? Looking forward to your prompt response.,Product Inquiry,Medium,synthetic
TICK-002424,I accidentally purchased the wrong subscription tier and need money back. Contact me via email or phone.,Refund,Medium,synthetic
TICK-003135,My order 56404 was shipped to wrong delivery address. Kindly look into this matter promptly.,Shipping,Critical,synthetic
TICK-004493,No response to urgent tickets for 72 hours despite premium support SLA. Looking forward to your prompt response.,Complaint,Medium,synthetic
TICK-004320,Repeatedly transferred between agents without any resolution. Kindly look into this matter promptly.,Complaint,High,synthetic
TICK-006040,Closing subscription due to missing essential features. Appreciate a quick update on this.,Cancellation,High,synthetic
TICK-001361,Double charge observed on my bank statement for invoice 61327. Contact me via email or phone.,Billing,High,synthetic
TICK-003710,Two-factor authentication code is not being received on my phone. Please advise as soon as possible.,Account,Medium,synthetic
TICK-006050,I want to cancel my subscription effective immediately. Urgent attention required.,Cancellation,High,synthetic
TICK-002571,Order was canceled by system but refund has not posted to my account.,Refund,Medium,synthetic
TICK-006025,Subscription cancellation button is missing from account settings page. Looking forward to your prompt response.,Cancellation,Medium,synthetic
TICK-003916,I need to update my registered email address and phone number. Contact me via email or phone.,Account,High,synthetic
TICK-002229,Unable to connect to remote database server from IP address 192.168.32.96. Urgent attention required.,Technical Support,Low,synthetic
TICK-003105,I need to change shipping address for order 95792 before dispatch. Please advise as soon as possible.,Shipping,Medium,synthetic
TICK-003748,Unable to reset password via email link; link expired immediately. Thank you for your assistance.,Account,High,synthetic
TICK-006187,I want to cancel my subscription effective immediately. Kindly look into this matter promptly.,Cancellation,Medium,synthetic
TICK-003506,Delivery courier left parcel in rain without notification. Contact me via email or phone.,Shipping,Low,synthetic
TICK-004666,Very dissatisfied with rude customer service representative on call. Kindly look into this matter promptly.,Complaint,High,synthetic
TICK-005267,Can I try out premium features during a free trial demo? Contact me via email or phone.,Product Inquiry,Medium,synthetic
TICK-005230,Does your enterprise plan support custom API integrations? Looking forward to your prompt response.,Product Inquiry,Low,synthetic
TICK-002514,Item arrived damaged in transit. I want an immediate full refund. Kindly look into this matter promptly.,Refund,Low,synthetic
TICK-002112,Page load times are extremely slow and API calls are timing out. Kindly look into this matter promptly.,Technical Support,Critical,synthetic
TICK-001907,Mobile app keeps crashing on launch after updating to latest iOS/Android version. Thank you for your assistance.,Technical Support,Low,synthetic
TICK-004701,Very dissatisfied with rude customer service representative on call. Looking forward to your prompt response.,Complaint,Critical,synthetic
TICK-002350,Returned package was delivered to warehouse. When will refund be processed? Thank you for your assistance.,Refund,Low,synthetic
TICK-001937,Page load times are extremely slow and API calls are timing out. Kindly look into this matter promptly.,Technical Support,High,synthetic
TICK-005138,Does your enterprise plan support custom API integrations? Thank you for your assistance.,Product Inquiry,Medium,synthetic
TICK-001211,My credit card was charged twice for transaction 88238.,Billing,Medium,synthetic
TICK-001483,Can you update my credit card billing address and tax ID for billing? Urgent attention required.,Billing,High,synthetic
TICK-005831,Subscription cancellation button is missing from account settings page. Kindly look into this matter promptly.,Cancellation,Medium,synthetic
TICK-001806,The web application keeps throwing 500 internal server errors when submitting forms. Thank you for your assistance.,Technical Support,Medium,synthetic
TICK-005595,Requesting account closure and deletion of stored customer data. Looking forward to your prompt response.,Cancellation,Critical,synthetic
TICK-002947,I demand a prompt refund for defective goods received yesterday. Urgent attention required.,Refund,High,synthetic
TICK-001123,I noticed an unauthorized charge of $99.99 on my monthly invoice. Contact me via email or phone.,Billing,Critical,synthetic
TICK-001813,VPN connection drops every 5 minutes unexpectedly. Kindly look into this matter promptly.,Technical Support,High,synthetic
TICK-001320,I need an official tax invoice and payment receipt for order 74865. Please advise as soon as possible.,Billing,Critical,synthetic
TICK-004339,Formal complaint regarding poor product build quality and support delay. Please advise as soon as possible.,Complaint,Medium,synthetic
TICK-002924,I demand a prompt refund for defective goods received yesterday.,Refund,Medium,synthetic
TICK-005631,Please confirm cancellation of recurring billing for account 91824. Please advise as soon as possible.,Cancellation,Medium,synthetic
TICK-005603,We are switching to an alternative solution and wish to terminate service. Urgent attention required.,Cancellation,Low,synthetic
TICK-002052,VPN connection drops every 5 minutes unexpectedly. Please advise as soon as possible.,Technical Support,Medium,synthetic
TICK-004511,Very dissatisfied with rude customer service representative on call.,Complaint,Low,synthetic
TICK-001283,Double charge observed on my bank statement for invoice 15806. Looking forward to your prompt response.,Billing,Medium,synthetic
TICK-004580,Escalating issue: product failed during critical presentation.,Complaint,Medium,synthetic
TICK-005240,Can you provide information on bulk licensing discounts for 500+ users? Please advise as soon as possible.,Product Inquiry,Medium,synthetic
TICK-005496,What are the hardware specifications required to run this software? Contact me via email or phone.,Product Inquiry,Medium,synthetic
TICK-001164,Can you update my credit card billing address and tax ID for billing? Kindly look into this matter promptly.,Billing,High,synthetic
TICK-003463,Delivery courier left parcel in rain without notification.,Shipping,Medium,synthetic
TICK-002449,Partial refund missing from my previous dispute case 65215. Please advise as soon as possible.,Refund,Low,synthetic
TICK-003629,Single Sign-On (SSO) integration is failing for company domain. Thank you for your assistance.,Account,Low,synthetic
TICK-003509,I need to change shipping address for order 36748 before dispatch. Looking forward to your prompt response.,Shipping,High,synthetic
TICK-005471,Is this product compatible with macOS Sequoia and Apple Silicon? Please advise as soon as possible.,Product Inquiry,Low,synthetic
TICK-001261,I received a late payment penalty charge even though I paid on time. Thank you for your assistance.,Billing,High,synthetic
TICK-003638,Received suspicious password reset email without requesting it. Kindly look into this matter promptly.,Account,High,synthetic
TICK-002189,Bluetooth sync is failing between the hardware device and dashboard. Looking forward to your prompt response.,Technical Support,Medium,synthetic
TICK-004594,Formal complaint regarding poor product build quality and support delay. Please advise as soon as possible.,Complaint,High,synthetic
TICK-001057,I am being billed for a service that was supposed to be free during trial. Contact me via email or phone.,Billing,Low,synthetic
TICK-005959,How do I cancel my order before it enters fulfillment phase?,Cancellation,Medium,synthetic
TICK-002532,Item arrived damaged in transit. I want an immediate full refund. Please advise as soon as possible.,Refund,Medium,synthetic
TICK-005911,Please confirm cancellation of recurring billing for account 46604. Contact me via email or phone.,Cancellation,Low,synthetic
TICK-005090,Looking for comparison between standard and professional tiers. Please advise as soon as possible.,Product Inquiry,Low,synthetic
TICK-002639,Service was down during our event. Requesting credit refund to account.,Refund,Medium,synthetic
TICK-005070,What is the warranty period and coverage for international orders? Urgent attention required.,Product Inquiry,Low,synthetic
TICK-001296,Double charge observed on my bank statement for invoice 17026.,Billing,Medium,synthetic
TICK-001996,My internet is not working and the router LED is blinking red. Urgent attention required.,Technical Support,Critical,synthetic
TICK-002765,The product quality is sub-par and does not match description. Please refund. Contact me via email or phone.,Refund,Critical,synthetic
TICK-003849,Two-factor authentication code is not being received on my phone. Appreciate a quick update on this.,Account,Critical,synthetic
TICK-003602,My account has been locked due to multiple failed login attempts.,Account,Medium,synthetic
TICK-002531,Partial refund missing from my previous dispute case 92402. Urgent attention required.,Refund,Critical,synthetic
TICK-005088,Does your enterprise plan support custom API integrations? Please advise as soon as possible.,Product Inquiry,Medium,synthetic
TICK-003087,Delivery courier left parcel in rain without notification.,Shipping,Low,synthetic
TICK-001086,Can you update my credit card billing address and tax ID for billing? Contact me via email or phone.,Billing,High,synthetic
TICK-003668,Account permissions are misconfigured and user cannot access dashboard.,Account,Low,synthetic
TICK-004456,Repeatedly transferred between agents without any resolution. Contact me via email or phone.,Complaint,High,synthetic
TICK-006082,Need assistance closing and permanently deleting my account. Thank you for your assistance.,Cancellation,High,synthetic
TICK-004219,How do I transfer account ownership to another administrator? Looking forward to your prompt response.,Account,High,synthetic
TICK-006168,Need assistance closing and permanently deleting my account. Please advise as soon as possible.,Cancellation,Low,synthetic
TICK-001917,Mobile app keeps crashing on launch after updating to latest iOS/Android version. Kindly look into this matter promptly.,Technical Support,Medium,synthetic
TICK-003157,Package arrived with crushed outer box and broken contents. Urgent attention required.,Shipping,Low,synthetic
TICK-002580,Returned package was delivered to warehouse. When will refund be processed? Looking forward to your prompt response.,Refund,Medium,synthetic
TICK-004030,Received suspicious password reset email without requesting it. Kindly look into this matter promptly.,Account,Medium,synthetic
TICK-002703,"Charged after cancellation request, need immediate reimbursement. Kindly look into this matter promptly.",Refund,Low,synthetic
TICK-003098,Package arrived with crushed outer box and broken contents. Thank you for your assistance.,Shipping,Medium,synthetic
TICK-001789,Unable to connect to remote database server from IP address 192.168.225.97. Contact me via email or phone.,Technical Support,Low,synthetic
TICK-004858,Agent closed my support ticket without resolving the actual issue. Looking forward to your prompt response.,Complaint,Medium,synthetic
TICK-002427,Item arrived damaged in transit. I want an immediate full refund. Please advise as soon as possible.,Refund,Low,synthetic
TICK-004559,Worst service experience ever! Unprofessional support team. Looking forward to your prompt response.,Complaint,High,synthetic
TICK-005722,Requesting account closure and deletion of stored customer data. Urgent attention required.,Cancellation,Medium,synthetic
TICK-001963,VPN connection drops every 5 minutes unexpectedly.,Technical Support,Medium,synthetic
TICK-002001,Page load times are extremely slow and API calls are timing out. Please advise as soon as possible.,Technical Support,Medium,synthetic
TICK-003744,I cannot log into my account despite entering correct password. Thank you for your assistance.,Account,Medium,synthetic
TICK-001858,Bluetooth sync is failing between the hardware device and dashboard.,Technical Support,Low,synthetic
TICK-001941,The desktop application freezes every time I click the save button. Looking forward to your prompt response.,Technical Support,Medium,synthetic
TICK-004181,Single Sign-On (SSO) integration is failing for company domain.,Account,High,synthetic
TICK-005423,Are there any upcoming features planned for mobile tablet views? Appreciate a quick update on this.,Product Inquiry,Medium,synthetic
TICK-006015,Please turn off auto-renewal for my annual membership plan. Urgent attention required.,Cancellation,Medium,synthetic
TICK-003808,My profile settings fail to save changes. Urgent attention required.,Account,Medium,synthetic
TICK-005757,Please turn off auto-renewal for my annual membership plan. Contact me via email or phone.,Cancellation,Medium,synthetic
TICK-002279,Software installation fails due to missing DLL files on Windows 11. Thank you for your assistance.,Technical Support,High,synthetic
TICK-001424,I received a late payment penalty charge even though I paid on time.,Billing,High,synthetic
TICK-004885,System downtime caused business revenue loss for our team. Looking forward to your prompt response.,Complaint,Medium,synthetic
TICK-004751,System downtime caused business revenue loss for our team. Thank you for your assistance.,Complaint,High,synthetic
TICK-006038,Requesting account closure and deletion of stored customer data. Kindly look into this matter promptly.,Cancellation,Medium,synthetic
TICK-003178,Customs clearance is delaying package shipment at border transit. Looking forward to your prompt response.,Shipping,Medium,synthetic
TICK-001987,The web application keeps throwing 500 internal server errors when submitting forms. Kindly look into this matter promptly.,Technical Support,Critical,synthetic
TICK-003877,Received suspicious password reset email without requesting it. Thank you for your assistance.,Account,Medium,synthetic
TICK-001173,"My payment failed yesterday, but money was deducted from my bank account. Thank you for your assistance.",Billing,High,synthetic
TICK-004303,Misleading advertising regarding feature capabilities on sales page. Please advise as soon as possible.,Complaint,Critical,synthetic
TICK-003721,Account permissions are misconfigured and user cannot access dashboard. Contact me via email or phone.,Account,Medium,synthetic
TICK-001590,Can you update my credit card billing address and tax ID for billing?,Billing,Medium,synthetic
TICK-005860,How do I cancel my order before it enters fulfillment phase? Contact me via email or phone.,Cancellation,High,synthetic
TICK-002868,I accidentally purchased the wrong subscription tier and need money back. Kindly look into this matter promptly.,Refund,Low,synthetic
TICK-005898,We are switching to an alternative solution and wish to terminate service. Please advise as soon as possible.,Cancellation,Medium,synthetic
TICK-003170,Customs clearance is delaying package shipment at border transit. Kindly look into this matter promptly.,Shipping,Medium,synthetic
TICK-001951,System crashed completely during export task showing error code SOCKET_TIMEOUT.,Technical Support,Low,synthetic
TICK-003190,Where is my package? Tracking number 32748 shows no movement for 5 days. Contact me via email or phone.,Shipping,High,synthetic
TICK-001949,Mobile app keeps crashing on launch after updating to latest iOS/Android version. Thank you for your assistance.,Technical Support,High,synthetic
TICK-006160,Please confirm cancellation of recurring billing for account 96086. Please advise as soon as possible.,Cancellation,Low,synthetic
TICK-004645,Agent closed my support ticket without resolving the actual issue. Please advise as soon as possible.,Complaint,High,synthetic
TICK-004528,No response to urgent tickets for 72 hours despite premium support SLA. Contact me via email or phone.,Complaint,High,synthetic
TICK-001127,There is a billing discrepancy on my recent statement for billing period Jan 2026. Looking forward to your prompt response.,Billing,High,synthetic
TICK-004402,Misleading advertising regarding feature capabilities on sales page. Contact me via email or phone.,Complaint,High,synthetic
TICK-004171,Received suspicious password reset email without requesting it.,Account,High,synthetic
TICK-006104,We are switching to an alternative solution and wish to terminate service.,Cancellation,Critical,synthetic
TICK-003593,International shipment stuck at distribution center for over a week. Contact me via email or phone.,Shipping,Medium,synthetic
TICK-005503,Looking for comparison between standard and professional tiers. Please advise as soon as possible.,Product Inquiry,Medium,synthetic
TICK-004734,System downtime caused business revenue loss for our team. Thank you for your assistance.,Complaint,Critical,synthetic
TICK-005208,Is this product compatible with macOS Sequoia and Apple Silicon? Appreciate a quick update on this.,Product Inquiry,Low,synthetic
TICK-005278,Does your enterprise plan support custom API integrations? Urgent attention required.,Product Inquiry,Low,synthetic
TICK-003986,Account permissions are misconfigured and user cannot access dashboard.,Account,Medium,synthetic
TICK-001723,VPN connection drops every 5 minutes unexpectedly. Urgent attention required.,Technical Support,Critical,synthetic
TICK-002778,I requested a refund for order 88539 two weeks ago but haven't received it. Kindly look into this matter promptly.,Refund,High,synthetic
TICK-001077,I need an official tax invoice and payment receipt for order 25814.,Billing,Medium,synthetic
TICK-004035,I cannot log into my account despite entering correct password. Urgent attention required.,Account,Medium,synthetic
TICK-003851,Single Sign-On (SSO) integration is failing for company domain. Looking forward to your prompt response.,Account,High,synthetic
TICK-001240,Can you update my credit card billing address and tax ID for billing?,Billing,Medium,synthetic
TICK-001615,Can you update my credit card billing address and tax ID for billing? Kindly look into this matter promptly.,Billing,Medium,synthetic
TICK-002696,I accidentally purchased the wrong subscription tier and need money back.,Refund,Medium,synthetic
TICK-003249,Delivery courier left parcel in rain without notification. Urgent attention required.,Shipping,Medium,synthetic
TICK-001329,"My payment failed yesterday, but money was deducted from my bank account. Please advise as soon as possible.",Billing,Low,synthetic
TICK-004756,No response to urgent tickets for 72 hours despite premium support SLA. Kindly look into this matter promptly.,Complaint,Critical,synthetic
TICK-001484,I am being billed for a service that was supposed to be free during trial. Thank you for your assistance.,Billing,Medium,synthetic
TICK-001602,Why was I billed $49.0 when my plan is $9.99?,Billing,High,synthetic
TICK-002066,Software installation fails due to missing DLL files on Windows 11. Please advise as soon as possible.,Technical Support,High,synthetic
TICK-001702,The web application keeps throwing 500 internal server errors when submitting forms. Looking forward to your prompt response.,Technical Support,Medium,synthetic
TICK-003171,"Tracking indicates delivered, but package is missing from my doorstep. Thank you for your assistance.",Shipping,Critical,synthetic
TICK-001464,I am being billed for a service that was supposed to be free during trial.,Billing,Critical,synthetic
TICK-003369,Where is my package? Tracking number 50037 shows no movement for 5 days. Appreciate a quick update on this.,Shipping,Medium,synthetic
TICK-004394,System downtime caused business revenue loss for our team. Kindly look into this matter promptly.,Complaint,High,synthetic
TICK-001134,I noticed an unauthorized charge of $249.5 on my monthly invoice. Please advise as soon as possible.,Billing,High,synthetic
TICK-002704,The product quality is sub-par and does not match description. Please refund. Urgent attention required.,Refund,Medium,synthetic
TICK-005792,Subscription cancellation button is missing from account settings page. Thank you for your assistance.,Cancellation,Medium,synthetic
TICK-003321,My order 82199 was shipped to wrong delivery address. Thank you for your assistance.,Shipping,Critical,synthetic
TICK-001253,I received a late payment penalty charge even though I paid on time. Looking forward to your prompt response.,Billing,Medium,synthetic
TICK-002418,Returned package was delivered to warehouse. When will refund be processed? Kindly look into this matter promptly.,Refund,High,synthetic
TICK-005670,Need assistance closing and permanently deleting my account. Appreciate a quick update on this.,Cancellation,Low,synthetic
TICK-003404,Customs clearance is delaying package shipment at border transit. Thank you for your assistance.,Shipping,High,synthetic
TICK-001585,Double charge observed on my bank statement for invoice 30021. Contact me via email or phone.,Billing,High,synthetic
TICK-002576,I accidentally purchased the wrong subscription tier and need money back. Thank you for your assistance.,Refund,Medium,synthetic
TICK-002389,I accidentally purchased the wrong subscription tier and need money back.,Refund,Low,synthetic
TICK-004599,System downtime caused business revenue loss for our team. Contact me via email or phone.,Complaint,High,synthetic
TICK-005737,I want to cancel my subscription effective immediately. Looking forward to your prompt response.,Cancellation,Low,synthetic
TICK-001448,Why was I billed $49.0 when my plan is $29.99? Appreciate a quick update on this.,Billing,Medium,synthetic
TICK-001570,I noticed an unauthorized charge of $499.0 on my monthly invoice. Looking forward to your prompt response.,Billing,High,synthetic
TICK-003099,Where is my package? Tracking number 75678 shows no movement for 5 days. Looking forward to your prompt response.,Shipping,Medium,synthetic
TICK-003290,"Tracking indicates delivered, but package is missing from my doorstep. Please advise as soon as possible.",Shipping,Medium,synthetic
TICK-001210,"My payment failed yesterday, but money was deducted from my bank account. Appreciate a quick update on this.",Billing,High,synthetic
TICK-001162,I am being billed for a service that was supposed to be free during trial. Urgent attention required.,Billing,Medium,synthetic
TICK-003519,Delivery courier left parcel in rain without notification. Urgent attention required.,Shipping,Medium,synthetic
TICK-004952,What are the hardware specifications required to run this software? Urgent attention required.,Product Inquiry,Low,synthetic
TICK-005172,What are the hardware specifications required to run this software? Looking forward to your prompt response.,Product Inquiry,Low,synthetic
TICK-001922,Software installation fails due to missing DLL files on Windows 11.,Technical Support,High,synthetic
TICK-001859,Software installation fails due to missing DLL files on Windows 11.,Technical Support,Critical,synthetic
TICK-005974,Canceling contract due to budget constraints in our organization. Please advise as soon as possible.,Cancellation,Low,synthetic
TICK-003436,"Express shipping paid, but package sent via standard economy post. Please advise as soon as possible.",Shipping,Medium,synthetic
TICK-004210,Account permissions are misconfigured and user cannot access dashboard. Thank you for your assistance.,Account,Medium,synthetic
TICK-004047,Unable to reset password via email link; link expired immediately.,Account,Medium,synthetic
TICK-001076,I am being billed for a service that was supposed to be free during trial. Appreciate a quick update on this.,Billing,Medium,synthetic
TICK-005291,Does your enterprise plan support custom API integrations? Thank you for your assistance.,Product Inquiry,Low,synthetic
TICK-003376,I need to change shipping address for order 11971 before dispatch. Appreciate a quick update on this.,Shipping,Critical,synthetic
TICK-003412,Package arrived with crushed outer box and broken contents. Kindly look into this matter promptly.,Shipping,High,synthetic
TICK-006177,We are switching to an alternative solution and wish to terminate service.,Cancellation,Low,synthetic
TICK-001895,My internet is not working and the router LED is blinking red. Looking forward to your prompt response.,Technical Support,Medium,synthetic
TICK-001301,I noticed an unauthorized charge of $19.99 on my monthly invoice. Looking forward to your prompt response.,Billing,Medium,synthetic
TICK-005989,Closing subscription due to missing essential features. Thank you for your assistance.,Cancellation,Medium,synthetic
TICK-005982,Please turn off auto-renewal for my annual membership plan.,Cancellation,High,synthetic
TICK-001650,My credit card was charged twice for transaction 88333. Urgent attention required.,Billing,High,synthetic
TICK-005295,Is this product compatible with macOS Sequoia and Apple Silicon? Please advise as soon as possible.,Product Inquiry,Low,synthetic
TICK-004770,Formal complaint regarding poor product build quality and support delay.,Complaint,High,synthetic
TICK-001246,There is a billing discrepancy on my recent statement for billing period Feb 2026.,Billing,Medium,synthetic
TICK-004824,System downtime caused business revenue loss for our team. Urgent attention required.,Complaint,Medium,synthetic
TICK-001304,"My payment failed yesterday, but money was deducted from my bank account. Contact me via email or phone.",Billing,High,synthetic
TICK-002907,I demand a prompt refund for defective goods received yesterday. Kindly look into this matter promptly.,Refund,High,synthetic
TICK-004389,Misleading advertising regarding feature capabilities on sales page. Appreciate a quick update on this.,Complaint,Critical,synthetic
TICK-005148,Looking for comparison between standard and professional tiers.,Product Inquiry,Low,synthetic
TICK-002338,Returned package was delivered to warehouse. When will refund be processed? Thank you for your assistance.,Refund,Medium,synthetic
TICK-003309,"Express shipping paid, but package sent via standard economy post. Appreciate a quick update on this.",Shipping,Medium,synthetic
TICK-003380,Estimated delivery date has passed but package has not arrived. Thank you for your assistance.,Shipping,Medium,synthetic
TICK-004124,How do I transfer account ownership to another administrator? Urgent attention required.,Account,Medium,synthetic
TICK-004591,Repeatedly transferred between agents without any resolution. Thank you for your assistance.,Complaint,Low,synthetic
TICK-004563,Misleading advertising regarding feature capabilities on sales page. Appreciate a quick update on this.,Complaint,Low,synthetic
TICK-001506,Why was I billed $99.99 when my plan is $29.99? Contact me via email or phone.,Billing,Medium,synthetic
TICK-004798,System downtime caused business revenue loss for our team. Looking forward to your prompt response.,Complaint,High,synthetic
TICK-005498,Where can I find user manuals and documentation for model PRO-123? Looking forward to your prompt response.,Product Inquiry,Medium,synthetic
TICK-004589,Misleading advertising regarding feature capabilities on sales page. Please advise as soon as possible.,Complaint,Medium,synthetic
TICK-003308,Estimated delivery date has passed but package has not arrived. Please advise as soon as possible.,Shipping,Medium,synthetic
TICK-004640,Misleading advertising regarding feature capabilities on sales page. Urgent attention required.,Complaint,Medium,synthetic
TICK-003259,Customs clearance is delaying package shipment at border transit. Kindly look into this matter promptly.,Shipping,Critical,synthetic
TICK-006159,Need assistance closing and permanently deleting my account. Please advise as soon as possible.,Cancellation,Critical,synthetic
TICK-005925,Need assistance closing and permanently deleting my account. Urgent attention required.,Cancellation,Medium,synthetic
TICK-003978,Account permissions are misconfigured and user cannot access dashboard. Appreciate a quick update on this.,Account,High,synthetic
TICK-002340,Order was canceled by system but refund has not posted to my account. Looking forward to your prompt response.,Refund,Low,synthetic
TICK-002527,The product quality is sub-par and does not match description. Please refund. Thank you for your assistance.,Refund,Low,synthetic
TICK-001640,"My payment failed yesterday, but money was deducted from my bank account. Looking forward to your prompt response.",Billing,Medium,synthetic
TICK-002973,Where is my package? Tracking number 62521 shows no movement for 5 days. Appreciate a quick update on this.,Shipping,Medium,synthetic
TICK-005873,Please confirm cancellation of recurring billing for account 73507. Please advise as soon as possible.,Cancellation,Medium,synthetic
TICK-001248,"My payment failed yesterday, but money was deducted from my bank account. Contact me via email or phone.",Billing,Low,synthetic
TICK-003028,Package arrived with crushed outer box and broken contents. Looking forward to your prompt response.,Shipping,High,synthetic
TICK-005371,What is the warranty period and coverage for international orders? Thank you for your assistance.,Product Inquiry,Low,synthetic
TICK-004370,Repeatedly transferred between agents without any resolution.,Complaint,High,synthetic
TICK-003746,My account has been locked due to multiple failed login attempts. Looking forward to your prompt response.,Account,Critical,synthetic
TICK-001533,I need an official tax invoice and payment receipt for order 44469. Appreciate a quick update on this.,Billing,Medium,synthetic
TICK-001353,"My payment failed yesterday, but money was deducted from my bank account. Urgent attention required.",Billing,Medium,synthetic
TICK-001982,Mobile app keeps crashing on launch after updating to latest iOS/Android version.,Technical Support,High,synthetic
TICK-002558,Order was canceled by system but refund has not posted to my account.,Refund,Medium,synthetic
TICK-003184,My order 14920 was shipped to wrong delivery address. Kindly look into this matter promptly.,Shipping,Critical,synthetic
TICK-002224,Bluetooth sync is failing between the hardware device and dashboard. Contact me via email or phone.,Technical Support,Critical,synthetic
TICK-006137,I want to cancel my subscription effective immediately.,Cancellation,Medium,synthetic
TICK-001584,"My payment failed yesterday, but money was deducted from my bank account. Contact me via email or phone.",Billing,Medium,synthetic
TICK-004920,What are the hardware specifications required to run this software? Appreciate a quick update on this.,Product Inquiry,Low,synthetic
TICK-002702,I demand a prompt refund for defective goods received yesterday. Looking forward to your prompt response.,Refund,High,synthetic
TICK-001481,I am being billed for a service that was supposed to be free during trial. Looking forward to your prompt response.,Billing,High,synthetic
TICK-003445,Customs clearance is delaying package shipment at border transit. Contact me via email or phone.,Shipping,Low,synthetic
TICK-002808,Item arrived damaged in transit. I want an immediate full refund. Please advise as soon as possible.,Refund,Medium,synthetic
TICK-003417,"Tracking indicates delivered, but package is missing from my doorstep. Urgent attention required.",Shipping,High,synthetic
TICK-001551,Why was I billed $99.99 when my plan is $29.99? Thank you for your assistance.,Billing,Low,synthetic
TICK-004343,Appalled by lack of response to critical security vulnerability report. Thank you for your assistance.,Complaint,High,synthetic
TICK-002149,Page load times are extremely slow and API calls are timing out.,Technical Support,Low,synthetic
TICK-002843,The product quality is sub-par and does not match description. Please refund. Thank you for your assistance.,Refund,Medium,synthetic
TICK-003218,Customs clearance is delaying package shipment at border transit. Looking forward to your prompt response.,Shipping,Medium,synthetic
TICK-003623,I cannot log into my account despite entering correct password. Urgent attention required.,Account,Medium,synthetic
TICK-004524,No response to urgent tickets for 72 hours despite premium support SLA. Kindly look into this matter promptly.,Complaint,High,synthetic
TICK-001193,I am being billed for a service that was supposed to be free during trial. Looking forward to your prompt response.,Billing,High,synthetic
TICK-002277,Page load times are extremely slow and API calls are timing out. Please advise as soon as possible.,Technical Support,Medium,synthetic
TICK-002627,The product quality is sub-par and does not match description. Please refund. Urgent attention required.,Refund,High,synthetic
TICK-003662,My account has been locked due to multiple failed login attempts. Please advise as soon as possible.,Account,High,synthetic
TICK-003368,I need to change shipping address for order 11511 before dispatch. Appreciate a quick update on this.,Shipping,Medium,synthetic
TICK-002397,Service was down during our event. Requesting credit refund to account. Contact me via email or phone.,Refund,Medium,synthetic
TICK-003185,"Tracking indicates delivered, but package is missing from my doorstep.",Shipping,High,synthetic
TICK-004476,Worst service experience ever! Unprofessional support team. Kindly look into this matter promptly.,Complaint,Medium,synthetic
TICK-002642,Partial refund missing from my previous dispute case 86491. Looking forward to your prompt response.,Refund,High,synthetic
TICK-003035,Where is my package? Tracking number 51806 shows no movement for 5 days. Urgent attention required.,Shipping,High,synthetic
TICK-001291,I am being billed for a service that was supposed to be free during trial.,Billing,High,synthetic
TICK-004964,Does the cloud platform comply with SOC2 and HIPAA standards? Thank you for your assistance.,Product Inquiry,Low,synthetic
TICK-003476,Delivery courier left parcel in rain without notification. Thank you for your assistance.,Shipping,Critical,synthetic
TICK-004296,No response to urgent tickets for 72 hours despite premium support SLA. Appreciate a quick update on this.,Complaint,High,synthetic
TICK-005657,Subscription cancellation button is missing from account settings page. Urgent attention required.,Cancellation,Medium,synthetic
TICK-003565,Customs clearance is delaying package shipment at border transit. Urgent attention required.,Shipping,Medium,synthetic
TICK-006067,How do I cancel my order before it enters fulfillment phase? Contact me via email or phone.,Cancellation,Low,synthetic
TICK-003174,"Tracking indicates delivered, but package is missing from my doorstep. Appreciate a quick update on this.",Shipping,Medium,synthetic
TICK-005667,Please confirm cancellation of recurring billing for account 27136. Kindly look into this matter promptly.,Cancellation,Medium,synthetic
TICK-006117,Requesting account closure and deletion of stored customer data. Contact me via email or phone.,Cancellation,Low,synthetic
TICK-005157,What is the warranty period and coverage for international orders? Kindly look into this matter promptly.,Product Inquiry,Medium,synthetic
TICK-004448,Formal complaint regarding poor product build quality and support delay. Urgent attention required.,Complaint,High,synthetic
TICK-004652,Very dissatisfied with rude customer service representative on call. Kindly look into this matter promptly.,Complaint,Critical,synthetic
TICK-004344,Escalating issue: product failed during critical presentation. Thank you for your assistance.,Complaint,Medium,synthetic
TICK-004464,Escalating issue: product failed during critical presentation.,Complaint,Critical,synthetic
TICK-002171,System crashed completely during export task showing error code AUTH_DENIED. Contact me via email or phone.,Technical Support,High,synthetic
TICK-001588,There is a billing discrepancy on my recent statement for billing period Feb 2026. Thank you for your assistance.,Billing,Medium,synthetic
TICK-003485,Estimated delivery date has passed but package has not arrived.,Shipping,Medium,synthetic
TICK-002458,Partial refund missing from my previous dispute case 53100.,Refund,Medium,synthetic
TICK-004363,No response to urgent tickets for 72 hours despite premium support SLA. Appreciate a quick update on this.,Complaint,High,synthetic
TICK-003909,How do I transfer account ownership to another administrator? Looking forward to your prompt response.,Account,Critical,synthetic
TICK-004015,Received suspicious password reset email without requesting it. Contact me via email or phone.,Account,Critical,synthetic
TICK-001509,There is a billing discrepancy on my recent statement for billing period Q1 2026. Appreciate a quick update on this.,Billing,Medium,synthetic
TICK-001906,Bluetooth sync is failing between the hardware device and dashboard. Appreciate a quick update on this.,Technical Support,High,synthetic
TICK-001847,Mobile app keeps crashing on launch after updating to latest iOS/Android version. Appreciate a quick update on this.,Technical Support,High,synthetic
TICK-003165,International shipment stuck at distribution center for over a week. Urgent attention required.,Shipping,Medium,synthetic
TICK-004023,Two-factor authentication code is not being received on my phone.,Account,High,synthetic
TICK-002067,My internet is not working and the router LED is blinking red. Please advise as soon as possible.,Technical Support,High,synthetic
TICK-006023,Closing subscription due to missing essential features. Contact me via email or phone.,Cancellation,Medium,synthetic
TICK-002415,Order was canceled by system but refund has not posted to my account. Urgent attention required.,Refund,High,synthetic
TICK-001006,I noticed an unauthorized charge of $49.0 on my monthly invoice. Appreciate a quick update on this.,Billing,Medium,synthetic
TICK-004753,System downtime caused business revenue loss for our team. Please advise as soon as possible.,Complaint,Medium,synthetic
TICK-002142,The desktop application freezes every time I click the save button. Kindly look into this matter promptly.,Technical Support,High,synthetic
TICK-006049,How do I cancel my order before it enters fulfillment phase? Looking forward to your prompt response.,Cancellation,Medium,synthetic
TICK-005681,Canceling contract due to budget constraints in our organization. Looking forward to your prompt response.,Cancellation,Medium,synthetic
TICK-004122,Unable to reset password via email link; link expired immediately. Please advise as soon as possible.,Account,High,synthetic
TICK-005555,Please confirm cancellation of recurring billing for account 70918.,Cancellation,High,synthetic
TICK-001339,There is a billing discrepancy on my recent statement for billing period Feb 2026. Urgent attention required.,Billing,High,synthetic
TICK-003975,Single Sign-On (SSO) integration is failing for company domain. Please advise as soon as possible.,Account,Medium,synthetic
TICK-004120,Unable to reset password via email link; link expired immediately. Appreciate a quick update on this.,Account,High,synthetic
TICK-004005,Single Sign-On (SSO) integration is failing for company domain. Urgent attention required.,Account,Medium,synthetic
TICK-003045,I need to change shipping address for order 48408 before dispatch. Contact me via email or phone.,Shipping,High,synthetic
TICK-005487,Is this product compatible with macOS Sequoia and Apple Silicon? Kindly look into this matter promptly.,Product Inquiry,Low,synthetic
TICK-003203,Package arrived with crushed outer box and broken contents. Kindly look into this matter promptly.,Shipping,High,synthetic
TICK-001803,VPN connection drops every 5 minutes unexpectedly.,Technical Support,High,synthetic
TICK-002378,The product quality is sub-par and does not match description. Please refund. Thank you for your assistance.,Refund,Medium,synthetic
TICK-003868,Two-factor authentication code is not being received on my phone. Appreciate a quick update on this.,Account,Medium,synthetic
TICK-004821,Worst service experience ever! Unprofessional support team.,Complaint,High,synthetic
TICK-003336,"Tracking indicates delivered, but package is missing from my doorstep.",Shipping,High,synthetic
TICK-004739,Formal complaint regarding poor product build quality and support delay. Urgent attention required.,Complaint,Medium,synthetic
TICK-004227,Two-factor authentication code is not being received on my phone. Urgent attention required.,Account,High,synthetic
TICK-003442,International shipment stuck at distribution center for over a week. Looking forward to your prompt response.,Shipping,Medium,synthetic
TICK-005121,Is this product compatible with macOS Sequoia and Apple Silicon? Urgent attention required.,Product Inquiry,Medium,synthetic
TICK-003487,"Express shipping paid, but package sent via standard economy post. Kindly look into this matter promptly.",Shipping,Medium,synthetic
TICK-004570,Worst service experience ever! Unprofessional support team. Contact me via email or phone.,Complaint,Medium,synthetic
TICK-005568,Need assistance closing and permanently deleting my account. Kindly look into this matter promptly.,Cancellation,Medium,synthetic
TICK-001574,Why was I billed $499.0 when my plan is $29.99? Contact me via email or phone.,Billing,Medium,synthetic
TICK-004452,Agent closed my support ticket without resolving the actual issue. Contact me via email or phone.,Complaint,Critical,synthetic
TICK-005584,Please confirm cancellation of recurring billing for account 47568. Thank you for your assistance.,Cancellation,Critical,synthetic
TICK-001037,"My payment failed yesterday, but money was deducted from my bank account. Thank you for your assistance.",Billing,Critical,synthetic
TICK-004949,Can you provide information on bulk licensing discounts for 500+ users? Appreciate a quick update on this.,Product Inquiry,Medium,synthetic
TICK-001047,I noticed an unauthorized charge of $499.0 on my monthly invoice. Appreciate a quick update on this.,Billing,High,synthetic
TICK-001115,I received a late payment penalty charge even though I paid on time. Urgent attention required.,Billing,Medium,synthetic
TICK-002566,Service was down during our event. Requesting credit refund to account. Please advise as soon as possible.,Refund,Medium,synthetic
TICK-002491,Service was down during our event. Requesting credit refund to account. Thank you for your assistance.,Refund,Medium,synthetic
TICK-002844,Service was down during our event. Requesting credit refund to account.,Refund,Medium,synthetic
TICK-002058,The desktop application freezes every time I click the save button. Thank you for your assistance.,Technical Support,Low,synthetic
TICK-004908,What is the warranty period and coverage for international orders? Urgent attention required.,Product Inquiry,Medium,synthetic
TICK-003830,My account has been locked due to multiple failed login attempts. Urgent attention required.,Account,Medium,synthetic
TICK-002517,Order was canceled by system but refund has not posted to my account. Appreciate a quick update on this.,Refund,Medium,synthetic
TICK-005168,Can you provide information on bulk licensing discounts for 500+ users? Please advise as soon as possible.,Product Inquiry,Low,synthetic
TICK-001485,I received a late payment penalty charge even though I paid on time. Thank you for your assistance.,Billing,Medium,synthetic
TICK-003831,Received suspicious password reset email without requesting it. Looking forward to your prompt response.,Account,Low,synthetic
TICK-005673,Please turn off auto-renewal for my annual membership plan.,Cancellation,High,synthetic
TICK-003961,My profile settings fail to save changes. Kindly look into this matter promptly.,Account,Medium,synthetic
TICK-004951,Where can I find user manuals and documentation for model PRO-239? Kindly look into this matter promptly.,Product Inquiry,Medium,synthetic
TICK-005599,Please turn off auto-renewal for my annual membership plan. Urgent attention required.,Cancellation,Medium,synthetic
TICK-003788,My account has been locked due to multiple failed login attempts. Urgent attention required.,Account,Medium,synthetic
TICK-006172,Please confirm cancellation of recurring billing for account 57175. Kindly look into this matter promptly.,Cancellation,Critical,synthetic
TICK-005746,Please turn off auto-renewal for my annual membership plan. Thank you for your assistance.,Cancellation,Medium,synthetic
TICK-001265,I need an official tax invoice and payment receipt for order 86943. Contact me via email or phone.,Billing,High,synthetic
TICK-002985,Package arrived with crushed outer box and broken contents. Please advise as soon as possible.,Shipping,Low,synthetic
TICK-003789,Unable to reset password via email link; link expired immediately. Kindly look into this matter promptly.,Account,High,synthetic
TICK-001178,My credit card was charged twice for transaction 51365. Contact me via email or phone.,Billing,Medium,synthetic
TICK-001653,Mobile app keeps crashing on launch after updating to latest iOS/Android version. Please advise as soon as possible.,Technical Support,Medium,synthetic
TICK-003992,I cannot log into my account despite entering correct password. Appreciate a quick update on this.,Account,High,synthetic
TICK-005772,Requesting account closure and deletion of stored customer data.,Cancellation,Critical,synthetic
TICK-005166,Does your enterprise plan support custom API integrations? Contact me via email or phone.,Product Inquiry,Low,synthetic
TICK-004661,Agent closed my support ticket without resolving the actual issue.,Complaint,Critical,synthetic
TICK-005279,Is this product compatible with macOS Sequoia and Apple Silicon? Looking forward to your prompt response.,Product Inquiry,Low,synthetic
TICK-002698,I accidentally purchased the wrong subscription tier and need money back. Thank you for your assistance.,Refund,Low,synthetic
TICK-002920,Service was down during our event. Requesting credit refund to account. Kindly look into this matter promptly.,Refund,High,synthetic
TICK-005529,Is this product compatible with macOS Sequoia and Apple Silicon? Urgent attention required.,Product Inquiry,High,synthetic
TICK-003802,I need to update my registered email address and phone number. Thank you for your assistance.,Account,Medium,synthetic
TICK-002612,Order was canceled by system but refund has not posted to my account. Contact me via email or phone.,Refund,High,synthetic
TICK-003887,How do I transfer account ownership to another administrator? Looking forward to your prompt response.,Account,High,synthetic
TICK-001926,My internet is not working and the router LED is blinking red. Looking forward to your prompt response.,Technical Support,Critical,synthetic
TICK-003281,Package arrived with crushed outer box and broken contents. Looking forward to your prompt response.,Shipping,Medium,synthetic
TICK-004761,Appalled by lack of response to critical security vulnerability report. Kindly look into this matter promptly.,Complaint,High,synthetic
TICK-002611,Order was canceled by system but refund has not posted to my account.,Refund,Critical,synthetic
TICK-002550,Service was down during our event. Requesting credit refund to account. Thank you for your assistance.,Refund,Low,synthetic
TICK-002281,System crashed completely during export task showing error code NULL_POINTER_EXC. Please advise as soon as possible.,Technical Support,High,synthetic
TICK-004400,Repeatedly transferred between agents without any resolution. Contact me via email or phone.,Complaint,High,synthetic
TICK-003291,Delivery courier left parcel in rain without notification.,Shipping,High,synthetic
TICK-001284,I noticed an unauthorized charge of $49.0 on my monthly invoice.,Billing,High,synthetic
TICK-003855,My account has been locked due to multiple failed login attempts. Appreciate a quick update on this.,Account,Medium,synthetic
TICK-002858,Service was down during our event. Requesting credit refund to account. Please advise as soon as possible.,Refund,High,synthetic
TICK-005713,Closing subscription due to missing essential features. Please advise as soon as possible.,Cancellation,Medium,synthetic
TICK-002807,Returned package was delivered to warehouse. When will refund be processed? Please advise as soon as possible.,Refund,Medium,synthetic
TICK-005648,Please confirm cancellation of recurring billing for account 62691. Thank you for your assistance.,Cancellation,Medium,synthetic
TICK-005280,What are the hardware specifications required to run this software? Contact me via email or phone.,Product Inquiry,Low,synthetic
TICK-001216,I need an official tax invoice and payment receipt for order 42311. Appreciate a quick update on this.,Billing,High,synthetic
TICK-004628,Escalating issue: product failed during critical presentation. Thank you for your assistance.,Complaint,Critical,synthetic
TICK-004178,My profile settings fail to save changes. Appreciate a quick update on this.,Account,Critical,synthetic
TICK-004029,How do I transfer account ownership to another administrator?,Account,High,synthetic
TICK-003062,"Express shipping paid, but package sent via standard economy post. Please advise as soon as possible.",Shipping,Critical,synthetic
TICK-002269,My internet is not working and the router LED is blinking red.,Technical Support,Medium,synthetic
TICK-005836,Please confirm cancellation of recurring billing for account 47615.,Cancellation,Medium,synthetic
TICK-002520,Order was canceled by system but refund has not posted to my account. Looking forward to your prompt response.,Refund,High,synthetic
TICK-002315,Item arrived damaged in transit. I want an immediate full refund. Appreciate a quick update on this.,Refund,Critical,synthetic
TICK-003773,Single Sign-On (SSO) integration is failing for company domain. Kindly look into this matter promptly.,Account,Critical,synthetic
TICK-003552,"Express shipping paid, but package sent via standard economy post. Please advise as soon as possible.",Shipping,Medium,synthetic
TICK-002408,Item arrived damaged in transit. I want an immediate full refund. Thank you for your assistance.,Refund,Medium,synthetic
TICK-001610,Double charge observed on my bank statement for invoice 91689.,Billing,Medium,synthetic
TICK-003452,International shipment stuck at distribution center for over a week. Looking forward to your prompt response.,Shipping,Low,synthetic
TICK-003277,Delivery courier left parcel in rain without notification.,Shipping,Medium,synthetic
TICK-006147,Subscription cancellation button is missing from account settings page. Thank you for your assistance.,Cancellation,Critical,synthetic
TICK-001348,Can you update my credit card billing address and tax ID for billing? Looking forward to your prompt response.,Billing,High,synthetic
TICK-003387,Delivery courier left parcel in rain without notification. Please advise as soon as possible.,Shipping,Critical,synthetic
TICK-005759,Requesting account closure and deletion of stored customer data. Kindly look into this matter promptly.,Cancellation,Low,synthetic
TICK-001225,Why was I billed $249.5 when my plan is $29.99?,Billing,High,synthetic
TICK-004976,Does your enterprise plan support custom API integrations? Looking forward to your prompt response.,Product Inquiry,Low,synthetic
TICK-002185,Page load times are extremely slow and API calls are timing out. Contact me via email or phone.,Technical Support,Medium,synthetic
TICK-004153,Received suspicious password reset email without requesting it. Looking forward to your prompt response.,Account,High,synthetic
TICK-001229,Double charge observed on my bank statement for invoice 11498.,Billing,Medium,synthetic
TICK-003768,Two-factor authentication code is not being received on my phone. Urgent attention required.,Account,Medium,synthetic
TICK-002782,Order was canceled by system but refund has not posted to my account. Urgent attention required.,Refund,Low,synthetic
TICK-002339,"Charged after cancellation request, need immediate reimbursement. Please advise as soon as possible.",Refund,High,synthetic
TICK-002447,Partial refund missing from my previous dispute case 31856. Contact me via email or phone.,Refund,High,synthetic
TICK-003666,My account has been locked due to multiple failed login attempts. Looking forward to your prompt response.,Account,High,synthetic
TICK-005097,Does your enterprise plan support custom API integrations? Contact me via email or phone.,Product Inquiry,Medium,synthetic
TICK-005932,I want to cancel my subscription effective immediately. Please advise as soon as possible.,Cancellation,Low,synthetic
TICK-001678,Bluetooth sync is failing between the hardware device and dashboard. Looking forward to your prompt response.,Technical Support,Medium,synthetic
TICK-005277,Where can I find user manuals and documentation for model PRO-642? Contact me via email or phone.,Product Inquiry,Low,synthetic
TICK-002613,Item arrived damaged in transit. I want an immediate full refund. Please advise as soon as possible.,Refund,Medium,synthetic
TICK-002828,Partial refund missing from my previous dispute case 51116. Appreciate a quick update on this.,Refund,Medium,synthetic
TICK-005343,Are there any upcoming features planned for mobile tablet views? Contact me via email or phone.,Product Inquiry,High,synthetic
TICK-002316,I accidentally purchased the wrong subscription tier and need money back. Kindly look into this matter promptly.,Refund,High,synthetic
TICK-002525,Partial refund missing from my previous dispute case 66594. Urgent attention required.,Refund,Medium,synthetic
TICK-002358,I accidentally purchased the wrong subscription tier and need money back.,Refund,Medium,synthetic
TICK-002311,Returned package was delivered to warehouse. When will refund be processed? Appreciate a quick update on this.,Refund,Medium,synthetic
TICK-005867,We are switching to an alternative solution and wish to terminate service. Contact me via email or phone.,Cancellation,Medium,synthetic
TICK-002362,Returned package was delivered to warehouse. When will refund be processed? Looking forward to your prompt response.,Refund,Medium,synthetic
TICK-004541,System downtime caused business revenue loss for our team. Contact me via email or phone.,Complaint,High,synthetic
TICK-003289,International shipment stuck at distribution center for over a week. Contact me via email or phone.,Shipping,Medium,synthetic
TICK-006084,Subscription cancellation button is missing from account settings page. Kindly look into this matter promptly.,Cancellation,Low,synthetic
TICK-006045,Please confirm cancellation of recurring billing for account 13973. Contact me via email or phone.,Cancellation,High,synthetic
TICK-005117,Are there any upcoming features planned for mobile tablet views? Contact me via email or phone.,Product Inquiry,Low,synthetic
TICK-002592,I accidentally purchased the wrong subscription tier and need money back. Contact me via email or phone.,Refund,Medium,synthetic
TICK-003464,Package arrived with crushed outer box and broken contents. Urgent attention required.,Shipping,Medium,synthetic
TICK-002494,"Charged after cancellation request, need immediate reimbursement. Looking forward to your prompt response.",Refund,High,synthetic
TICK-005456,Can I try out premium features during a free trial demo? Contact me via email or phone.,Product Inquiry,Low,synthetic
TICK-002602,Partial refund missing from my previous dispute case 92928. Thank you for your assistance.,Refund,High,synthetic
TICK-004727,Very dissatisfied with rude customer service representative on call. Please advise as soon as possible.,Complaint,Medium,synthetic
TICK-004691,Formal complaint regarding poor product build quality and support delay. Appreciate a quick update on this.,Complaint,Critical,synthetic
TICK-006197,I want to cancel my subscription effective immediately. Looking forward to your prompt response.,Cancellation,Medium,synthetic
TICK-005688,Please confirm cancellation of recurring billing for account 87225. Urgent attention required.,Cancellation,High,synthetic
TICK-005467,Can you provide information on bulk licensing discounts for 500+ users? Kindly look into this matter promptly.,Product Inquiry,Low,synthetic
TICK-005901,Need assistance closing and permanently deleting my account.,Cancellation,Medium,synthetic
TICK-003632,Single Sign-On (SSO) integration is failing for company domain. Appreciate a quick update on this.,Account,High,synthetic
TICK-003388,My order 49035 was shipped to wrong delivery address. Thank you for your assistance.,Shipping,Medium,synthetic
TICK-002193,The desktop application freezes every time I click the save button. Urgent attention required.,Technical Support,High,synthetic
TICK-005815,How do I cancel my order before it enters fulfillment phase? Please advise as soon as possible.,Cancellation,High,synthetic
TICK-002533,Returned package was delivered to warehouse. When will refund be processed? Kindly look into this matter promptly.,Refund,High,synthetic
TICK-004518,System downtime caused business revenue loss for our team. Please advise as soon as possible.,Complaint,Critical,synthetic
TICK-002621,Service was down during our event. Requesting credit refund to account. Kindly look into this matter promptly.,Refund,Medium,synthetic
TICK-005014,Is this product compatible with macOS Sequoia and Apple Silicon?,Product Inquiry,Low,synthetic
TICK-001565,There is a billing discrepancy on my recent statement for billing period Q1 2026. Please advise as soon as possible.,Billing,High,synthetic
TICK-004453,Very dissatisfied with rude customer service representative on call. Please advise as soon as possible.,Complaint,Critical,synthetic
TICK-002343,Item arrived damaged in transit. I want an immediate full refund. Looking forward to your prompt response.,Refund,High,synthetic
TICK-004850,System downtime caused business revenue loss for our team. Urgent attention required.,Complaint,Medium,synthetic
TICK-004466,Very dissatisfied with rude customer service representative on call. Appreciate a quick update on this.,Complaint,High,synthetic
TICK-006162,Closing subscription due to missing essential features. Please advise as soon as possible.,Cancellation,High,synthetic
TICK-002000,Unable to connect to remote database server from IP address 192.168.174.202. Urgent attention required.,Technical Support,Medium,synthetic
TICK-002538,I demand a prompt refund for defective goods received yesterday. Please advise as soon as possible.,Refund,High,synthetic
TICK-004975,Does the cloud platform comply with SOC2 and HIPAA standards? Thank you for your assistance.,Product Inquiry,Low,synthetic
TICK-002056,My internet is not working and the router LED is blinking red. Appreciate a quick update on this.,Technical Support,High,synthetic
TICK-001449,Double charge observed on my bank statement for invoice 82110. Thank you for your assistance.,Billing,High,synthetic
TICK-004087,My account has been locked due to multiple failed login attempts. Urgent attention required.,Account,High,synthetic
TICK-002946,Item arrived damaged in transit. I want an immediate full refund. Thank you for your assistance.,Refund,Low,synthetic
TICK-003016,Customs clearance is delaying package shipment at border transit. Contact me via email or phone.,Shipping,High,synthetic
TICK-004213,Received suspicious password reset email without requesting it. Looking forward to your prompt response.,Account,Medium,synthetic
TICK-001441,My credit card was charged twice for transaction 59921. Urgent attention required.,Billing,Critical,synthetic
TICK-005895,Canceling contract due to budget constraints in our organization. Contact me via email or phone.,Cancellation,High,synthetic
TICK-001326,Why was I billed $19.99 when my plan is $79.99? Appreciate a quick update on this.,Billing,Medium,synthetic
TICK-004809,Agent closed my support ticket without resolving the actual issue. Contact me via email or phone.,Complaint,Critical,synthetic
TICK-001003,Double charge observed on my bank statement for invoice 46463. Contact me via email or phone.,Billing,Critical,synthetic
TICK-002551,I demand a prompt refund for defective goods received yesterday.,Refund,Low,synthetic
TICK-005521,What are the hardware specifications required to run this software? Appreciate a quick update on this.,Product Inquiry,High,synthetic
TICK-001029,I am being billed for a service that was supposed to be free during trial. Looking forward to your prompt response.,Billing,Medium,synthetic
TICK-003254,Where is my package? Tracking number 10082 shows no movement for 5 days. Looking forward to your prompt response.,Shipping,Low,synthetic
TICK-001567,I noticed an unauthorized charge of $499.0 on my monthly invoice. Please advise as soon as possible.,Billing,Medium,synthetic
TICK-004080,My account has been locked due to multiple failed login attempts. Contact me via email or phone.,Account,High,synthetic
TICK-002766,Order was canceled by system but refund has not posted to my account. Please advise as soon as possible.,Refund,Low,synthetic
TICK-003973,I need to update my registered email address and phone number. Kindly look into this matter promptly.,Account,High,synthetic
TICK-005752,I want to cancel my subscription effective immediately. Appreciate a quick update on this.,Cancellation,High,synthetic
TICK-004755,System downtime caused business revenue loss for our team. Please advise as soon as possible.,Complaint,Low,synthetic
TICK-004722,Appalled by lack of response to critical security vulnerability report.,Complaint,High,synthetic
TICK-005884,Please turn off auto-renewal for my annual membership plan. Kindly look into this matter promptly.,Cancellation,Critical,synthetic
TICK-005403,Are there any upcoming features planned for mobile tablet views? Appreciate a quick update on this.,Product Inquiry,Low,synthetic
TICK-001459,I noticed an unauthorized charge of $99.99 on my monthly invoice. Looking forward to your prompt response.,Billing,Medium,synthetic
TICK-003342,"Express shipping paid, but package sent via standard economy post. Please advise as soon as possible.",Shipping,Medium,synthetic
TICK-004079,Single Sign-On (SSO) integration is failing for company domain. Please advise as soon as possible.,Account,High,synthetic
TICK-005000,What is the warranty period and coverage for international orders? Looking forward to your prompt response.,Product Inquiry,Low,synthetic
TICK-004342,Misleading advertising regarding feature capabilities on sales page. Urgent attention required.,Complaint,Low,synthetic
TICK-003252,Where is my package? Tracking number 53238 shows no movement for 5 days.,Shipping,Medium,synthetic
TICK-005256,What is the warranty period and coverage for international orders? Urgent attention required.,Product Inquiry,Medium,synthetic
TICK-003300,"Express shipping paid, but package sent via standard economy post. Kindly look into this matter promptly.",Shipping,Medium,synthetic
TICK-005821,I want to cancel my subscription effective immediately. Please advise as soon as possible.,Cancellation,Medium,synthetic
TICK-002506,I demand a prompt refund for defective goods received yesterday. Looking forward to your prompt response.,Refund,Medium,synthetic
TICK-004366,No response to urgent tickets for 72 hours despite premium support SLA. Thank you for your assistance.,Complaint,Low,synthetic
TICK-004971,Can I try out premium features during a free trial demo? Please advise as soon as possible.,Product Inquiry,Low,synthetic
TICK-001955,Bluetooth sync is failing between the hardware device and dashboard. Please advise as soon as possible.,Technical Support,High,synthetic
TICK-004119,Account permissions are misconfigured and user cannot access dashboard. Urgent attention required.,Account,Medium,synthetic
TICK-003644,Account permissions are misconfigured and user cannot access dashboard. Appreciate a quick update on this.,Account,Medium,synthetic
TICK-005950,Subscription cancellation button is missing from account settings page. Looking forward to your prompt response.,Cancellation,Medium,synthetic
TICK-002326,Partial refund missing from my previous dispute case 82300. Appreciate a quick update on this.,Refund,Low,synthetic
TICK-002887,"Charged after cancellation request, need immediate reimbursement.",Refund,High,synthetic
TICK-003750,Unable to reset password via email link; link expired immediately. Urgent attention required.,Account,High,synthetic
TICK-002912,I accidentally purchased the wrong subscription tier and need money back.,Refund,Low,synthetic
TICK-001786,My internet is not working and the router LED is blinking red. Appreciate a quick update on this.,Technical Support,Medium,synthetic
TICK-005647,Subscription cancellation button is missing from account settings page. Contact me via email or phone.,Cancellation,Low,synthetic
TICK-006135,Closing subscription due to missing essential features.,Cancellation,High,synthetic
TICK-005801,Subscription cancellation button is missing from account settings page. Contact me via email or phone.,Cancellation,Medium,synthetic
TICK-001503,I received a late payment penalty charge even though I paid on time. Please advise as soon as possible.,Billing,Medium,synthetic
TICK-003728,Account permissions are misconfigured and user cannot access dashboard.,Account,High,synthetic
TICK-002932,Item arrived damaged in transit. I want an immediate full refund. Please advise as soon as possible.,Refund,Medium,synthetic
TICK-003169,International shipment stuck at distribution center for over a week. Appreciate a quick update on this.,Shipping,Medium,synthetic
TICK-002320,I demand a prompt refund for defective goods received yesterday. Please advise as soon as possible.,Refund,High,synthetic
TICK-005462,Where can I find user manuals and documentation for model PRO-993? Kindly look into this matter promptly.,Product Inquiry,Low,synthetic
TICK-002404,Order was canceled by system but refund has not posted to my account.,Refund,High,synthetic
TICK-005945,Canceling contract due to budget constraints in our organization. Urgent attention required.,Cancellation,Medium,synthetic
TICK-005313,What is the warranty period and coverage for international orders?,Product Inquiry,Low,synthetic
TICK-004667,Formal complaint regarding poor product build quality and support delay. Thank you for your assistance.,Complaint,Critical,synthetic
TICK-002061,My internet is not working and the router LED is blinking red. Contact me via email or phone.,Technical Support,Critical,synthetic
TICK-002563,Returned package was delivered to warehouse. When will refund be processed? Kindly look into this matter promptly.,Refund,High,synthetic
TICK-001791,System crashed completely during export task showing error code SOCKET_TIMEOUT. Urgent attention required.,Technical Support,Critical,synthetic
TICK-001224,My credit card was charged twice for transaction 49110.,Billing,High,synthetic
TICK-001124,Can you update my credit card billing address and tax ID for billing? Contact me via email or phone.,Billing,Critical,synthetic
TICK-001457,I need an official tax invoice and payment receipt for order 43901. Looking forward to your prompt response.,Billing,High,synthetic
TICK-002078,Unable to connect to remote database server from IP address 192.168.137.138. Contact me via email or phone.,Technical Support,Medium,synthetic
TICK-002896,Order was canceled by system but refund has not posted to my account.,Refund,Low,synthetic
TICK-002218,Software installation fails due to missing DLL files on Windows 11. Please advise as soon as possible.,Technical Support,Medium,synthetic
TICK-001184,Why was I billed $49.0 when my plan is $79.99? Contact me via email or phone.,Billing,High,synthetic
TICK-006158,Requesting account closure and deletion of stored customer data. Please advise as soon as possible.,Cancellation,Medium,synthetic
TICK-006198,Closing subscription due to missing essential features. Thank you for your assistance.,Cancellation,Medium,synthetic
TICK-002400,Partial refund missing from my previous dispute case 72098.,Refund,Critical,synthetic
TICK-002280,Software installation fails due to missing DLL files on Windows 11. Contact me via email or phone.,Technical Support,Medium,synthetic
TICK-005872,I want to cancel my subscription effective immediately. Appreciate a quick update on this.,Cancellation,Medium,synthetic
TICK-003141,"Tracking indicates delivered, but package is missing from my doorstep. Urgent attention required.",Shipping,Low,synthetic
TICK-002194,The web application keeps throwing 500 internal server errors when submitting forms.,Technical Support,Medium,synthetic
TICK-002118,Mobile app keeps crashing on launch after updating to latest iOS/Android version.,Technical Support,High,synthetic
TICK-003441,"Express shipping paid, but package sent via standard economy post.",Shipping,Medium,synthetic
TICK-003703,Account permissions are misconfigured and user cannot access dashboard. Please advise as soon as possible.,Account,Medium,synthetic
TICK-003356,Where is my package? Tracking number 18967 shows no movement for 5 days. Please advise as soon as possible.,Shipping,Medium,synthetic
TICK-002079,Bluetooth sync is failing between the hardware device and dashboard. Kindly look into this matter promptly.,Technical Support,Low,synthetic
TICK-001017,I need an official tax invoice and payment receipt for order 84364. Urgent attention required.,Billing,Medium,synthetic
TICK-003209,International shipment stuck at distribution center for over a week. Kindly look into this matter promptly.,Shipping,Medium,synthetic
TICK-001989,Software installation fails due to missing DLL files on Windows 11. Thank you for your assistance.,Technical Support,Medium,synthetic
TICK-004369,Formal complaint regarding poor product build quality and support delay. Contact me via email or phone.,Complaint,Low,synthetic
TICK-005537,Looking for comparison between standard and professional tiers. Urgent attention required.,Product Inquiry,Low,synthetic
TICK-002293,Mobile app keeps crashing on launch after updating to latest iOS/Android version. Thank you for your assistance.,Technical Support,Critical,synthetic
TICK-002772,Partial refund missing from my previous dispute case 20506. Please advise as soon as possible.,Refund,High,synthetic
TICK-002184,Unable to connect to remote database server from IP address 192.168.229.67. Appreciate a quick update on this.,Technical Support,Medium,synthetic
TICK-002095,Software installation fails due to missing DLL files on Windows 11. Please advise as soon as possible.,Technical Support,Medium,synthetic
TICK-001892,Unable to connect to remote database server from IP address 192.168.211.86. Contact me via email or phone.,Technical Support,Critical,synthetic
TICK-004260,Agent closed my support ticket without resolving the actual issue. Kindly look into this matter promptly.,Complaint,Critical,synthetic
TICK-005486,Looking for comparison between standard and professional tiers.,Product Inquiry,Low,synthetic
TICK-002262,The desktop application freezes every time I click the save button. Appreciate a quick update on this.,Technical Support,Critical,synthetic
TICK-001405,I noticed an unauthorized charge of $499.0 on my monthly invoice. Appreciate a quick update on this.,Billing,Critical,synthetic
TICK-002205,Page load times are extremely slow and API calls are timing out. Thank you for your assistance.,Technical Support,High,synthetic
TICK-003468,Delivery courier left parcel in rain without notification. Kindly look into this matter promptly.,Shipping,High,synthetic
TICK-001745,Mobile app keeps crashing on launch after updating to latest iOS/Android version. Appreciate a quick update on this.,Technical Support,High,synthetic
TICK-001644,Double charge observed on my bank statement for invoice 65797. Looking forward to your prompt response.,Billing,Medium,synthetic
TICK-005848,Please turn off auto-renewal for my annual membership plan. Urgent attention required.,Cancellation,Medium,synthetic
TICK-003785,Single Sign-On (SSO) integration is failing for company domain.,Account,High,synthetic
TICK-002984,Customs clearance is delaying package shipment at border transit. Kindly look into this matter promptly.,Shipping,Medium,synthetic
TICK-004128,Received suspicious password reset email without requesting it. Looking forward to your prompt response.,Account,Medium,synthetic
TICK-003018,Delivery courier left parcel in rain without notification. Kindly look into this matter promptly.,Shipping,High,synthetic
TICK-001826,VPN connection drops every 5 minutes unexpectedly. Looking forward to your prompt response.,Technical Support,Low,synthetic
TICK-004845,Appalled by lack of response to critical security vulnerability report. Please advise as soon as possible.,Complaint,Medium,synthetic
TICK-005618,Closing subscription due to missing essential features.,Cancellation,High,synthetic
TICK-004520,Appalled by lack of response to critical security vulnerability report. Contact me via email or phone.,Complaint,High,synthetic
TICK-001305,I received a late payment penalty charge even though I paid on time.,Billing,Low,synthetic
TICK-001861,Mobile app keeps crashing on launch after updating to latest iOS/Android version. Kindly look into this matter promptly.,Technical Support,High,synthetic
TICK-005704,How do I cancel my order before it enters fulfillment phase? Looking forward to your prompt response.,Cancellation,Low,synthetic
TICK-001525,Can you update my credit card billing address and tax ID for billing? Urgent attention required.,Billing,Low,synthetic
TICK-002959,Estimated delivery date has passed but package has not arrived.,Shipping,High,synthetic
TICK-004272,Misleading advertising regarding feature capabilities on sales page. Appreciate a quick update on this.,Complaint,Low,synthetic
TICK-001502,I am being billed for a service that was supposed to be free during trial. Appreciate a quick update on this.,Billing,High,synthetic
TICK-001149,I noticed an unauthorized charge of $19.99 on my monthly invoice. Kindly look into this matter promptly.,Billing,High,synthetic
TICK-002968,My order 63396 was shipped to wrong delivery address. Kindly look into this matter promptly.,Shipping,Low,synthetic
TICK-003065,I need to change shipping address for order 26522 before dispatch. Appreciate a quick update on this.,Shipping,Low,synthetic
TICK-001346,I noticed an unauthorized charge of $19.99 on my monthly invoice. Looking forward to your prompt response.,Billing,High,synthetic
TICK-002489,I demand a prompt refund for defective goods received yesterday. Kindly look into this matter promptly.,Refund,Medium,synthetic
TICK-003372,Package arrived with crushed outer box and broken contents.,Shipping,Medium,synthetic
TICK-002387,Partial refund missing from my previous dispute case 39933. Kindly look into this matter promptly.,Refund,Medium,synthetic
TICK-002655,I requested a refund for order 60969 two weeks ago but haven't received it.,Refund,Critical,synthetic
TICK-002342,Order was canceled by system but refund has not posted to my account. Kindly look into this matter promptly.,Refund,High,synthetic
TICK-002091,Mobile app keeps crashing on launch after updating to latest iOS/Android version. Please advise as soon as possible.,Technical Support,High,synthetic
TICK-005071,Can you provide information on bulk licensing discounts for 500+ users? Urgent attention required.,Product Inquiry,Low,synthetic
TICK-005840,We are switching to an alternative solution and wish to terminate service. Urgent attention required.,Cancellation,High,synthetic
TICK-004252,Formal complaint regarding poor product build quality and support delay. Kindly look into this matter promptly.,Complaint,Critical,synthetic
TICK-005382,What are the hardware specifications required to run this software? Thank you for your assistance.,Product Inquiry,Medium,synthetic
TICK-003647,My profile settings fail to save changes. Appreciate a quick update on this.,Account,Critical,synthetic
TICK-004259,Misleading advertising regarding feature capabilities on sales page. Kindly look into this matter promptly.,Complaint,High,synthetic
TICK-001319,"My payment failed yesterday, but money was deducted from my bank account. Please advise as soon as possible.",Billing,High,synthetic
TICK-006014,Closing subscription due to missing essential features. Thank you for your assistance.,Cancellation,Medium,synthetic
TICK-005877,Need assistance closing and permanently deleting my account.,Cancellation,Medium,synthetic
TICK-005226,Looking for comparison between standard and professional tiers. Appreciate a quick update on this.,Product Inquiry,Low,synthetic
TICK-003648,Single Sign-On (SSO) integration is failing for company domain. Looking forward to your prompt response.,Account,High,synthetic
TICK-003843,Account permissions are misconfigured and user cannot access dashboard. Looking forward to your prompt response.,Account,Low,synthetic
TICK-004209,Unable to reset password via email link; link expired immediately. Please advise as soon as possible.,Account,High,synthetic
TICK-004379,Appalled by lack of response to critical security vulnerability report. Contact me via email or phone.,Complaint,Critical,synthetic
TICK-003730,Unable to reset password via email link; link expired immediately. Looking forward to your prompt response.,Account,High,synthetic
TICK-001128,I noticed an unauthorized charge of $249.5 on my monthly invoice. Please advise as soon as possible.,Billing,High,synthetic
TICK-003578,I need to change shipping address for order 73722 before dispatch. Looking forward to your prompt response.,Shipping,Low,synthetic
TICK-004728,Repeatedly transferred between agents without any resolution. Contact me via email or phone.,Complaint,High,synthetic
TICK-001841,Unable to connect to remote database server from IP address 192.168.206.110. Looking forward to your prompt response.,Technical Support,Critical,synthetic
TICK-001215,Why was I billed $499.0 when my plan is $29.99? Appreciate a quick update on this.,Billing,High,synthetic
TICK-004034,Two-factor authentication code is not being received on my phone. Please advise as soon as possible.,Account,High,synthetic
TICK-004736,Appalled by lack of response to critical security vulnerability report. Urgent attention required.,Complaint,Medium,synthetic
TICK-003064,Package arrived with crushed outer box and broken contents. Thank you for your assistance.,Shipping,Low,synthetic
TICK-003491,Where is my package? Tracking number 88069 shows no movement for 5 days.,Shipping,High,synthetic
TICK-001083,I received a late payment penalty charge even though I paid on time. Please advise as soon as possible.,Billing,High,synthetic
TICK-003367,"Tracking indicates delivered, but package is missing from my doorstep. Appreciate a quick update on this.",Shipping,Critical,synthetic
TICK-005736,I want to cancel my subscription effective immediately. Contact me via email or phone.,Cancellation,Critical,synthetic
TICK-001008,Why was I billed $49.0 when my plan is $9.99? Contact me via email or phone.,Billing,High,synthetic
TICK-004182,My profile settings fail to save changes. Looking forward to your prompt response.,Account,Medium,synthetic
TICK-004327,No response to urgent tickets for 72 hours despite premium support SLA. Urgent attention required.,Complaint,Critical,synthetic
TICK-002031,Bluetooth sync is failing between the hardware device and dashboard.,Technical Support,Low,synthetic
TICK-006110,We are switching to an alternative solution and wish to terminate service.,Cancellation,High,synthetic
TICK-004776,Worst service experience ever! Unprofessional support team. Contact me via email or phone.,Complaint,High,synthetic
TICK-001028,Double charge observed on my bank statement for invoice 81066. Urgent attention required.,Billing,Low,synthetic
TICK-005298,Is this product compatible with macOS Sequoia and Apple Silicon? Kindly look into this matter promptly.,Product Inquiry,Low,synthetic
TICK-002659,Service was down during our event. Requesting credit refund to account. Thank you for your assistance.,Refund,Medium,synthetic
TICK-002709,Service was down during our event. Requesting credit refund to account. Contact me via email or phone.,Refund,Low,synthetic
TICK-005001,Does the cloud platform comply with SOC2 and HIPAA standards? Urgent attention required.,Product Inquiry,Low,synthetic
TICK-003946,I need to update my registered email address and phone number. Thank you for your assistance.,Account,Medium,synthetic
TICK-003829,I need to update my registered email address and phone number. Thank you for your assistance.,Account,Critical,synthetic
TICK-001359,I received a late payment penalty charge even though I paid on time. Kindly look into this matter promptly.,Billing,Medium,synthetic
TICK-001347,I received a late payment penalty charge even though I paid on time. Urgent attention required.,Billing,Medium,synthetic
TICK-005592,How do I cancel my order before it enters fulfillment phase? Thank you for your assistance.,Cancellation,Medium,synthetic
TICK-005751,Canceling contract due to budget constraints in our organization. Please advise as soon as possible.,Cancellation,Medium,synthetic
TICK-004192,Received suspicious password reset email without requesting it.,Account,High,synthetic
TICK-005341,Where can I find user manuals and documentation for model PRO-828?,Product Inquiry,Low,synthetic
TICK-003434,Estimated delivery date has passed but package has not arrived. Appreciate a quick update on this.,Shipping,Medium,synthetic
TICK-004595,Appalled by lack of response to critical security vulnerability report. Looking forward to your prompt response.,Complaint,High,synthetic
TICK-005619,I want to cancel my subscription effective immediately. Urgent attention required.,Cancellation,High,synthetic
TICK-006018,I want to cancel my subscription effective immediately. Contact me via email or phone.,Cancellation,Medium,synthetic
TICK-002720,Order was canceled by system but refund has not posted to my account.,Refund,High,synthetic
TICK-003136,"Express shipping paid, but package sent via standard economy post. Looking forward to your prompt response.",Shipping,Medium,synthetic
TICK-005560,Subscription cancellation button is missing from account settings page. Urgent attention required.,Cancellation,Low,synthetic
TICK-002261,Page load times are extremely slow and API calls are timing out. Kindly look into this matter promptly.,Technical Support,Low,synthetic
TICK-005308,Looking for comparison between standard and professional tiers. Appreciate a quick update on this.,Product Inquiry,High,synthetic
TICK-001519,I received a late payment penalty charge even though I paid on time. Urgent attention required.,Billing,Critical,synthetic
TICK-005546,Is this product compatible with macOS Sequoia and Apple Silicon? Looking forward to your prompt response.,Product Inquiry,Low,synthetic
TICK-005834,How do I cancel my order before it enters fulfillment phase? Please advise as soon as possible.,Cancellation,Medium,synthetic
TICK-004037,My account has been locked due to multiple failed login attempts. Please advise as soon as possible.,Account,High,synthetic
TICK-005171,Can you provide information on bulk licensing discounts for 500+ users? Please advise as soon as possible.,Product Inquiry,Medium,synthetic
TICK-002965,International shipment stuck at distribution center for over a week. Urgent attention required.,Shipping,Critical,synthetic
TICK-004292,Misleading advertising regarding feature capabilities on sales page.,Complaint,Medium,synthetic
TICK-003931,My account has been locked due to multiple failed login attempts.,Account,Medium,synthetic
TICK-003999,Account permissions are misconfigured and user cannot access dashboard. Looking forward to your prompt response.,Account,High,synthetic
TICK-003740,I cannot log into my account despite entering correct password. Please advise as soon as possible.,Account,Medium,synthetic
TICK-002794,Partial refund missing from my previous dispute case 43779. Urgent attention required.,Refund,High,synthetic
TICK-002848,Partial refund missing from my previous dispute case 41854. Contact me via email or phone.,Refund,Medium,synthetic
TICK-005608,Please turn off auto-renewal for my annual membership plan. Thank you for your assistance.,Cancellation,Medium,synthetic
TICK-004432,Very dissatisfied with rude customer service representative on call. Appreciate a quick update on this.,Complaint,High,synthetic
TICK-004065,My account has been locked due to multiple failed login attempts. Appreciate a quick update on this.,Account,Medium,synthetic
TICK-001293,"My payment failed yesterday, but money was deducted from my bank account. Appreciate a quick update on this.",Billing,Medium,synthetic
TICK-005029,Looking for comparison between standard and professional tiers. Appreciate a quick update on this.,Product Inquiry,Low,synthetic
TICK-005150,What are the hardware specifications required to run this software? Thank you for your assistance.,Product Inquiry,Low,synthetic
TICK-001422,Can you update my credit card billing address and tax ID for billing? Contact me via email or phone.,Billing,Critical,synthetic
TICK-003196,Delivery courier left parcel in rain without notification. Thank you for your assistance.,Shipping,Low,synthetic
TICK-002609,"Charged after cancellation request, need immediate reimbursement.",Refund,High,synthetic
TICK-002353,Item arrived damaged in transit. I want an immediate full refund. Appreciate a quick update on this.,Refund,High,synthetic
TICK-003981,I need to update my registered email address and phone number. Appreciate a quick update on this.,Account,Low,synthetic
TICK-004878,Escalating issue: product failed during critical presentation. Looking forward to your prompt response.,Complaint,High,synthetic
TICK-002108,Unable to connect to remote database server from IP address 192.168.16.240. Kindly look into this matter promptly.,Technical Support,High,synthetic
TICK-005951,Requesting account closure and deletion of stored customer data. Please advise as soon as possible.,Cancellation,High,synthetic
TICK-005349,What is the warranty period and coverage for international orders? Appreciate a quick update on this.,Product Inquiry,Low,synthetic
TICK-003995,Single Sign-On (SSO) integration is failing for company domain. Appreciate a quick update on this.,Account,Medium,synthetic
TICK-003182,Package arrived with crushed outer box and broken contents. Appreciate a quick update on this.,Shipping,Medium,synthetic
TICK-001035,I noticed an unauthorized charge of $49.0 on my monthly invoice. Appreciate a quick update on this.,Billing,High,synthetic
TICK-001140,My credit card was charged twice for transaction 22026. Kindly look into this matter promptly.,Billing,Medium,synthetic
TICK-006021,Canceling contract due to budget constraints in our organization. Looking forward to your prompt response.,Cancellation,Low,synthetic
TICK-002849,I demand a prompt refund for defective goods received yesterday.,Refund,Medium,synthetic
TICK-001950,Bluetooth sync is failing between the hardware device and dashboard. Looking forward to your prompt response.,Technical Support,High,synthetic
TICK-001630,I received a late payment penalty charge even though I paid on time. Thank you for your assistance.,Billing,Medium,synthetic
TICK-004323,Escalating issue: product failed during critical presentation. Contact me via email or phone.,Complaint,Medium,synthetic
TICK-001373,I need an official tax invoice and payment receipt for order 45200. Looking forward to your prompt response.,Billing,Critical,synthetic
TICK-002943,"Charged after cancellation request, need immediate reimbursement. Thank you for your assistance.",Refund,Medium,synthetic
TICK-003951,Unable to reset password via email link; link expired immediately. Please advise as soon as possible.,Account,High,synthetic
TICK-003618,I need to update my registered email address and phone number. Appreciate a quick update on this.,Account,High,synthetic
TICK-001292,There is a billing discrepancy on my recent statement for billing period Feb 2026.,Billing,High,synthetic
TICK-003102,My order 99765 was shipped to wrong delivery address. Please advise as soon as possible.,Shipping,Medium,synthetic
TICK-002381,Service was down during our event. Requesting credit refund to account. Appreciate a quick update on this.,Refund,Low,synthetic
TICK-002260,Bluetooth sync is failing between the hardware device and dashboard. Looking forward to your prompt response.,Technical Support,Medium,synthetic
TICK-004856,System downtime caused business revenue loss for our team. Urgent attention required.,Complaint,Medium,synthetic
TICK-003354,My order 68414 was shipped to wrong delivery address. Kindly look into this matter promptly.,Shipping,Medium,synthetic
TICK-003735,My account has been locked due to multiple failed login attempts. Appreciate a quick update on this.,Account,Medium,synthetic
TICK-003014,Where is my package? Tracking number 34263 shows no movement for 5 days. Looking forward to your prompt response.,Shipping,Medium,synthetic
EXT_B001,Received billing notification for unknown monthly service charge.,Billing,High,external
EXT_B002,Updated my payment method but automated billing still shows expired card.,Billing,Medium,external
EXT_B003,Requesting refund of duplicate charge on transaction statement #9928.,Billing,High,external
EXT_B004,Invoice generated without our corporate tax identification number.,Billing,Low,external
EXT_B005,Credit card failed error during checkout process.,Billing,High,external
EXT_B006,Billed standard rate instead of contracted enterprise discount rate.,Billing,High,external
EXT_B007,Need billing contact updated for accounts payable department.,Billing,Low,external
EXT_B008,Annual invoice shows wrong seat count for active user licenses.,Billing,Medium,external
EXT_B009,Payment confirmation email not received after successful wire transfer.,Billing,Low,external
EXT_B010,Discrepancy between quote provided by sales rep and billed invoice total.,Billing,High,external
EXT_T001,Database connector throwing connection reset by peer error.,Technical Support,Critical,external
EXT_T002,User authentication token expiring prematurely causing frequent re-logins.,Technical Support,Medium,external
EXT_T003,Web portal rendering blank white page on Safari browser version 17.,Technical Support,High,external
EXT_T004,File conversion utility hanging at 99% progress bar indefinitely.,Technical Support,Medium,external
EXT_T005,High latency reported on regional server node us-east-1.,Technical Support,High,external
EXT_T006,Memory leak observed in desktop daemon process background worker.,Technical Support,High,external
EXT_T007,Webhook endpoint returning HTTP 403 Forbidden on payload POST.,Technical Support,High,external
EXT_T008,Search indexing engine failed to update new product listings.,Technical Support,Medium,external
EXT_T009,Client side validation error preventing form submission on checkout.,Technical Support,Medium,external
EXT_T010,System audit log export truncating records older than 30 days.,Technical Support,Low,external
EXT_R001,Requesting full reimbursement for cancelled conference ticket.,Refund,Medium,external
EXT_R002,"Returned goods delivered to facility on 12th, awaiting credit posting.",Refund,Medium,external
EXT_R003,Product hardware malfunctioning within 14-day return window.,Refund,High,external
EXT_R004,Overcharge refund agreed by support representative not reflected on card.,Refund,High,external
EXT_R005,Cancelled order refund status inquiry for order reference #77291.,Refund,Medium,external
EXT_R006,Subscription cancelled during money-back guarantee period.,Refund,High,external
EXT_R007,"Defective shipment returned, please credit back original payment source.",Refund,High,external
EXT_R008,Service SLA breach credit refund request for downtime incident.,Refund,High,external
EXT_R009,Double payment deduction refund for transaction ID #10492.,Refund,Critical,external
EXT_R010,"Order items damaged during transport, demanding store credit or refund.",Refund,High,external
EXT_S001,Carrier notification indicates delivery delay due to severe weather conditions.,Shipping,Low,external
EXT_S002,Package tracking details not updated for past 72 hours.,Shipping,Medium,external
EXT_S003,Shipment delivered to wrong zip code according to tracking link.,Shipping,High,external
EXT_S004,Request to hold parcel at local depot for self pickup.,Shipping,Low,external
EXT_S005,International freight shipment stuck in customs inspection.,Shipping,Medium,external
EXT_S006,Dispatch confirmation received but shipping label show pending pickup.,Shipping,Low,external
EXT_S007,"Partial order shipment arrived, remaining items missing from package.",Shipping,High,external
EXT_S008,Address correction required prior to courier dispatch.,Shipping,High,external
EXT_S009,Damaged packaging container reported upon freight arrival.,Shipping,Medium,external
EXT_S010,Express delivery deadline missed by courier service provider.,Shipping,Medium,external
EXT_A001,Multi-factor authentication reset required for admin profile.,Account,Critical,external
EXT_A002,Unable to modify account owner email in security settings panel.,Account,Medium,external
EXT_A003,Account locked after automated security audit flagged anomaly.,Account,High,external
EXT_A004,Password reset verification email not arriving in inbox.,Account,High,external
EXT_A005,User permission escalation request for team manager profile.,Account,Medium,external
EXT_A006,Deactivate former employee user access from corporate domain.,Account,High,external
EXT_A007,Single Sign-On integration failing with identity provider metadata error.,Account,High,external
EXT_A008,Profile contact phone number update request.,Account,Low,external
EXT_A009,GDPR account deletion request and data erasure.,Account,Medium,external
EXT_A010,Concurrent session limit error blocking valid user login.,Account,Medium,external
EXT_C001,Unacceptable response time from Tier 1 support team.,Complaint,High,external
EXT_C002,Repeated platform outages impacting critical business operations.,Complaint,Critical,external
EXT_C003,Feature promised during sales call is absent from released product.,Complaint,High,external
EXT_C004,Unresolved software defect open for over six weeks.,Complaint,High,external
EXT_C005,Poor communication regarding planned system maintenance window.,Complaint,Medium,external
EXT_C006,Unexpected price structure changes without prior advisory notice.,Complaint,High,external
EXT_C007,Support ticket marked resolved without customer confirmation.,Complaint,High,external
EXT_C008,Inconsistent information provided by different support reps.,Complaint,Medium,external
EXT_P001,Inquiring about compatibility with PostgreSQL 15 database engines.,Product Inquiry,Low,external
EXT_P002,What encryption standards are utilized for data at rest?,Product Inquiry,Low,external
EXT_P003,Are custom API rate limits available for enterprise contracts?,Product Inquiry,Low,external
EXT_P004,Does the system support multi-currency transactions and reporting?,Product Inquiry,Low,external
EXT_P005,Inquiry regarding roadmap for native mobile tablet application.,Product Inquiry,Low,external
EXT_P006,What is the maximum number of concurrent users supported on Pro plan?,Product Inquiry,Low,external
EXT_P007,Requesting hardware specification guide for on-premise installation.,Product Inquiry,Low,external
EXT_P008,Is SOC2 Type II compliance documentation available upon NDA?,Product Inquiry,Low,external
EXT_X001,Formal notice of contract non-renewal effective at term end.,Cancellation,High,external
EXT_X002,Request to cancel automatic monthly plan renewal.,Cancellation,Medium,external
EXT_X003,Immediate account termination and billing cancellation requested.,Cancellation,High,external
EXT_X004,Subscription cancellation due to business acquisition.,Cancellation,Medium,external
EXT_X005,Downgrading from Premium to Free plan before billing cycle.,Cancellation,Medium,external
EXT_X006,Terminate trial period and remove credit card details.,Cancellation,Medium,external
EXT_X007,Cancelling membership due to budget constraints.,Cancellation,Medium,external
EXT_X008,Account closure request following vendor consolidation.,Cancellation,High,external
MAN_B001,My bank statement indicates that the same transaction was processed twice.,Billing,High,manual
MAN_B002,Why did u guys charge me again??,Billing,High,manual
MAN_B003,"This is ridiculous, I have been charged twice and nobody is helping me!",Billing,Critical,manual
MAN_B004,Charged twice.,Billing,High,manual
MAN_B005,"I purchased the annual subscription yesterday, but my credit card statement now shows two separate charges for the same order.",Billing,High,manual
MAN_B006,Need vat invoice for last month subscription fee.,Billing,Low,manual
MAN_B007,Auto renewal billed me $99 even though I sent cancellation request last week.,Billing,High,manual
MAN_B008,Incorrect tax amount added to invoice #INV-99201. Plz fix.,Billing,Medium,manual
MAN_B009,Payment went through on my bank app but portal says payment pending.,Billing,Medium,manual
MAN_B100,Can you send the PDF receipt for my team subscription to accounting@company.org?,Billing,Low,manual
MAN_B101,Overcharged by 50 dollars on month end billing statement.,Billing,High,manual
MAN_B102,I was charged currency conversion fee when purchase was in USD. Why?,Billing,Medium,manual
MAN_B103,Promo code PROMO2024 was applied but full price was charged to my card.,Billing,Medium,manual
MAN_B104,"Got a message saying payment failed, but my account balance decreased.",Billing,High,manual
MAN_B105,Why is there an additional $15 maintenance charge on my bill?,Billing,Medium,manual
MAN_T001,The app crashes whenever I try to upload a file.,Technical Support,High,manual
MAN_T002,Getting 500 error when clicking submit.,Technical Support,Medium,manual
MAN_T003,"Hey, your website is completely down on Chrome. White screen showing up.",Technical Support,Critical,manual
MAN_T004,API response time is over 12 seconds for /v1/data endpoint. Server timeout.,Technical Support,High,manual
MAN_T005,Cant connect database error sqlite3.OperationalError database locked.,Technical Support,High,manual
MAN_T006,Export to CSV button does nothing when clicked in Firefox browser.,Technical Support,Medium,manual
MAN_T007,App stuck on loading screen after latest 2.4.1 update.,Technical Support,High,manual
MAN_T008,Dashboard metrics showing 0 despite active data ingestion streams.,Technical Support,Medium,manual
MAN_T009,SSL certificate expired warning when accessing client portal.,Technical Support,Critical,manual
MAN_T100,Mobile app logout spontaneously every 5 minutes.,Technical Support,Medium,manual
MAN_T101,Dark mode toggle is glitching and flickering constantly.,Technical Support,Low,manual
MAN_T102,Desktop software crash dump attached - exit code 0xC0000005.,Technical Support,High,manual
MAN_T103,Unable to sync offline offline records to server once online.,Technical Support,High,manual
MAN_T104,Notification push messages are not arriving on Android 14 devices.,Technical Support,Medium,manual
MAN_R001,Item arrived damaged in transit. I want an immediate full refund.,Refund,High,manual
MAN_R002,I requested refund 10 days ago. Still no update on status???,Refund,High,manual
MAN_R003,Product did not match the website description at all. Returning product for money back.,Refund,Medium,manual
MAN_R004,Accidentally bought 2 licenses instead of 1. Refund the extra one please.,Refund,Medium,manual
MAN_R005,"Order cancelled by seller due to out of stock, but money not refunded yet.",Refund,High,manual
MAN_R006,Where is my refund?,Refund,Medium,manual
MAN_R007,Partial refund received ($20) instead of promised full refund ($100).,Refund,High,manual
MAN_R008,System charged me after trial ended even though I opted out. Money back immediately.,Refund,Critical,manual
MAN_R009,Service quality was unacceptable during webinar event. Requesting subscription refund.,Refund,Medium,manual
MAN_R100,Returned item received at warehouse per carrier tracking #8821. Process reimbursement.,Refund,Medium,manual
MAN_S001,Where can I track my delivery?,Shipping,Low,manual
MAN_S002,Package marked delivered by courier but I did not receive anything at my door.,Shipping,Critical,manual
MAN_S003,Delivery is 4 days late and tracking status has not updated since Monday.,Shipping,High,manual
MAN_S004,Need to change shipping address to Apartment 4B before order dispatches.,Shipping,High,manual
MAN_S005,Item shipped to old residential address by mistake.,Shipping,High,manual
MAN_S006,Parcel box arrived completely crushed and open.,Shipping,High,manual
MAN_S007,"Paid extra for next-day priority shipping, but it's taking standard 5 days.",Shipping,Medium,manual
MAN_S008,Customs holding shipment at port demanding additional clearance documentation.,Shipping,Medium,manual
MAN_S009,Wrong tracking code sent in email confirmation.,Shipping,Low,manual
MAN_S100,Courier driver left package in heavy rain without ringing doorbell.,Shipping,Medium,manual
MAN_A001,Locked out of my admin account due to forgotten 2FA device.,Account,Critical,manual
MAN_A002,Password reset link is giving 'expired' error immediately upon arrival.,Account,High,manual
MAN_A003,How do I change my primary account email address?,Account,Low,manual
MAN_A004,Suspicious login attempt detected from unrecognized location. Deactivate account temporarily.,Account,Critical,manual
MAN_A005,Cannot update profile picture or display name in settings page.,Account,Low,manual
MAN_A006,Please transfer account owner privileges to user user2@org.com.,Account,Medium,manual
MAN_A007,Verification code SMS not reaching my mobile phone number.,Account,High,manual
MAN_A008,Account deactivated message showing when logging in. Why?,Account,High,manual
MAN_A009,Want to delete my profile and purge all stored user personal data.,Account,Medium,manual
MAN_A100,SSO Google login fails with OAuth redirect URI mismatch.,Account,High,manual
MAN_C001,Your customer service rep on phone was extremely rude and unhelpful.,Complaint,High,manual
MAN_C002,Worst experience ever. System has been down 3 times this month!,Complaint,High,manual
MAN_C003,I have been waiting on hold for over 45 minutes without any agent answering.,Complaint,Medium,manual
MAN_C004,Misleading marketing claims regarding features included in standard plan.,Complaint,Medium,manual
MAN_C005,Escalating this issue to management. Unresolved bug open for 30 days.,Complaint,Critical,manual
MAN_C006,Prices increased by 30% without prior email notification to subscribers.,Complaint,High,manual
MAN_C007,Support ticket #4401 closed automatically without providing solution.,Complaint,High,manual
MAN_C008,Data privacy concern: shared workspace showing other client's file names.,Complaint,Critical,manual
MAN_P001,Does the enterprise tier support single sign-on (SSO) via SAML 2.0?,Product Inquiry,Low,manual
MAN_P002,Is there an iOS tablet version available for download?,Product Inquiry,Low,manual
MAN_P003,What is the maximum file upload size limit per attachment?,Product Inquiry,Low,manual
MAN_P004,Can I integrate this platform with Zapier or Webhooks?,Product Inquiry,Low,manual
MAN_P005,Looking for detailed documentation on REST API rate limits.,Product Inquiry,Low,manual
MAN_P006,Are there discount options for non-profit organizations or universities?,Product Inquiry,Low,manual
MAN_P007,Does product support dark theme and custom CSS styling?,Product Inquiry,Low,manual
MAN_P008,Is user training included with team plan onboard?,Product Inquiry,Low,manual
MAN_X001,Please cancel my subscription immediately before next billing cycle.,Cancellation,High,manual
MAN_X002,How do I terminate my account subscription?,Cancellation,Medium,manual
MAN_X003,Cancel auto-renewal for my annual membership plan.,Cancellation,Medium,manual
MAN_X004,Want to end contract early due to company restructuring.,Cancellation,High,manual
MAN_X005,Stop my subscription at end of current billing period.,Cancellation,Medium,manual
MAN_X006,I am closing my business and need to cancel all associated services.,Cancellation,High,manual
MAN_X007,Unsubscribe me from all paid services and emails right now.,Cancellation,High,manual
MAN_X008,"Switched to alternative product, please cancel plan effective today.",Cancellation,Medium,manual
