ticket_id,ticket_text,category,priority,source
T00001,"Dear customer service, Can someone help resolve the DLL loading error on Windows 11 when starting the client application? Looking forward to hearing back.",Technical Support,Medium,synthetic
T00002,Quick question - I would like to cancel my monthly subscription effective before the next billing cycle. Contact me via email or phone.,Cancellation,Low,synthetic
T00003,Agent ne bina answer kiye ticket close kar diya. Thanks for ur help!,Complaint,Medium,synthetic
T00004,"Hello, Support agent closed my ticket 51912 marking it resolved, even though the bug is still happening!",Complaint,High,synthetic
T00005,"FYI, There is an unrecognized charge of $99.99 on my credit card statement.",Billing,Critical,synthetic
T00006,System crash ho raha hai export click karte hi error code SOCKET_TIMEOUT ke saath. Contact me via email or phone,Technical Support,Medium,synthetic
T00007,"Urgent: Ever since updating to version 4.2 yesterday, our entire telemetry team has been unable to access the web portal. The page loads infinitely before displaying an internal server error (HTTP 500). This is blocking active customer operations. Thanks for your help!",Technical Support,High,synthetic
T00008,Plz help - What are the minimum hardware and RAM requirements for running the server software on Linux?,Product Inquiry,Low,synthetic
T00009,"Hey there, I checked my credit card account this morning and noticed two separate line items for $149.0 on order 97852. I only submitted the checkout form once, so one of these transactions is clearly an error. Please reverse the duplicate billing immediately. Contact me via email or phone.",Billing,High,synthetic
T00010,"Hey there, Package marked delivered but missing. Plz respond asap.",Shipping,Critical,synthetic
T00011,Parcel delivered bol raha hai par gate pe koi item nahi hai. Contact me via email or phone.,Shipping,High,synthetic
T00012,Quick question - Why am I seeing two charges for the same order 79391 on my bank app? Kindly look into this matter promptly.,Billing,Medium,synthetic
T00013,Subscription end karo. Appreciate a quick update on this.,Cancellation,Low,synthetic
T00014,No reply to urgent ticket for 48 hours despite paying for 24/7 premium support SLA. Contact me via email or phone.,Complaint,High,synthetic
T00015,"FYI, Your representative was dismissive and unhelpful when I asked for assistance with system errors. Contact me via email or phone.",Complaint,Low,synthetic
T00016,Plz help - Does the cloud storage infrastructure comply with SOC2 and HIPAA security certifications? Looking forward to hearing back.,Product Inquiry,Medium,synthetic
T00017,Plz help - Where is my pending refund? Thanks for your help!,Refund,Medium,synthetic
T00018,"Plz help - Ever since updating to version 4.2 yesterday, our entire telemetry team has been unable to access the web portal. The page loads infinitely before displaying an internal server error (HTTP 500). This is blocking active customer operations. Looking forward to hearing back.",Technical Support,Critical,synthetic
T00019,Agent ne bina answer kiye ticket close kar diya. Looking forward to hearing back.,Complaint,Medium,synthetic
T00020,Plz help - Plan cancellation request. Urgent attention required.,Cancellation,Medium,synthetic
T00021,Plz help - Repeated system downtime and unannounced maintenance windows over the past month have disrupted our operations three times. We demand an immediate explanation from management and SLA service credits.,Complaint,Critical,synthetic
T00022,API documentation link chahiye. Appreciate a quick update on this.,Product Inquiry,Low,synthetic
T00023,Courier status update nathi thayo,Shipping,Low,synthetic
T00024,"Hey there, I received an email stating my password was changed from an unknown location, but I did not initiate this. Please advise as soon as possible.",Account,Critical,synthetic
T00025,Account delete karvu che. Kindly look into this matter promptly.,Cancellation,Medium,synthetic
T00026,Next month billing se pehle mera plan cancel kar do please. Urgent attention required.,Cancellation,Medium,synthetic
T00027,App chalne ma problem aave che. Appreciate a quick update on this.,Technical Support,Medium,synthetic
T00028,"48 ghante se koi response nahi aaya, service bohot badhiya nahi hai. Appreciate a quick update on this.",Complaint,Medium,synthetic
T00029,"Dear customer service, I checked my credit card account this morning and noticed two separate line items for $99.99 on order 44447. I only submitted the checkout form once, so one of these transactions is clearly an error. Please reverse the duplicate billing immediately. Kindly look into this matter promptly.",Billing,High,synthetic
T00030,Account login nahi ho raha hai. Plz respond asap,Account,High,synthetic
T00031,"FYI, I placed order 96328 for an enterprise hardware component, but received a completely different consumer product model. Since this does not match the product specification or purchase order, I am returning the package and request a full refund including express shipping charges. Appreciate a quick update on this.",Refund,High,synthetic
T00032,Plz help - I am requesting complete account closure and permanent deletion of all personal stored data from your servers in compliance with privacy regulations. Plz respond asap.,Account,Medium,synthetic
T00033,Our scheduled virtual event was ruined due to continuous platform outages on your side. We paid $19.99 for premium hosting and request an immediate pro-rated credit refund to our corporate account balance. Please advise as soon as possible.,Refund,Medium,synthetic
T00034,"Hi support team, No reply to urgent ticket for 48 hours despite paying for 24/7 premium support SLA. Urgent attention required.",Complaint,High,synthetic
T00035,"FYI, How can I change the primary administrator email address associated with our company portal? Looking forward to hearing back.",Account,Low,synthetic
T00036,Quick question - Desktop software freezing. Thanks for your help!,Technical Support,Medium,synthetic
T00037,"Hello, Package marked delivered but missing. Please advise as soon as possible",Shipping,Critical,synthetic
T00038,"Hey there, Double billing issue. Thanks for your help!",Billing,Medium,synthetic
T00039,App chalne ma problem aave che.,Technical Support,Medium,synthetic
T00040,"Hello, I returned package for order 56990 two weeks ago but haven't seen the refund credited to my bank account.",Refund,Medium,synthetic
T00041,Urgent: Worst support experience ever. Please advise as soon as possible,Complaint,High,synthetic
T00042,"Hey there, Can you please send me an official VAT receipt and tax invoice for billing period Jan 2026? Looking forward to hearing back.",Billing,Low,synthetic
T00043,Kharaab service experience che. Please advise as soon as possible,Complaint,Medium,synthetic
T00044,Quick question - Our backend production database server at 192.168.7.115 is refusing incoming connections with error SOCKET_TIMEOUT. Plz respond asap.,Technical Support,Critical,synthetic
T00045,Plz help - Please turn off automatic renewal for account 67601 so I am not charged next month. Kindly look into this matter promptly.,Cancellation,Low,synthetic
T00046,Quick question - Our backend production database server at 192.168.178.205 is refusing incoming connections with error NULL_POINTER_EXC. Plz respond asap.,Technical Support,Critical,synthetic
T00047,Delivery kab tak aayegi? Urgent attention required,Shipping,High,synthetic
T00048,"FYI, Requesting refund for order 75678. Plz respond asap.",Refund,Medium,synthetic
T00049,Quick question - I returned package for order 94657 two weeks ago but haven't seen the refund credited to my bank account. Contact me via email or phone.,Refund,Medium,synthetic
T00050,"Hi support team, There is an unrecognized charge of $499.0 on my credit card statement",Billing,Critical,synthetic
T00051,Plz help - Tracking not updating for order 85557. Plz respond asap,Shipping,High,synthetic
T00052,"Dear customer service, Why does the mobile application crash every time I try to open the camera or upload a document? Thanks for your help!",Technical Support,Medium,synthetic
T00053,"48 ghante se koi response nahi aaya, service bohot badhiya nahi hai. Thanks for your help!",Complaint,Medium,synthetic
T00054,"Hello, I returned package for order 42121 two weeks ago but haven't seen the refund credited to my bank account. Thanks for ur help!",Refund,Medium,synthetic
T00055,Quick question - Cannot log into account. Urgent attention required.,Account,High,synthetic
T00056,"FYI, Duplicate charge on statement. Appreciate a quick update on this.",Billing,Medium,synthetic
T00057,"FYI, Support agent closed my ticket 12993 marking it resolved, even though the bug is still happening! Please advise as soon as possible.",Complaint,High,synthetic
T00058,Kharaab service experience che. Appreciate a quick update on this.,Complaint,Low,synthetic
T00059,Paisa refund karo jaldi. Please advise as soon as possible.,Refund,Medium,synthetic
T00060,"Quick question - Page loading times have degraded significantly after the latest patch, causing request timeouts. Looking forward to hearing back.",Technical Support,Medium,synthetic
T00061,"FYI, Account locked after failed logins. Plz respond asap.",Account,High,synthetic
T00062,Agent ne bina answer kiye ticket close kar diya. Plz advise as soon as possible,Complaint,Medium,synthetic
T00063,Password reset link kaam nahi kar raha. Contact me via email or phone.,Account,Low,synthetic
T00064,"Plz help - Ever since updating to version 4.2 yesterday, our entire telemetry team has been unable to access the web portal. The page loads infinitely before displaying an internal server error (HTTP 500). This is blocking active customer operations. Appreciate a quick update on this.",Technical Support,Critical,synthetic
T00065,Urgent: Requesting refund for order 90758. Thanks for your help!,Refund,High,synthetic
T00066,Double billing issue. Thanks for your help!,Billing,Medium,synthetic
T00067,"Hello, Due to budget cuts in our organization, we can no longer maintain our active subscription plan. Please process account cancellation immediately and send written confirmation that auto-renew has been disabled. Appreciate a quick update on this.",Cancellation,High,synthetic
T00068,"Hey there, The cancellation button is missing from my account billing settings page. Please cancel for me. Contact me via email or phone.",Cancellation,Medium,synthetic
T00069,Urgent: Duplicate charge on statement. Plz respond asap.,Billing,High,synthetic
T00070,"Dear customer service, I have been on hold for over 45 minutes without anyone picking up my call. This service is terrible.",Complaint,Medium,synthetic
T00071,"Hi support team, The item arrived with broken glass and torn packaging. I demand an immediate full refund.",Refund,High,synthetic
T00072,Urgent: Rude customer agent on call. Thanks for your help!,Complaint,High,synthetic
T00073,"Dear customer service, I am filing a formal complaint regarding misleading feature advertising on your pricing page. We purchased the business plan based on promised custom integration features, only to discover after onboarding that the API is not included.",Complaint,Medium,synthetic
T00074,Tracking number 51717 has been stuck in transit at the hub for over 6 days without progress. Kindly look into this matter promptly.,Shipping,Medium,synthetic
T00075,"Hey there, Does the cloud storage infrastructure comply with SOC2 and HIPAA security certifications? Contact me via email or phone.",Product Inquiry,Medium,synthetic
T00076,Urgent: The delivery driver left our electronic equipment package in heavy rain outside the warehouse gate without ringing the bell or getting a signature. Water soaked through the box. Contact me via email or phone.,Shipping,High,synthetic
T00077,Next month billing se pehle mera plan cancel kar do please.,Cancellation,Low,synthetic
T00078,"Hello, I paid extra for guaranteed next-day air shipping on order 24560 because of an urgent event. It has now been 4 days and the tracking status shows the package is still sitting at the local distribution facility. Please expedite delivery or refund express fees. Looking forward to hearing back.",Shipping,High,synthetic
T00079,Quick question - Our backend production database server at 192.168.17.23 is refusing incoming connections with error ERR_502. Plz respond asap.,Technical Support,Critical,synthetic
T00080,Rude customer agent on call. Urgent attention required,Complaint,High,synthetic
T00081,Plz help - What are the minimum hardware and RAM requirements for running the server software on Linux? Contact me via email or phone,Product Inquiry,Low,synthetic
T00082,Parcel delivered bol raha hai par gate pe koi item nahi hai. Kindly look into this matter promptly.,Shipping,High,synthetic
T00083,"Hey there, Does the cloud storage infrastructure comply with SOC2 and HIPAA security certifications? Kindly look into this matter promptly.",Product Inquiry,Medium,synthetic
T00084,Kharaab service experience che. Please advise as soon as possible.,Complaint,Medium,synthetic
T00085,"Dear customer service, How can I change the primary administrator email address associated with our company portal? Contact me via email or phone",Account,Low,synthetic
T00086,Quick question - Can someone help resolve the DLL loading error on Windows 11 when starting the client application? Please advise as soon as possible,Technical Support,Medium,synthetic
T00087,Urgent: Is macOS Sequoia supported? Thanks for ur help!,Product Inquiry,High,synthetic
T00088,System crash ho raha hai export click karte hi error code ERR_502 ke saath. Contact me via email or phone.,Technical Support,Medium,synthetic
T00089,Aa product ma discount milse?,Product Inquiry,Low,synthetic
T00090,"Hello, Desktop software freezing. Kindly look into this matter promptly.",Technical Support,Medium,synthetic
T00091,Quick question - Why am I seeing two charges for the same order 23113 on my bank app? Appreciate a quick update on this.,Billing,Medium,synthetic
T00092,"Hello, How can I change the primary administrator email address associated with our company portal? Urgent attention required.",Account,Medium,synthetic
T00093,App chalne ma problem aave che. Looking forward to hearing back.,Technical Support,Medium,synthetic
T00094,"Dear customer service, Unannounced platform outage during business hours caused direct revenue loss for our company. Thanks for your help!",Complaint,Critical,synthetic
T00095,Aa product ma discount milse? Looking forward to hearing back.,Product Inquiry,Low,synthetic
T00096,"Hey there, Tracking link shows package held at border customs clearance depot. Urgent attention required.",Shipping,Medium,synthetic
T00097,"Hi support team, What are the minimum hardware and RAM requirements for running the server software on Linux? Please advise as soon as possible.",Product Inquiry,Medium,synthetic
T00098,"Hi support team, Bulk license pricing details? Plz respond asap.",Product Inquiry,Low,synthetic
T00099,Urgent: Database connection timeout. Contact me via email or phone.,Technical Support,Critical,synthetic
T00100,"Hi support team, I have been on hold for over 45 minutes without anyone picking up my call. This service is terrible. Urgent attention required.",Complaint,Medium,synthetic
T00101,Kya is software mein custom reporting export option available hai? Kindly look into this matter promptly.,Product Inquiry,Low,synthetic
T00102,"System cancelled my order due to stock shortage, but the money has not been refunded yet. Please advise as soon as possible.",Refund,Medium,synthetic
T00103,"Hey there, I am terminating our contract effective today because key features promised during sales onboarding remain unreleased. Please confirm cancellation of invoice 66244 and remove recorded credit card details. Appreciate a quick update on this.",Cancellation,Medium,synthetic
T00104,"FYI, Tracking number 79593 has been stuck in transit at the hub for over 6 days without progress. Kindly look into this matter promptly",Shipping,Medium,synthetic
T00105,"Hello, I accidentally renewed the wrong tier subscription yesterday. Is it possible to get a refund? Plz respond asap.",Refund,Low,synthetic
T00106,Urgent: Bulk license pricing details? Plz respond asap.,Product Inquiry,High,synthetic
T00107,"Dear customer service, Repeated system downtime and unannounced maintenance windows over the past month have disrupted our operations three times. We demand an immediate explanation from management and SLA service credits. Please advise as soon as possible.",Complaint,Critical,synthetic
T00108,Rude customer agent on call. Looking forward to hearing back.,Complaint,Low,synthetic
T00109,Worst support experience ever. Looking forward to hearing back.,Complaint,Low,synthetic
T00110,Urgent: Server error 500 on submit. Urgent attention required.,Technical Support,Critical,synthetic
T00111,"Hello, Desktop software freezing. Thanks for your help!",Technical Support,Medium,synthetic
T00112,Urgent: Why am I not receiving the SMS two-factor authentication verification code on my registered mobile number? Urgent attention required,Account,High,synthetic
T00113,Plz help - Wrong delivery address on order 45077. Plz respond asap.,Shipping,Medium,synthetic
T00114,Password reset link kaam nahi kar raha. Looking forward to hearing back.,Account,Low,synthetic
T00115,"Hey there, Payment failed but money deducted. Urgent attention required.",Billing,High,synthetic
T00116,Quick question - Ticket closed without resolution. Plz respond asap.,Complaint,Medium,synthetic
T00117,"Hello, Tracking link shows package held at border customs clearance depot. Plz respond asap",Shipping,High,synthetic
T00118,"Hey there, Does product support dark mode? Plz respond asap",Product Inquiry,High,synthetic
T00119,"Hello, Is macOS Sequoia supported? Plz respond asap.",Product Inquiry,Low,synthetic
T00120,"FYI, Single Sign-On (SSO) authentication is throwing a redirect URI error for domain users. Looking forward to hearing back.",Account,High,synthetic
T00121,"Quick question - Wrong item delivered, money back. Kindly look into this matter promptly.",Refund,Medium,synthetic
T00122,"Hi support team, Rude customer agent on call. Looking forward to hearing back.",Complaint,Low,synthetic
T00123,Plz help - Your representative was dismissive and unhelpful when I asked for assistance with system errors. Kindly look into this matter promptly.,Complaint,Low,synthetic
T00124,"Dear customer service, Our backend production database server at 192.168.79.115 is refusing incoming connections with error ERR_502. Urgent attention required.",Technical Support,Critical,synthetic
T00125,"Urgent: I am filing a formal complaint regarding misleading feature advertising on your pricing page. We purchased the business plan based on promised custom integration features, only to discover after onboarding that the API is not included. Please advise as soon as possible",Complaint,High,synthetic
T00126,"Hello, Can I request a live demo session with a product specialist for model PRO-399? Plz respond asap.",Product Inquiry,Low,synthetic
T00127,"Hey there, Do you offer non-profit or educational discounts for team subscription accounts? Urgent attention required.",Product Inquiry,Medium,synthetic
T00128,"Hey there, I am requesting complete account closure and permanent deletion of all personal stored data from ur servers in compliance with privacy regulations. Thanks for your help!",Account,Medium,synthetic
T00129,"Hey there, Ever since updating to version 4.2 yesterday, our entire telemetry team has been unable to access the web portal. The page loads infinitely before displaying an internal server error (HTTP 500). This is blocking active customer operations. Appreciate a quick update on this.",Technical Support,Critical,synthetic
T00130,"Hello, Where to find user documentation? Appreciate a quick update on this.",Product Inquiry,Low,synthetic
T00131,"Hello, Can I request a live demo session with a product specialist for model PRO-102?",Product Inquiry,Low,synthetic
T00132,"Dear customer service, The courier marked my parcel as delivered on the porch, but there is no package outside my house. Urgent attention required.",Shipping,High,synthetic
T00133,"Hi support team, Tracking number 12101 has been stuck in transit at the hub for over 6 days without progress. Thanks for your help!",Shipping,Medium,synthetic
T00134,Urgent: I paid extra for guaranteed next-day air shipping on order 51007 because of an urgent event. It has now been 4 days and the tracking status shows the package is still sitting at the local distribution facility. Please expedite delivery or refund express fees. Kindly look into this matter promptly.,Shipping,High,synthetic
T00135,Aa product ma discount milse? Please advise as soon as possible.,Product Inquiry,Medium,synthetic
T00136,Duplicate charge on statement. Plz respond asap.,Billing,Medium,synthetic
T00137,"Hi support team, What are the minimum hardware and RAM requirements for running the server software on Linux? Urgent attention required",Product Inquiry,High,synthetic
T00138,Parcel delivered bol raha hai par gate pe koi item nahi hai. Plz respond asap.,Shipping,High,synthetic
T00139,Urgent: Requesting refund for order 73421.,Refund,High,synthetic
T00140,Pakka refund kab tak milega order 15269 ka? Looking forward to hearing back.,Refund,Medium,synthetic
T00141,Quick question - Do you offer non-profit or educational discounts for team subscription accounts? Thanks for your help!,Product Inquiry,Low,synthetic
T00142,Quick question - Duplicate charge on statement. Please advise as soon as possible.,Billing,Medium,synthetic
T00143,Account login nahi ho raha hai.,Account,High,synthetic
T00144,"FYI, My parcel box arrived completely crushed with contents damaged during transport. Please advise as soon as possible.",Shipping,High,synthetic
T00145,"Support agent closed my ticket 41632 marking it resolved, even though the bug is still happening! Kindly look into this matter promptly",Complaint,High,synthetic
T00146,Paisa refund karo jaldi. Appreciate a quick update on this.,Refund,Medium,synthetic
T00147,"Hello, Wrong delivery address on order 98323. Plz respond asap.",Shipping,Medium,synthetic
T00148,"Dear customer service, I would like to cancel my monthly subscription effective before the next billing cycle. Urgent attention required.",Cancellation,Medium,synthetic
T00149,"Dear customer service, Turn off auto-renewal.",Cancellation,Low,synthetic
T00150,"Quick question - We are currently evaluating software solutions for a 300-person engineering team. Could you provide a comprehensive comparison document outlining feature differences between the Professional and Enterprise plans, along with volume discount schedules? Thanks for your help!",Product Inquiry,Low,synthetic
T00151,"Hello, Duplicate charge on statement. Urgent attention required.",Billing,Medium,synthetic
T00152,No reply to urgent ticket for 48 hours despite paying for 24/7 premium support SLA. Thanks for your help!,Complaint,High,synthetic
T00153,"Dear customer service, Close my account. Please advise as soon as possible",Cancellation,Medium,synthetic
T00154,"FYI, Tracking not updating for order 25468. Appreciate a quick update on this.",Shipping,Low,synthetic
T00155,Quick question - Account locked after failed logins.,Account,High,synthetic
T00156,"FYI, Requesting refund for order 60222. Kindly look into this matter promptly.",Refund,Medium,synthetic
T00157,"Hi support team, Tracking number 54884 has been stuck in transit at the hub for over 6 days without progress. Contact me via email or phone.",Shipping,Medium,synthetic
T00158,Quick question - Requesting refund for order 72620. Thanks for ur help!,Refund,Medium,synthetic
T00159,"Dear customer service, Where is my pending refund? Appreciate a quick update on this.",Refund,Medium,synthetic
T00160,"Hi support team, Damaged product, refund needed. Urgent attention required.",Refund,Medium,synthetic
T00161,"I placed order 45396 for an enterprise hardware component, but received a completely different consumer product model. Since this does not match the product specification or purchase order, I am returning the package and request a full refund including express shipping charges. Plz respond asap.",Refund,High,synthetic
T00162,Urgent: There is an unrecognized charge of $249.5 on my credit card statement. Thanks for your help!,Billing,High,synthetic
T00163,Urgent: Where is my parcel? Plz respond asap.,Shipping,High,synthetic
T00164,"Hello, The delivery driver left our electronic equipment package in heavy rain outside the warehouse gate without ringing the bell or getting a signature. Water soaked through the box.",Shipping,High,synthetic
T00165,"Hello, Can I request a live demo session with a product specialist for model PRO-249? Thanks for your help!",Product Inquiry,Low,synthetic
T00166,"FYI, I placed order 47683 for an enterprise hardware component, but received a completely different consumer product model. Since this does not match the product specification or purchase order, I am returning the package and request a full refund including express shipping charges.",Refund,High,synthetic
T00167,Quick question - Tracking not updating for order 94531. Kindly look into this matter promptly.,Shipping,Low,synthetic
T00168,Order cancel hone ke baad bhi refund credit nahi hua account mein. Please advise as soon as possible,Refund,Medium,synthetic
T00169,Urgent: Tracking not updating for order 64285. Plz respond asap.,Shipping,High,synthetic
T00170,"Dear customer service, The offline synchronization module fails to push local SQLite records to the cloud database when reconnecting to Wi-Fi. Data remains cached locally without throwing explicit log exceptions. Contact me via email or phone.",Technical Support,Medium,synthetic
T00171,"Hello, Account locked after failed logins. Kindly look into this matter promptly",Account,High,synthetic
T00172,"Dear customer service, Worst support experience ever. Appreciate a quick update on this",Complaint,Low,synthetic
T00173,Quick question - Why am I not receiving the SMS two-factor authentication verification code on my registered mobile number? Thanks for your help!,Account,Medium,synthetic
T00174,"Hello, Worst support experience ever. Urgent attention required.",Complaint,Medium,synthetic
T00175,"Hey there, Single Sign-On (SSO) authentication is throwing a redirect URI error for domain users. Appreciate a quick update on this.",Account,High,synthetic
T00176,"Dear customer service, Can I request a live demo session with a product specialist for model PRO-599? Urgent attention required.",Product Inquiry,Medium,synthetic
T00177,"FYI, Your representative was dismissive and unhelpful when I asked for assistance with system errors. Please advise as soon as possible.",Complaint,Medium,synthetic
T00178,"FYI, Worst support experience ever. Contact me via email or phone.",Complaint,Low,synthetic
T00179,"48 ghante se koi response nahi aaya, service bohot badhiya nahi hai. Urgent attention required.",Complaint,Medium,synthetic
T00180,"Hello, VPN connection repeatedly drops every few minutes when connected to office network. Appreciate a quick update on this.",Technical Support,High,synthetic
T00181,"Hey there, Cannot log into account. Looking forward to hearing back.",Account,High,synthetic
T00182,"Dear customer service, Where is my pending refund? Urgent attention required.",Refund,Medium,synthetic
T00183,"FYI, Why am I seeing two charges for the same order 51515 on my bank app? Kindly look into this matter promptly.",Billing,Medium,synthetic
T00184,"Hello, Rude customer agent on call. Thanks for your help!",Complaint,Low,synthetic
T00185,"Hi support team, Our organization was charged a late fee penalty of $249.5 despite completing the wire transfer prior to the due date. Attached is our bank transaction confirmation for your accounts team to verify and credit back. Thanks for your help!",Billing,Medium,synthetic
T00186,Quick question - I returned package for order 34453 two weeks ago but haven't seen the refund credited to my bank account. Plz respond asap.,Refund,Medium,synthetic
T00187,I would like to cancel my monthly subscription effective before the next billing cycle. Appreciate a quick update on this,Cancellation,Low,synthetic
T00188,"Hi support team, I am requesting complete account closure and permanent deletion of all personal stored data from your servers in compliance with privacy regulations. Thanks for your help!",Account,Medium,synthetic
T00189,Plz help - Tracking number 96041 has been stuck in transit at the hub for over 6 days without progress,Shipping,Medium,synthetic
T00190,"Hey there, Does your REST API support webhook event subscriptions for real-time order status updates, and where can we access the OpenAPI / Swagger documentation for testing? Appreciate a quick update on this.",Product Inquiry,Low,synthetic
T00191,"Dear customer service, Server error 500 on submit. Please advise as soon as possible.",Technical Support,Critical,synthetic
T00192,Quick question - Can you please send me an official VAT receipt and tax invoice for billing period Jan 2026? Urgent attention required.,Billing,Medium,synthetic
T00193,"FYI, Unrecognized login notification received. Looking forward to hearing back.",Account,Critical,synthetic
T00194,"Hey there, I am filing a formal complaint regarding misleading feature advertising on your pricing page. We purchased the business plan based on promised custom integration features, only to discover after onboarding that the API is not included. Appreciate a quick update on this.",Complaint,Medium,synthetic
T00195,"Hey there, The item arrived with broken glass and torn packaging. I demand an immediate full refund. Plz respond asap.",Refund,High,synthetic
T00196,Ticket closed without resolution. Urgent attention required.,Complaint,Medium,synthetic
T00197,"Hi support team, Tracking number 33597 has been stuck in transit at the hub for over 6 days without progress. Please advise as soon as possible.",Shipping,Medium,synthetic
T00198,"Hey there, Is macOS Sequoia supported? Contact me via email or phone.",Product Inquiry,Low,synthetic
T00199,"48 ghante se koi response nahi aaya, service bohot badhiya nahi hai. Contact me via email or phone.",Complaint,Medium,synthetic
T00200,Parcel delivered bol raha hai par gate pe koi item nahi hai. Looking forward to hearing back,Shipping,High,synthetic
T00201,Urgent: No reply to urgent ticket for 48 hours despite paying for 24/7 premium support SLA. Looking forward to hearing back.,Complaint,High,synthetic
T00202,Urgent: Desktop software freezing. Looking forward to hearing back.,Technical Support,High,synthetic
T00203,"FYI, Please turn off automatic renewal for account 52764 so I am not charged next month. Please advise as soon as possible.",Cancellation,Medium,synthetic
T00204,"Dear customer service, Is macOS Sequoia supported? Looking forward to hearing back.",Product Inquiry,Low,synthetic
T00205,"Hey there, Forgot password link expired. Plz respond asap",Account,High,synthetic
T00206,"Dear customer service, Ur representative was dismissive and unhelpful when I asked for assistance with system errors. Plz respond asap.",Complaint,Low,synthetic
T00207,System crash ho raha hai export click karte hi error code AUTH_DENIED ke saath.,Technical Support,Medium,synthetic
T00208,I am terminating our contract effective today because key features promised during sales onboarding remain unreleased. Plz confirm cancellation of invoice 82816 and remove recorded credit card details. Contact me via email or phone.,Cancellation,Medium,synthetic
T00209,"Quick question - Does your REST API support webhook event subscriptions for real-time order status updates, and where can we access the OpenAPI / Swagger documentation for testing? Thanks for your help!",Product Inquiry,Low,synthetic
T00210,"Account balance se double amount deduct ho gaya, please check billing statement. Plz respond asap.",Billing,Medium,synthetic
T00211,"Hello, Unannounced platform outage during business hours caused direct revenue loss for our company.",Complaint,Critical,synthetic
T00212,"Dear customer service, Wrong delivery address on order 66202. Appreciate a quick update on this.",Shipping,Medium,synthetic
T00213,Worst support experience ever. Please advise as soon as possible.,Complaint,Medium,synthetic
T00214,"Dear customer service, I checked my credit card account this morning and noticed two separate line items for $99.99 on order 79878. I only submitted the checkout form once, so one of these transactions is clearly an error. Please reverse the duplicate billing immediately. Appreciate a quick update on this.",Billing,High,synthetic
T00215,"Hey there, Router blinking red, internet down. Looking forward to hearing back.",Technical Support,High,synthetic
T00216,"Hi support team, Unannounced platform outage during business hours caused direct revenue loss for our company. Looking forward to hearing back.",Complaint,Critical,synthetic
T00217,"Hi support team, Can someone help resolve the DLL loading error on Windows 11 when starting the client application? Please advise as soon as possible.",Technical Support,Medium,synthetic
T00218,"Quick question - We are currently evaluating software solutions for a 300-person engineering team. Could you provide a comprehensive comparison document outlining feature differences between the Professional and Enterprise plans, along with volume discount schedules? Appreciate a quick update on this",Product Inquiry,Low,synthetic
T00219,"Hello, Can someone help resolve the DLL loading error on Windows 11 when starting the client application? Plz respond asap.",Technical Support,Medium,synthetic
T00220,"Hi support team, Do you offer non-profit or educational discounts for team subscription accounts?",Product Inquiry,Low,synthetic
T00221,Next month billing se pehle mera plan cancel kar do please. Plz respond asap.,Cancellation,Low,synthetic
T00222,"Hi support team, What are the minimum hardware and RAM requirements for running the server software on Linux? Plz respond asap.",Product Inquiry,Low,synthetic
T00223,"Account balance se double amount deduct ho gaya, please check billing statement. Thanks for your help!",Billing,Medium,synthetic
T00224,"Hey there, Service downtime ruined our demo. Contact me via email or phone",Complaint,Critical,synthetic
T00225,Urgent: Please turn off automatic renewal for account 13337 so I am not charged next month. Kindly look into this matter promptly.,Cancellation,High,synthetic
T00226,"Dear customer service, Duplicate charge on statement. Appreciate a quick update on this.",Billing,Medium,synthetic
T00227,Plz help - Bulk license pricing details? Plz respond asap.,Product Inquiry,Low,synthetic
T00228,"Hi support team, Does your REST API support webhook event subscriptions for real-time order status updates, and where can we access the OpenAPI / Swagger documentation for testing? Contact me via email or phone",Product Inquiry,Low,synthetic
T00229,"FYI, Forgot password link expired.",Account,Low,synthetic
T00230,Quick question - Unannounced platform outage during business hours caused direct revenue loss for our company. Appreciate a quick update on this.,Complaint,Critical,synthetic
T00231,"FYI, I would like to cancel my monthly subscription effective before the next billing cycle. Appreciate a quick update on this.",Cancellation,Low,synthetic
T00232,"Hey there, Where is my parcel? Appreciate a quick update on this.",Shipping,Low,synthetic
T00233,Quick question - I would like to cancel my monthly subscription effective before the next billing cycle. Thanks for your help!,Cancellation,Low,synthetic
T00234,"Hello, Wrong delivery address on order 42433. Kindly look into this matter promptly.",Shipping,Medium,synthetic
T00235,Quick question - Our organization was charged a late fee penalty of $19.99 despite completing the wire transfer prior to the due date. Attached is our bank transaction confirmation for your accounts team to verify and credit back. Looking forward to hearing back,Billing,Medium,synthetic
T00236,"FYI, Close my account. Contact me via email or phone.",Cancellation,Medium,synthetic
T00237,"Hi support team, The offline synchronization module fails to push local SQLite records to the cloud database when reconnecting to Wi-Fi. Data remains cached locally without throwing explicit log exceptions. Urgent attention required.",Technical Support,Medium,synthetic
T00238,"Urgent: Damaged product, refund needed. Plz respond asap.",Refund,High,synthetic
T00239,Urgent: Unrecognized login notification received.,Account,Critical,synthetic
T00240,Plz help - Why am I seeing two charges for the same order 75762 on my bank app? Kindly look into this matter promptly.,Billing,Medium,synthetic
T00241,"Hey there, How do I cancel my pending order before it moves to the warehouse packing stage? Urgent attention required.",Cancellation,Medium,synthetic
T00242,Quick question - Close my account. Urgent attention required.,Cancellation,Medium,synthetic
T00243,"I am filing a formal complaint regarding misleading feature advertising on your pricing page. We purchased the business plan based on promised custom integration features, only to discover after onboarding that the API is not included. Urgent attention required.",Complaint,Medium,synthetic
T00244,"Hi support team, We are currently evaluating software solutions for a 300-person engineering team. Could you provide a comprehensive comparison document outlining feature differences between the Professional and Enterprise plans, along with volume discount schedules?",Product Inquiry,Low,synthetic
T00245,Repeated system downtime and unannounced maintenance windows over the past month have disrupted our operations three times. We demand an immediate explanation from management and SLA service credits. Urgent attention required.,Complaint,Critical,synthetic
T00246,"Hello, Account locked after failed logins. Contact me via email or phone.",Account,High,synthetic
T00247,"I am filing a formal complaint regarding misleading feature advertising on your pricing page. We purchased the business plan based on promised custom integration features, only to discover after onboarding that the API is not included. Plz respond asap.",Complaint,Medium,synthetic
T00248,Account delete karvu che.,Cancellation,Medium,synthetic
T00249,"FYI, Unannounced platform outage during business hours caused direct revenue loss for our company. Looking forward to hearing back.",Complaint,Critical,synthetic
T00250,Pakka refund kab tak milega order 10373 ka? Plz respond asap.,Refund,Medium,synthetic
T00251,Mera payment duplicate kat gaya hai. Kindly look into this matter promptly.,Billing,Medium,synthetic
T00252,"Dear customer service, Close my account. Appreciate a quick update on this.",Cancellation,Medium,synthetic
T00253,Paisa refund karo jaldi. Looking forward to hearing back.,Refund,Medium,synthetic
T00254,"Hello, Our scheduled virtual event was ruined due to continuous platform outages on your side. We paid $149.0 for premium hosting and request an immediate pro-rated credit refund to our corporate account balance. Looking forward to hearing back.",Refund,Medium,synthetic
T00255,Can I update my shipping delivery address to apartment 4B before the order dispatches? Appreciate a quick update on this.,Shipping,Medium,synthetic
T00256,"Dear customer service, Server error 500 on submit. Urgent attention required.",Technical Support,Critical,synthetic
T00257,Urgent: Do you offer non-profit or educational discounts for team subscription accounts?,Product Inquiry,High,synthetic
T00258,"48 ghante se koi response nahi aaya, service bohot badhiya nahi hai. Kindly look into this matter promptly.",Complaint,Medium,synthetic
T00259,There is an unrecognized charge of $19.99 on my credit card statement. Kindly look into this matter promptly.,Billing,Critical,synthetic
T00260,Account login nahi ho raha hai. Plz respond asap.,Account,High,synthetic
T00261,Account delete karvu che. Urgent attention required.,Cancellation,Medium,synthetic
T00262,Quick question - Your representative was dismissive and unhelpful when I asked for assistance with system errors. Contact me via email or phone,Complaint,Low,synthetic
T00263,"FYI, Plan cancellation request. Thanks for your help!",Cancellation,Low,synthetic
T00264,"Hello, What are the minimum hardware and RAM requirements for running the server software on Linux? Please advise as soon as possible.",Product Inquiry,Medium,synthetic
T00265,Account locked after failed logins. Kindly look into this matter promptly,Account,High,synthetic
T00266,Quick question - Where to find user documentation? Looking forward to hearing back.,Product Inquiry,Low,synthetic
T00267,Plz help - I am terminating our contract effective today because key features promised during sales onboarding remain unreleased. Please confirm cancellation of invoice 60100 and remove recorded credit card details. Kindly look into this matter promptly.,Cancellation,Medium,synthetic
T00268,"FYI, We signed up under a free trial promotional banner, yet our company credit card was billed $249.5 on day one. We expect a full reversal of this unauthorized charge and correction of our subscription tier. Urgent attention required.",Billing,Critical,synthetic
T00269,Plz help - Tracking not updating for order 61221. Looking forward to hearing back.,Shipping,Low,synthetic
T00270,"Dear customer service, Router blinking red, internet down. Plz respond asap.",Technical Support,High,synthetic
T00271,Parcel delivered bol raha hai par gate pe koi item nahi hai. Plz respond asap,Shipping,High,synthetic
T00272,Kharaab service experience che. Urgent attention required.,Complaint,Medium,synthetic
T00273,Quick question - Wrong delivery address on order 58893. Contact me via email or phone.,Shipping,Medium,synthetic
T00274,"Hey there, We are migrating to a different vendor and request complete contract termination. Contact me via email or phone",Cancellation,Medium,synthetic
T00275,"Hello, We are observing consistent memory leaks in the background daemon process on node 192.168.215.5. Memory utilization climbs to 99% within two hours of service start, eventually forcing a kernel panic and abrupt system reboot. Urgent attention required.",Technical Support,Critical,synthetic
T00276,"FYI, Unrecognized login notification received. Kindly look into this matter promptly.",Account,Critical,synthetic
T00277,"Dear customer service, System cancelled my order due to stock shortage, but the money has not been refunded yet. Kindly look into this matter promptly.",Refund,Medium,synthetic
T00278,Delivery kab tak aayegi? Thanks for your help!,Shipping,Low,synthetic
T00279,"Dear customer service, Page loading times have degraded significantly after the latest patch, causing request timeouts. Looking forward to hearing back",Technical Support,Medium,synthetic
T00280,Refund process nahi hua abhi tak. Urgent attention required.,Refund,Medium,synthetic
T00281,Billing ma double charge thayo che. Contact me via email or phone.,Billing,Medium,synthetic
T00282,"FYI, Forgot password link expired. Looking forward to hearing back.",Account,Low,synthetic
T00283,"Hi support team, Our backend production database server at 192.168.231.233 is refusing incoming connections with error ERR_502. Please advise as soon as possible.",Technical Support,Critical,synthetic
T00284,What are the minimum hardware and RAM requirements for running the server software on Linux? Thanks for your help!,Product Inquiry,Low,synthetic
T00285,Delivery kab tak aayegi? Looking forward to hearing back.,Shipping,Low,synthetic
T00286,"Hey there, Rude customer agent on call. Contact me via email or phone.",Complaint,Low,synthetic
T00287,"Dear customer service, Please help unlock my account after entering wrong password three times. Thanks for your help!",Account,Low,synthetic
T00288,"Dear customer service, The item arrived with broken glass and torn packaging. I demand an immediate full refund. Plz respond asap.",Refund,High,synthetic
T00289,"Hello, I paid extra for guaranteed next-day air shipping on order 81673 because of an urgent event. It has now been 4 days and the tracking status shows the package is still sitting at the local distribution facility. Please expedite delivery or refund express fees.",Shipping,High,synthetic
T00290,Account login nahi ho raha hai. Appreciate a quick update on this,Account,High,synthetic
T00291,"Dear customer service, Package marked delivered but missing. Looking forward to hearing back.",Shipping,Critical,synthetic
T00292,"Hello, Single Sign-On (SSO) authentication is throwing a redirect URI error for domain users. Kindly look into this matter promptly.",Account,High,synthetic
T00293,"Dear customer service, Close my account. Contact me via email or phone.",Cancellation,Medium,synthetic
T00294,"Hey there, The offline synchronization module fails to push local SQLite records to the cloud database when reconnecting to Wi-Fi. Data remains cached locally without throwing explicit log exceptions. Urgent attention required",Technical Support,High,synthetic
T00295,"Dear customer service, App crashes on launch. Urgent attention required",Technical Support,High,synthetic
T00296,Urgent: Bulk license pricing details? Kindly look into this matter promptly.,Product Inquiry,High,synthetic
T00297,I am requesting complete account closure and permanent deletion of all personal stored data from ur servers in compliance with privacy regulations.,Account,Medium,synthetic
T00298,Urgent: Do you offer non-profit or educational discounts for team subscription accounts? Contact me via email or phone.,Product Inquiry,High,synthetic
T00299,Quick question - Forgot password link expired. Urgent attention required.,Account,Medium,synthetic
T00300,"Hi support team, Desktop software freezing. Plz respond asap.",Technical Support,Medium,synthetic
T00301,Refund process nahi hua abhi tak. Plz respond asap.,Refund,Medium,synthetic
T00302,"Hi support team, Where is my pending refund? Appreciate a quick update on this.",Refund,Medium,synthetic
T00303,"Hey there, Do you offer non-profit or educational discounts for team subscription accounts? Urgent attention required",Product Inquiry,High,synthetic
T00304,Urgent: Unrecognized login notification received. Appreciate a quick update on this.,Account,Critical,synthetic
T00305,"FYI, I have been on hold for over 45 minutes without anyone picking up my call. This service is terrible. Appreciate a quick update on this.",Complaint,Medium,synthetic
T00306,"Hey there, Ticket closed without resolution. Appreciate a quick update on this.",Complaint,Medium,synthetic
T00307,Urgent: I accidentally renewed the wrong tier subscription yesterday. Is it possible to get a refund? Appreciate a quick update on this.,Refund,High,synthetic
T00308,"Hi support team, The courier marked my parcel as delivered on the porch, but there is no package outside my house. Looking forward to hearing back.",Shipping,High,synthetic
T00309,"FYI, I accidentally renewed the wrong tier subscription yesterday. Is it possible to get a refund? Plz respond asap.",Refund,Low,synthetic
T00310,"Dear customer service, Please turn off automatic renewal for account 28045 so I am not charged next month. Thanks for your help!",Cancellation,Low,synthetic
T00311,"Hello, We are observing consistent memory leaks in the background daemon process on node 192.168.223.181. Memory utilization climbs to 99% within two hours of service start, eventually forcing a kernel panic and abrupt system reboot. Kindly look into this matter promptly.",Technical Support,Critical,synthetic
T00312,"Hi support team, Wrong item delivered, money back. Looking forward to hearing back.",Refund,Medium,synthetic
T00313,"Hey there, Turn off auto-renewal. Appreciate a quick update on this.",Cancellation,Low,synthetic
T00314,"Hey there, Close my account",Cancellation,Medium,synthetic
T00315,"Hey there, Due to budget cuts in our organization, we can no longer maintain our active subscription plan. Please process account cancellation immediately and send written confirmation that auto-renew has been disabled. Thanks for your help!",Cancellation,High,synthetic
T00316,"Hello, Single Sign-On (SSO) authentication is throwing a redirect URI error for domain users. Urgent attention required.",Account,High,synthetic
T00317,Order cancel hone ke baad bhi refund credit nahi hua account mein. Kindly look into this matter promptly.,Refund,Medium,synthetic
T00318,"Dear customer service, Why does the mobile application crash every time I try to open the camera or upload a document? Kindly look into this matter promptly.",Technical Support,Medium,synthetic
T00319,Rude customer agent on call. Please advise as soon as possible.,Complaint,Medium,synthetic
T00320,Plz help - Tracking number 11936 has been stuck in transit at the hub for over 6 days without progress. Contact me via email or phone.,Shipping,Medium,synthetic
T00321,Urgent: App crashes on launch. Kindly look into this matter promptly.,Technical Support,High,synthetic
T00322,"Dear customer service, 2FA code not received. Thanks for ur help!",Account,Medium,synthetic
T00323,"FYI, Our backend production database server at 192.168.115.60 is refusing incoming connections with error NULL_POINTER_EXC. Kindly look into this matter promptly.",Technical Support,Critical,synthetic
T00324,We are migrating to a different vendor and request complete contract termination. Kindly look into this matter promptly.,Cancellation,Medium,synthetic
T00325,"Hello, Can you please send me an official VAT receipt and tax invoice for billing period Q1 2026? Appreciate a quick update on this.",Billing,Low,synthetic
T00326,Pakka refund kab tak milega order 74443 ka? Please advise as soon as possible.,Refund,Medium,synthetic
T00327,Package marked delivered but missing. Please advise as soon as possible.,Shipping,Critical,synthetic
T00328,Refund process nahi hua abhi tak. Kindly look into this matter promptly.,Refund,Medium,synthetic
T00329,"Hey there, Where to find user documentation? Looking forward to hearing back.",Product Inquiry,Low,synthetic
T00330,Order cancel hone ke baad bhi refund credit nahi hua account mein. Looking forward to hearing back,Refund,Medium,synthetic
T00331,Mera payment duplicate kat gaya hai. Thanks for your help!,Billing,Medium,synthetic
T00332,Quick question - Your representative was dismissive and unhelpful when I asked for assistance with system errors. Urgent attention required.,Complaint,Medium,synthetic
T00333,Quick question - Could you tell me if your platform supports SAML 2.0 Single Sign-On for enterprise users? Looking forward to hearing back.,Product Inquiry,Low,synthetic
T00334,"Hello, Please help unlock my account after entering wrong password three times. Contact me via email or phone.",Account,Low,synthetic
T00335,Delivery kab tak aayegi? Please advise as soon as possible.,Shipping,Medium,synthetic
T00336,Refund process nahi hua abhi tak. Appreciate a quick update on this,Refund,Medium,synthetic
T00337,Plz help - The cancellation button is missing from my account billing settings page. Please cancel for me. Contact me via email or phone.,Cancellation,Medium,synthetic
T00338,"Hey there, I would like to cancel my monthly subscription effective before the next billing cycle. Appreciate a quick update on this.",Cancellation,Low,synthetic
T00339,"Hey there, Can you please send me an official VAT receipt and tax invoice for billing period Jan 2026? Contact me via email or phone.",Billing,Low,synthetic
T00340,Paisa refund karo jaldi. Thanks for your help!,Refund,Medium,synthetic
T00341,"Hi support team, Do you offer non-profit or educational discounts for team subscription accounts? Thanks for your help!",Product Inquiry,Low,synthetic
T00342,"FYI, I received an email stating my password was changed from an unknown location, but I did not initiate this. Plz respond asap.",Account,Critical,synthetic
T00343,"Hello, Can I update my shipping delivery address to apartment 4B before the order dispatches? Urgent attention required.",Shipping,Medium,synthetic
T00344,Urgent: Worst support experience ever. Thanks for your help!,Complaint,High,synthetic
T00345,Urgent: Do you offer non-profit or educational discounts for team subscription accounts? Urgent attention required,Product Inquiry,High,synthetic
T00346,Account login nahi ho raha hai,Account,High,synthetic
T00347,2FA code not received.,Account,Medium,synthetic
T00348,"Dear customer service, Do you offer non-profit or educational discounts for team subscription accounts? Kindly look into this matter promptly.",Product Inquiry,Low,synthetic
T00349,"Plz help - Page loading times have degraded significantly after the latest patch, causing request timeouts. Thanks for your help!",Technical Support,Medium,synthetic
T00350,Plz help - Bulk license pricing details? Looking forward to hearing back.,Product Inquiry,Low,synthetic
T00351,Forgot password link expired. Please advise as soon as possible.,Account,Medium,synthetic
T00352,"Wrong item delivered, money back.",Refund,Medium,synthetic
T00353,Kya is software mein custom reporting export option available hai? Contact me via email or phone.,Product Inquiry,Low,synthetic
T00354,"Hello, Close my account. Contact me via email or phone.",Cancellation,Medium,synthetic
T00355,Mera payment duplicate kat gaya hai. Thanks for ur help!,Billing,Medium,synthetic
T00356,Package marked delivered but missing. Thanks for your help!,Shipping,Critical,synthetic
T00357,"Hi support team, Can I update my shipping delivery address to apartment 4B before the order dispatches?",Shipping,Medium,synthetic
T00358,"Hi support team, Bulk license pricing details? Contact me via email or phone.",Product Inquiry,Low,synthetic
T00359,"Hello, Our team administrator suddenly lost access to the master workspace account after enabling SAML 2.0 SSO. The login screen loops indefinitely between the identity provider and portal without authenticating. We need urgent admin intervention. Urgent attention required.",Account,Critical,synthetic
T00360,Kya is software mein custom reporting export option available hai? Urgent attention required.,Product Inquiry,Medium,synthetic
T00361,Kharaab service experience che. Plz respond asap.,Complaint,Low,synthetic
T00362,Delivery kab tak aayegi? Contact me via email or phone.,Shipping,Low,synthetic
T00363,"Hi support team, There is an unrecognized charge of $499.0 on my credit card statement. Plz respond asap.",Billing,Critical,synthetic
T00364,I paid extra for guaranteed next-day air shipping on order 97251 because of an urgent event. It has now been 4 days and the tracking status shows the package is still sitting at the local distribution facility. Please expedite delivery or refund express fees. Looking forward to hearing back.,Shipping,High,synthetic
T00365,"Hello, Service downtime ruined our demo. Thanks for your help!",Complaint,Critical,synthetic
T00366,Quick question - Do you offer non-profit or educational discounts for team subscription accounts? Kindly look into this matter promptly.,Product Inquiry,Low,synthetic
T00367,"Hello, Please turn off automatic renewal for account 84577 so I am not charged next month. Appreciate a quick update on this.",Cancellation,Low,synthetic
T00368,Plz help - Server error 500 on submit. Plz respond asap.,Technical Support,Critical,synthetic
T00369,Mera payment duplicate kat gaya hai.,Billing,Medium,synthetic
T00370,Plz help - Server error 500 on submit. Looking forward to hearing back,Technical Support,Critical,synthetic
T00371,Payment failed but money deducted. Kindly look into this matter promptly.,Billing,High,synthetic
T00372,"Hi support team, Can someone help resolve the DLL loading error on Windows 11 when starting the client application? Looking forward to hearing back.",Technical Support,Medium,synthetic
T00373,Plz help - Cancel subscription immediately. Please advise as soon as possible.,Cancellation,High,synthetic
T00374,"Dear customer service, Damaged product, refund needed. Urgent attention required",Refund,High,synthetic
T00375,"Quick question - Support agent closed my ticket 99426 marking it resolved, even though the bug is still happening!",Complaint,High,synthetic
T00376,"Hi support team, Can I request a live demo session with a product specialist for model PRO-455? Looking forward to hearing back.",Product Inquiry,Low,synthetic
T00377,"Hey there, Our backend production database server at 192.168.29.251 is refusing incoming connections with error AUTH_DENIED. Plz respond asap.",Technical Support,Critical,synthetic
T00378,"FYI, Please help unlock my account after entering wrong password three times. Urgent attention required.",Account,Medium,synthetic
T00379,Pakka refund kab tak milega order 42947 ka? Kindly look into this matter promptly.,Refund,Medium,synthetic
T00380,Ticket closed without resolution.,Complaint,Medium,synthetic
T00381,Pakka refund kab tak milega order 27765 ka? Please advise as soon as possible.,Refund,Medium,synthetic
T00382,Kripya invoice receipt email ID par bhej dijiye.,Billing,Low,synthetic
T00383,"FYI, Unrecognized login notification received. Kindly look into this matter promptly",Account,Critical,synthetic
T00384,"FYI, Router blinking red, internet down. Looking forward to hearing back",Technical Support,High,synthetic
T00385,"Hey there, Can I update my shipping delivery address to apartment 4B before the order dispatches? Kindly look into this matter promptly.",Shipping,Medium,synthetic
T00386,"Dear customer service, Service downtime ruined our demo. Plz respond asap.",Complaint,Critical,synthetic
T00387,System crash ho raha hai export click karte hi error code NULL_POINTER_EXC ke saath. Please advise as soon as possible.,Technical Support,Medium,synthetic
T00388,"Plz help - Damaged product, refund needed. Thanks for your help!",Refund,Medium,synthetic
T00389,"Hi support team, App crashes on launch. Looking forward to hearing back.",Technical Support,Medium,synthetic
T00390,Quick question - VPN connection repeatedly drops every few minutes when connected to office network. Please advise as soon as possible.,Technical Support,High,synthetic
T00391,"Urgent: I received an email stating my password was changed from an unknown location, but I did not initiate this. Thanks for your help!",Account,High,synthetic
T00392,Plz help - Rude customer agent on call. Urgent attention required.,Complaint,Medium,synthetic
T00393,"Hello, Bulk license pricing details? Plz advise as soon as possible.",Product Inquiry,Medium,synthetic
T00394,"Dear customer service, I paid extra for guaranteed next-day air shipping on order 68617 because of an urgent event. It has now been 4 days and the tracking status shows the package is still sitting at the local distribution facility. Please expedite delivery or refund express fees. Kindly look into this matter promptly.",Shipping,High,synthetic
T00395,Quick question - Forgot password link expired. Thanks for your help!,Account,Low,synthetic
T00396,"Hello, Turn off auto-renewal. Please advise as soon as possible.",Cancellation,Medium,synthetic
T00397,"Hi support team, Why am I not receiving the SMS two-factor authentication verification code on my registered mobile number? Kindly look into this matter promptly.",Account,Medium,synthetic
T00398,Quick question - Wrong delivery address on order 87145. Looking forward to hearing back.,Shipping,Medium,synthetic
T00399,"FYI, Is macOS Sequoia supported? Contact me via email or phone.",Product Inquiry,Low,synthetic
T00400,"Hello, We are currently evaluating software solutions for a 300-person engineering team. Could u provide a comprehensive comparison document outlining feature differences between the Professional and Enterprise plans, along with volume discount schedules?",Product Inquiry,Low,synthetic
T00401,Plz help - Could you tell me if your platform supports SAML 2.0 Single Sign-On for enterprise users?,Product Inquiry,Low,synthetic
T00402,"Hey there, Can I request a live demo session with a product specialist for model PRO-894? Please advise as soon as possible.",Product Inquiry,Medium,synthetic
T00403,"Hi support team, Could you tell me if your platform supports SAML 2.0 Single Sign-On for enterprise users? Please advise as soon as possible.",Product Inquiry,Medium,synthetic
T00404,Quick question - Where is my parcel? Plz respond asap,Shipping,High,synthetic
T00405,"Dear customer service, I placed order 11804 for an enterprise hardware component, but received a completely different consumer product model. Since this does not match the product specification or purchase order, I am returning the package and request a full refund including express shipping charges. Plz respond asap.",Refund,High,synthetic
T00406,Quick question - Single Sign-On (SSO) authentication is throwing a redirect URI error for domain users. Kindly look into this matter promptly.,Account,High,synthetic
T00407,Plz help - I paid extra for guaranteed next-day air shipping on order 70317 because of an urgent event. It has now been 4 days and the tracking status shows the package is still sitting at the local distribution facility. Please expedite delivery or refund express fees. Contact me via email or phone.,Shipping,High,synthetic
T00408,"Account balance se double amount deduct ho gaya, please check billing statement. Contact me via email or phone.",Billing,Medium,synthetic
T00409,Urgent: What are the minimum hardware and RAM requirements for running the server software on Linux? Urgent attention required.,Product Inquiry,High,synthetic
T00410,"Dear customer service, Unannounced platform outage during business hours caused direct revenue loss for our company. Thanks for ur help!",Complaint,Critical,synthetic
T00411,"Page loading times have degraded significantly after the latest patch, causing request timeouts. Looking forward to hearing back.",Technical Support,Medium,synthetic
T00412,Urgent: Single Sign-On (SSO) authentication is throwing a redirect URI error for domain users. Kindly look into this matter promptly.,Account,High,synthetic
T00413,"Hi support team, What are the minimum hardware and RAM requirements for running the server software on Linux? Looking forward to hearing back.",Product Inquiry,Low,synthetic
T00414,Account login nahi ho raha hai. Appreciate a quick update on this.,Account,High,synthetic
T00415,"Hi support team, We signed up under a free trial promotional banner, yet our company credit card was billed $499.0 on day one. We expect a full reversal of this unauthorized charge and correction of our subscription tier. Looking forward to hearing back.",Billing,Critical,synthetic
T00416,Plz help - Could you tell me if your platform supports SAML 2.0 Single Sign-On for enterprise users? Looking forward to hearing back.,Product Inquiry,Low,synthetic
T00417,"Dear customer service, Cancel subscription immediately.",Cancellation,High,synthetic
T00418,Quick question - Unrecognized login notification received.,Account,Critical,synthetic
T00419,What are the minimum hardware and RAM requirements for running the server software on Linux? Thanks for ur help!,Product Inquiry,Low,synthetic
T00420,Order cancel hone ke baad bhi refund credit nahi hua account mein. Thanks for your help!,Refund,Medium,synthetic
T00421,"Hi support team, I have been on hold for over 45 minutes w/out anyone picking up my call. This service is terrible. Plz respond asap.",Complaint,Medium,synthetic
T00422,"Hello, Our scheduled virtual event was ruined due to continuous platform outages on ur side. We paid $19.99 for premium hosting and request an immediate pro-rated credit refund to our corporate account balance. Looking forward to hearing back.",Refund,Medium,synthetic
T00423,Quick question - The cancellation button is missing from my account billing settings page. Please cancel for me. Looking forward to hearing back.,Cancellation,Medium,synthetic
T00424,"Plz help - I am filing a formal complaint regarding misleading feature advertising on your pricing page. We purchased the business plan based on promised custom integration features, only to discover after onboarding that the API is not included. Please advise as soon as possible.",Complaint,Medium,synthetic
T00425,"Hello, Repeated system downtime and unannounced maintenance windows over the past month have disrupted our operations three times. We demand an immediate explanation from management and SLA service credits. Kindly look into this matter promptly.",Complaint,Critical,synthetic
T00426,"Hello, The cancellation button is missing from my account billing settings page. Please cancel for me. Thanks for your help!",Cancellation,Medium,synthetic
T00427,"Dear customer service, Where is my parcel? Contact me via email or phone.",Shipping,Low,synthetic
T00428,"Hey there, Plz help unlock my account after entering wrong password three times. Appreciate a quick update on this.",Account,Low,synthetic
T00429,Quick question - The cancellation button is missing from my account billing settings page. Please cancel for me. Appreciate a quick update on this.,Cancellation,Medium,synthetic
T00430,"Hello, We are observing consistent memory leaks in the background daemon process on node 192.168.195.212. Memory utilization climbs to 99% within two hours of service start, eventually forcing a kernel panic and abrupt system reboot. Urgent attention required.",Technical Support,Critical,synthetic
T00431,"Hi support team, We are migrating to a different vendor and request complete contract termination. Kindly look into this matter promptly",Cancellation,Medium,synthetic
T00432,Parcel delivered bol raha hai par gate pe koi item nahi hai.,Shipping,High,synthetic
T00433,"Hello, Does the cloud storage infrastructure comply w/ SOC2 and HIPAA security certifications? Plz respond asap.",Product Inquiry,Medium,synthetic
T00434,Urgent: I paid extra for guaranteed next-day air shipping on order 55935 because of an urgent event. It has now been 4 days and the tracking status shows the package is still sitting at the local distribution facility. Please expedite delivery or refund express fees. Urgent attention required.,Shipping,High,synthetic
T00435,"FYI, Can I update my shipping delivery address to apartment 4B before the order dispatches? Kindly look into this matter promptly.",Shipping,Medium,synthetic
T00436,Plz help - Unannounced platform outage during business hours caused direct revenue loss for our company.,Complaint,Critical,synthetic
T00437,"Hi support team, Our backend production database server at 192.168.175.144 is refusing incoming connections with error SOCKET_TIMEOUT. Looking forward to hearing back.",Technical Support,Critical,synthetic
T00438,Quick question - Where is my pending refund?,Refund,Medium,synthetic
T00439,No reply to urgent ticket for 48 hours despite paying for 24/7 premium support SLA. Looking forward to hearing back,Complaint,High,synthetic
T00440,"Hi support team, My parcel box arrived completely crushed with contents damaged during transport. Kindly look into this matter promptly.",Shipping,High,synthetic
T00441,Quick question - Please help unlock my account after entering wrong password three times. Thanks for your help!,Account,Low,synthetic
T00442,"Quick question - Due to budget cuts in our organization, we can no longer maintain our active subscription plan. Please process account cancellation immediately and send written confirmation that auto-renew has been disabled. Please advise as soon as possible.",Cancellation,High,synthetic
T00443,Refund process nahi hua abhi tak.,Refund,Medium,synthetic
T00444,"Hello, Repeated system downtime and unannounced maintenance windows over the past month have disrupted our operations three times. We demand an immediate explanation from management and SLA service credits. Contact me via email or phone.",Complaint,Critical,synthetic
T00445,"System cancelled my order due to stock shortage, but the money has not been refunded yet. Appreciate a quick update on this.",Refund,Medium,synthetic
T00446,"Hey there, I am filing a formal complaint regarding misleading feature advertising on your pricing page. We purchased the business plan based on promised custom integration features, only to discover after onboarding that the API is not included. Looking forward to hearing back.",Complaint,Medium,synthetic
T00447,Plz help - Plan cancellation request. Kindly look into this matter promptly.,Cancellation,Low,synthetic
T00448,Account delete karvu che. Plz respond asap.,Cancellation,Medium,synthetic
T00449,Urgent: Rude customer agent on call. Please advise as soon as possible.,Complaint,High,synthetic
T00450,Plz help - Cannot log into account. Thanks for your help!,Account,High,synthetic
T00451,"Hello, Database connection timeout. Looking forward to hearing back.",Technical Support,Critical,synthetic
T00452,"Hello, Payment failed but money deducted. Urgent attention required.",Billing,High,synthetic
T00453,"Hello, Could you tell me if your platform supports SAML 2.0 Single Sign-On for enterprise users? Appreciate a quick update on this",Product Inquiry,Low,synthetic
T00454,"FYI, Our scheduled virtual event was ruined due to continuous platform outages on your side. We paid $149.0 for premium hosting and request an immediate pro-rated credit refund to our corporate account balance.",Refund,Medium,synthetic
T00455,System crash ho raha hai export click karte hi error code SOCKET_TIMEOUT ke saath. Plz respond asap.,Technical Support,Medium,synthetic
T00456,"Plz help - We signed up under a free trial promotional banner, yet our company credit card was billed $149.0 on day one. We expect a full reversal of this unauthorized charge and correction of our subscription tier. Plz respond asap.",Billing,Critical,synthetic
T00457,Plz help - Server error 500 on submit,Technical Support,Critical,synthetic
T00458,Urgent: Tracking number 13142 has been stuck in transit at the hub for over 6 days without progress. Looking forward to hearing back.,Shipping,High,synthetic
T00459,"Hey there, Plan cancellation request. Urgent attention required.",Cancellation,Medium,synthetic
T00460,Website completely crash ho gaya hai. Plz respond asap.,Technical Support,Critical,synthetic
T00461,Parcel delivered bol raha hai par gate pe koi item nahi hai. Urgent attention required.,Shipping,High,synthetic
T00462,"Hey there, What are the minimum hardware and RAM requirements for running the server software on Linux? Thanks for your help!",Product Inquiry,Low,synthetic
T00463,"Dear customer service, Please help unlock my account after entering wrong password three times. Appreciate a quick update on this",Account,Low,synthetic
T00464,"FYI, My parcel box arrived completely crushed with contents damaged during transport. Appreciate a quick update on this.",Shipping,High,synthetic
T00465,"Hey there, Can you please send me an official VAT receipt and tax invoice for billing period Feb 2026? Please advise as soon as possible.",Billing,Medium,synthetic
T00466,Quick question - Cancel subscription immediately. Please advise as soon as possible.,Cancellation,High,synthetic
T00467,Plz help - Can someone help resolve the DLL loading error on Windows 11 when starting the client application? Urgent attention required.,Technical Support,Medium,synthetic
T00468,"Plz help - Page loading times have degraded significantly after the latest patch, causing request timeouts. Kindly look into this matter promptly.",Technical Support,Medium,synthetic
T00469,Quick question - Please turn off automatic renewal for account 11207 so I am not charged next month.,Cancellation,Low,synthetic
T00470,Plz help - Unannounced platform outage during business hours caused direct revenue loss for our company. Thanks for your help!,Complaint,Critical,synthetic
T00471,Urgent: Package marked delivered but missing. Plz respond asap.,Shipping,High,synthetic
T00472,"Hey there, The item arrived with broken glass and torn packaging. I demand an immediate full refund. Urgent attention required.",Refund,High,synthetic
T00473,"Hi support team, Our team administrator suddenly lost access to the master workspace account after enabling SAML 2.0 SSO. The login screen loops indefinitely between the identity provider and portal w/out authenticating. We need urgent admin intervention. Appreciate a quick update on this.",Account,Critical,synthetic
T00474,"Hey there, Does your REST API support webhook event subscriptions for real-time order status updates, and where can we access the OpenAPI / Swagger documentation for testing? Looking forward to hearing back",Product Inquiry,Low,synthetic
T00475,Urgent: How can I change the primary administrator email address associated with our company portal? Thanks for your help!,Account,High,synthetic
T00476,Plz help - Worst support experience ever. Urgent attention required.,Complaint,Medium,synthetic
T00477,Urgent: Does the cloud storage infrastructure comply with SOC2 and HIPAA security certifications? Thanks for your help!,Product Inquiry,High,synthetic
T00478,"Hey there, How do I cancel my pending order before it moves to the warehouse packing stage? Contact me via email or phone.",Cancellation,Low,synthetic
T00479,Plz help - Forgot password link expired. Contact me via email or phone.,Account,Low,synthetic
T00480,Quick question - Account locked after failed logins. Urgent attention required.,Account,High,synthetic
T00481,"Dear customer service, We are migrating to a different vendor and request complete contract termination. Thanks for your help!",Cancellation,Medium,synthetic
T00482,"FYI, I was billed $99.99 this month, but my plan is supposed to be $29.99. Contact me via email or phone.",Billing,Medium,synthetic
T00483,Urgent: App crashes on launch. Contact me via email or phone.,Technical Support,High,synthetic
T00484,"Hi support team, Need tax invoice for order 33292. Urgent attention required.",Billing,Medium,synthetic
T00485,"Hey there, Please turn off automatic renewal for account 80298 so I am not charged next month. Appreciate a quick update on this.",Cancellation,Low,synthetic
T00486,"Quick question - I am filing a formal complaint regarding misleading feature advertising on your pricing page. We purchased the business plan based on promised custom integration features, only to discover after onboarding that the API is not included. Kindly look into this matter promptly.",Complaint,Medium,synthetic
T00487,"FYI, I returned package for order 97614 two weeks ago but haven't seen the refund credited to my bank account. Kindly look into this matter promptly",Refund,Medium,synthetic
T00488,"Hello, My parcel box arrived completely crushed with contents damaged during transport. Urgent attention required.",Shipping,High,synthetic
T00489,"Dear customer service, Our organization was charged a late fee penalty of $19.99 despite completing the wire transfer prior to the due date. Attached is our bank transaction confirmation for your accounts team to verify and credit back. Contact me via email or phone",Billing,Medium,synthetic
T00490,"FYI, Please help unlock my account after entering wrong password three times. Contact me via email or phone.",Account,Low,synthetic
T00491,"I placed order 61698 for an enterprise hardware component, but received a completely different consumer product model. Since this does not match the product specification or purchase order, I am returning the package and request a full refund including express shipping charges.",Refund,High,synthetic
T00492,"FYI, No reply to urgent ticket for 48 hours despite paying for 24/7 premium support SLA. Looking forward to hearing back.",Complaint,High,synthetic
T00493,"Dear customer service, Can I request a live demo session with a product specialist for model PRO-945? Looking forward to hearing back.",Product Inquiry,Low,synthetic
T00494,"We signed up under a free trial promotional banner, yet our company credit card was billed $149.0 on day one. We expect a full reversal of this unauthorized charge and correction of our subscription tier. Thanks for your help!",Billing,Critical,synthetic
T00495,"Dear customer service, Repeated system downtime and unannounced maintenance windows over the past month have disrupted our operations three times. We demand an immediate explanation from management and SLA service credits. Urgent attention required.",Complaint,Critical,synthetic
T00496,Agent ne bina answer kiye ticket close kar diya. Kindly look into this matter promptly.,Complaint,Medium,synthetic
T00497,"Hello, Tracking number 89482 has been stuck in transit at the hub for over 6 days without progress. Looking forward to hearing back.",Shipping,Medium,synthetic
T00498,Plz help - Repeated system downtime and unannounced maintenance windows over the past month have disrupted our operations three times. We demand an immediate explanation from management and SLA service credits,Complaint,Critical,synthetic
T00499,Quick question - Plan cancellation request. Please advise as soon as possible,Cancellation,Medium,synthetic
T00500,Billing ma double charge thayo che.,Billing,Medium,synthetic
T00501,"Hi support team, VPN connection repeatedly drops every few minutes when connected to office network. Plz respond asap.",Technical Support,High,synthetic
T00502,"Hello, Can I request a live demo session with a product specialist for model PRO-429? Urgent attention required.",Product Inquiry,Medium,synthetic
T00503,"FYI, The courier marked my parcel as delivered on the porch, but there is no package outside my house. Contact me via email or phone.",Shipping,High,synthetic
T00504,Please turn off automatic renewal for account 14490 so I am not charged next month. Looking forward to hearing back.,Cancellation,Low,synthetic
T00505,Plz help - Why am I seeing two charges for the same order 70443 on my bank app? Appreciate a quick update on this.,Billing,Medium,synthetic
T00506,"FYI, Why does the mobile application crash every time I try to open the camera or upload a document? Please advise as soon as possible.",Technical Support,Medium,synthetic
T00507,Next month billing se pehle mera plan cancel kar do please. Kindly look into this matter promptly,Cancellation,Low,synthetic
T00508,The offline synchronization module fails to push local SQLite records to the cloud database when reconnecting to Wi-Fi. Data remains cached locally without throwing explicit log exceptions.,Technical Support,Medium,synthetic
T00509,"FYI, Cannot log into account. Kindly look into this matter promptly.",Account,High,synthetic
T00510,"Hello, The cancellation button is missing from my account billing settings page. Please cancel for me. Appreciate a quick update on this.",Cancellation,Medium,synthetic
T00511,System crash ho raha hai export click karte hi error code ERR_502 ke saath. Plz respond asap.,Technical Support,Medium,synthetic
T00512,We are migrating to a different vendor and request complete contract termination. Thanks for your help!,Cancellation,Medium,synthetic
T00513,How can I change the primary administrator email address associated with our company portal? Appreciate a quick update on this.,Account,Low,synthetic
T00514,"Hello, The item arrived with broken glass and torn packaging. I demand an immediate full refund. Contact me via email or phone.",Refund,High,synthetic
T00515,Does product support dark mode? Please advise as soon as possible.,Product Inquiry,Medium,synthetic
T00516,Tracking number 35426 has been stuck in transit at the hub for over 6 days w/out progress. Looking forward to hearing back.,Shipping,Medium,synthetic
T00517,Quick question - Rude customer agent on call.,Complaint,Low,synthetic
T00518,Account delete karvu che,Cancellation,Medium,synthetic
T00519,Agent ne bina answer kiye ticket close kar diya.,Complaint,Medium,synthetic
T00520,"Dear customer service, Tracking not updating for order 12187. Kindly look into this matter promptly.",Shipping,Low,synthetic
T00521,"We signed up under a free trial promotional banner, yet our company credit card was billed $99.99 on day one. We expect a full reversal of this unauthorized charge and correction of our subscription tier. Thanks for ur help!",Billing,Critical,synthetic
T00522,"FYI, I am requesting complete account closure and permanent deletion of all personal stored data from your servers in compliance with privacy regulations. Contact me via email or phone.",Account,Medium,synthetic
T00523,Plz help - Requesting refund for order 67586. Plz respond asap.,Refund,Medium,synthetic
T00524,"Quick question - I received an email stating my password was changed from an unknown location, but I did not initiate this. Kindly look into this matter promptly.",Account,Critical,synthetic
T00525,I accidentally renewed the wrong tier subscription yesterday. Is it possible to get a refund?,Refund,Low,synthetic
T00526,"FYI, What are the minimum hardware and RAM requirements for running the server software on Linux? Urgent attention required.",Product Inquiry,Medium,synthetic
T00527,"FYI, Unannounced platform outage during business hours caused direct revenue loss for our company. Appreciate a quick update on this.",Complaint,Critical,synthetic
T00528,Quick question - Does the cloud storage infrastructure comply w/ SOC2 and HIPAA security certifications? Thanks for your help!,Product Inquiry,Medium,synthetic
T00529,"FYI, Why am I not receiving the SMS two-factor authentication verification code on my registered mobile number? Looking forward to hearing back.",Account,Medium,synthetic
T00530,API documentation link chahiye. Looking forward to hearing back.,Product Inquiry,Low,synthetic
T00531,"Hi support team, App crashes on launch. Contact me via email or phone.",Technical Support,Medium,synthetic
T00532,Quick question - There is an unrecognized charge of $149.0 on my credit card statement. Thanks for your help!,Billing,Critical,synthetic
T00533,App chalne ma problem aave che. Kindly look into this matter promptly.,Technical Support,Medium,synthetic
T00534,"FYI, I placed order 46193 for an enterprise hardware component, but received a completely different consumer product model. Since this does not match the product specification or purchase order, I am returning the package and request a full refund including express shipping charges. Thanks for your help!",Refund,High,synthetic
T00535,"Hey there, Tracking link shows package held at border customs clearance depot. Kindly look into this matter promptly.",Shipping,Low,synthetic
T00536,"Hello, Can I request a live demo session with a product specialist for model PRO-371? Urgent attention required.",Product Inquiry,Medium,synthetic
T00537,Where is my pending refund? Contact me via email or phone,Refund,Medium,synthetic
T00538,Urgent: I paid extra for guaranteed next-day air shipping on order 92255 because of an urgent event. It has now been 4 days and the tracking status shows the package is still sitting at the local distribution facility. Please expedite delivery or refund express fees. Please advise as soon as possible.,Shipping,High,synthetic
T00539,"Hello, I was billed $49.0 this month, but my plan is supposed to be $79.99. Urgent attention required.",Billing,Medium,synthetic
T00540,Account locked after failed logins. Thanks for your help!,Account,High,synthetic
T00541,Unrecognized login notification received. Contact me via email or phone.,Account,Critical,synthetic
T00542,"FYI, Forgot password link expired. Appreciate a quick update on this.",Account,Low,synthetic
T00543,"Hey there, Database connection timeout.",Technical Support,Critical,synthetic
T00544,"Dear customer service, Tracking number 38563 has been stuck in transit at the hub for over 6 days without progress.",Shipping,Medium,synthetic
T00545,"Hello, How can I change the primary administrator email address associated with our company portal?",Account,Low,synthetic
T00546,System crash ho raha hai export click karte hi error code SOCKET_TIMEOUT ke saath. Urgent attention required,Technical Support,High,synthetic
T00547,"Hey there, Turn off auto-renewal. Urgent attention required.",Cancellation,Medium,synthetic
T00548,Urgent: Database connection timeout. Thanks for your help!,Technical Support,Critical,synthetic
T00549,"Dear customer service, Ever since updating to version 4.2 yesterday, our entire telemetry team has been unable to access the web portal. The page loads infinitely before displaying an internal server error (HTTP 500). This is blocking active customer operations. Thanks for ur help!",Technical Support,Critical,synthetic
T00550,"Hello, Can I request a live demo session with a product specialist for model PRO-412? Thanks for your help!",Product Inquiry,Low,synthetic
T00551,Service downtime ruined our demo. Plz respond asap.,Complaint,Critical,synthetic
T00552,"Quick question - Ever since updating to version 4.2 yesterday, our entire telemetry team has been unable to access the web portal. The page loads infinitely before displaying an internal server error (HTTP 500). This is blocking active customer operations. Kindly look into this matter promptly.",Technical Support,Critical,synthetic
T00553,Forgot password link expired. Kindly look into this matter promptly.,Account,Low,synthetic
T00554,Quick question - Wrong delivery address on order 18038. Appreciate a quick update on this,Shipping,Medium,synthetic
T00555,"Quick question - System cancelled my order due to stock shortage, but the money has not been refunded yet. Plz respond asap.",Refund,Medium,synthetic
T00556,"Dear customer service, Package marked delivered but missing. Please advise as soon as possible.",Shipping,Critical,synthetic
T00557,Delivery kab tak aayegi?,Shipping,Low,synthetic
T00558,Delivery kab tak aayegi? Appreciate a quick update on this.,Shipping,Low,synthetic
T00559,"Dear customer service, I paid my monthly invoice yesterday, but the account dashboard still shows payment pending. Thanks for your help!",Billing,Medium,synthetic
T00560,"Dear customer service, Plan cancellation request. Kindly look into this matter promptly.",Cancellation,Low,synthetic
T00561,Plz help - Why does the mobile application crash every time I try to open the camera or upload a document? Thanks for your help!,Technical Support,Medium,synthetic
T00562,"Dear customer service, Plan cancellation request.",Cancellation,Low,synthetic
T00563,"Dear customer service, Forgot password link expired. Looking forward to hearing back.",Account,Low,synthetic
T00564,Urgent: Our scheduled virtual event was ruined due to continuous platform outages on your side. We paid $49.0 for premium hosting and request an immediate pro-rated credit refund to our corporate account balance.,Refund,High,synthetic
T00565,"FYI, We are currently evaluating software solutions for a 300-person engineering team. Could u provide a comprehensive comparison document outlining feature differences between the Professional and Enterprise plans, along with volume discount schedules? Urgent attention required.",Product Inquiry,Medium,synthetic
T00566,The delivery driver left our electronic equipment package in heavy rain outside the warehouse gate w/out ringing the bell or getting a signature. Water soaked through the box. Appreciate a quick update on this.,Shipping,High,synthetic
T00567,System crash ho raha hai export click karte hi error code ERR_502 ke saath. Looking forward to hearing back.,Technical Support,Medium,synthetic
T00568,Urgent: Tracking number 78146 has been stuck in transit at the hub for over 6 days without progress. Plz respond asap.,Shipping,High,synthetic
T00569,Billing ma double charge thayo che. Urgent attention required.,Billing,Medium,synthetic
T00570,Quick question - Please turn off automatic renewal for account 95220 so I am not charged next month.,Cancellation,Low,synthetic
T00571,Urgent: Payment failed but money deducted. Appreciate a quick update on this.,Billing,High,synthetic
T00572,Website completely crash ho gaya hai. Looking forward to hearing back.,Technical Support,Critical,synthetic
T00573,"Hello, Our scheduled virtual event was ruined due to continuous platform outages on your side. We paid $49.0 for premium hosting and request an immediate pro-rated credit refund to our corporate account balance. Urgent attention required",Refund,High,synthetic
T00574,Urgent: Does product support dark mode? Contact me via email or phone.,Product Inquiry,High,synthetic
T00575,"Dear customer service, Desktop software freezing. Please advise as soon as possible",Technical Support,Medium,synthetic
T00576,"FYI, Page loading times have degraded significantly after the latest patch, causing request timeouts. Thanks for your help!",Technical Support,Medium,synthetic
T00577,"Hi support team, Repeated system downtime and unannounced maintenance windows over the past month have disrupted our operations three times. We demand an immediate explanation from management and SLA service credits. Kindly look into this matter promptly",Complaint,Critical,synthetic
T00578,Kharaab service experience che.,Complaint,Low,synthetic
T00579,Account login nahi ho raha hai. Kindly look into this matter promptly.,Account,High,synthetic
T00580,"Hello, Please turn off automatic renewal for account 17632 so I am not charged next month. Contact me via email or phone.",Cancellation,Low,synthetic
T00581,Urgent: Where to find user documentation? Appreciate a quick update on this.,Product Inquiry,High,synthetic
T00582,Next month billing se pehle mera plan cancel kar do please. Looking forward to hearing back,Cancellation,Low,synthetic
T00583,"Hi support team, Double billing issue. Appreciate a quick update on this",Billing,Medium,synthetic
T00584,Urgent: How do I cancel my pending order before it moves to the warehouse packing stage?,Cancellation,High,synthetic
T00585,Billing ma double charge thayo che. Appreciate a quick update on this.,Billing,Medium,synthetic
T00586,"Hello, Charged twice for order 80770. Please advise as soon as possible.",Billing,Medium,synthetic
T00587,"Hello, I am requesting complete account closure and permanent deletion of all personal stored data from your servers in compliance with privacy regulations. Thanks for your help!",Account,Medium,synthetic
T00588,Plz help - Payment failed but money deducted. Urgent attention required.,Billing,High,synthetic
T00589,"Mera admin account locked ho gaya hai, please reset karein.",Account,Medium,synthetic
T00590,Kripya invoice receipt email ID par bhej dijiye. Appreciate a quick update on this.,Billing,Low,synthetic
T00591,Plz help - Does the cloud storage infrastructure comply with SOC2 and HIPAA security certifications?,Product Inquiry,Medium,synthetic
T00592,Website completely crash ho gaya hai.,Technical Support,Critical,synthetic
T00593,Urgent: How can I change the primary administrator email address associated with our company portal?,Account,High,synthetic
T00594,"Hey there, Please turn off automatic renewal for account 45287 so I am not charged next month. Appreciate a quick update on this",Cancellation,Low,synthetic
T00595,Refund process nahi hua abhi tak. Looking forward to hearing back.,Refund,Medium,synthetic
T00596,"Plz help - We are observing consistent memory leaks in the background daemon process on node 192.168.98.13. Memory utilization climbs to 99% within two hours of service start, eventually forcing a kernel panic and abrupt system reboot. Looking forward to hearing back.",Technical Support,Critical,synthetic
T00597,"FYI, Single Sign-On (SSO) authentication is throwing a redirect URI error for domain users.",Account,High,synthetic
T00598,"Hi support team, The offline synchronization module fails to push local SQLite records to the cloud database when reconnecting to Wi-Fi. Data remains cached locally without throwing explicit log exceptions. Plz respond asap.",Technical Support,Medium,synthetic
T00599,"Hi support team, Turn off auto-renewal. Appreciate a quick update on this.",Cancellation,Low,synthetic
T00600,"Dear customer service, Where is my pending refund? Looking forward to hearing back.",Refund,Medium,synthetic
T00601,"Hey there, I would like to cancel my monthly subscription effective before the next billing cycle. Contact me via email or phone.",Cancellation,Low,synthetic
T00602,Plz help - Double billing issue. Urgent attention required.,Billing,Medium,synthetic
T00603,Urgent: Our team administrator suddenly lost access to the master workspace account after enabling SAML 2.0 SSO. The login screen loops indefinitely between the identity provider and portal without authenticating. We need urgent admin intervention. Please advise as soon as possible.,Account,Critical,synthetic
T00604,"Urgent: We are observing consistent memory leaks in the background daemon process on node 192.168.3.179. Memory utilization climbs to 99% within two hours of service start, eventually forcing a kernel panic and abrupt system reboot. Kindly look into this matter promptly.",Technical Support,High,synthetic
T00605,Quick question - I paid extra for guaranteed next-day air shipping on order 79072 because of an urgent event. It has now been 4 days and the tracking status shows the package is still sitting at the local distribution facility. Please expedite delivery or refund express fees. Appreciate a quick update on this.,Shipping,High,synthetic
T00606,"Hi support team, Cancel subscription immediately",Cancellation,High,synthetic
T00607,"Hi support team, Where is my parcel? Thanks for ur help!",Shipping,Low,synthetic
T00608,"Quick question - We signed up under a free trial promotional banner, yet our company credit card was billed $499.0 on day one. We expect a full reversal of this unauthorized charge and correction of our subscription tier. Thanks for your help!",Billing,Critical,synthetic
T00609,"Hello, Ever since updating to version 4.2 yesterday, our entire telemetry team has been unable to access the web portal. The page loads infinitely before displaying an internal server error (HTTP 500). This is blocking active customer operations.",Technical Support,Critical,synthetic
T00610,Billing ma double charge thayo che. Kindly look into this matter promptly.,Billing,Medium,synthetic
T00611,"I paid my monthly invoice yesterday, but the account dashboard still shows payment pending. Urgent attention required.",Billing,Medium,synthetic
T00612,"Hi support team, Your representative was dismissive and unhelpful when I asked for assistance with system errors. Appreciate a quick update on this",Complaint,Low,synthetic
T00613,Plz help - No reply to urgent ticket for 48 hours despite paying for 24/7 premium support SLA. Thanks for your help!,Complaint,High,synthetic
T00614,Plz help - Tracking not updating for order 53025. Kindly look into this matter promptly.,Shipping,Low,synthetic
T00615,"Hello, The offline synchronization module fails to push local SQLite records to the cloud database when reconnecting to Wi-Fi. Data remains cached locally without throwing explicit log exceptions. Please advise as soon as possible.",Technical Support,Medium,synthetic
T00616,Website completely crash ho gaya hai. Please advise as soon as possible.,Technical Support,Critical,synthetic
T00617,"Hey there, I returned package for order 31346 two weeks ago but haven't seen the refund credited to my bank account",Refund,Medium,synthetic
T00618,Tracking not updating for order 95001. Appreciate a quick update on this.,Shipping,Low,synthetic
T00619,"We signed up under a free trial promotional banner, yet our company credit card was billed $19.99 on day one. We expect a full reversal of this unauthorized charge and correction of our subscription tier. Appreciate a quick update on this.",Billing,Critical,synthetic
T00620,Plz help - Please help unlock my account after entering wrong password three times. Contact me via email or phone.,Account,Low,synthetic
T00621,"Plz help - I am filing a formal complaint regarding misleading feature advertising on your pricing page. We purchased the business plan based on promised custom integration features, only to discover after onboarding that the API is not included.",Complaint,Medium,synthetic
T00622,"Hi support team, Our team administrator suddenly lost access to the master workspace account after enabling SAML 2.0 SSO. The login screen loops indefinitely between the identity provider and portal without authenticating. We need urgent admin intervention. Contact me via email or phone.",Account,Critical,synthetic
T00623,How can I change the primary administrator email address associated with our company portal? Please advise as soon as possible.,Account,Medium,synthetic
T00624,Urgent: Please turn off automatic renewal for account 61137 so I am not charged next month. Appreciate a quick update on this.,Cancellation,High,synthetic
T00625,"Quick question - Support agent closed my ticket 67254 marking it resolved, even though the bug is still happening! Kindly look into this matter promptly.",Complaint,High,synthetic
T00626,"Hi support team, Support agent closed my ticket 66649 marking it resolved, even though the bug is still happening! Urgent attention required.",Complaint,High,synthetic
T00627,Why does the mobile application crash every time I try to open the camera or upload a document?,Technical Support,Medium,synthetic
T00628,Quick question - Our scheduled virtual event was ruined due to continuous platform outages on your side. We paid $149.0 for premium hosting and request an immediate pro-rated credit refund to our corporate account balance. Contact me via email or phone,Refund,Medium,synthetic
T00629,Billing ma double charge thayo che. Please advise as soon as possible.,Billing,Medium,synthetic
T00630,"Hey there, Our organization was charged a late fee penalty of $49.0 despite completing the wire transfer prior to the due date. Attached is our bank transaction confirmation for your accounts team to verify and credit back. Urgent attention required",Billing,High,synthetic
T00631,"Hello, Due to budget cuts in our organization, we can no longer maintain our active subscription plan. Plz process account cancellation immediately and send written confirmation that auto-renew has been disabled. Please advise as soon as possible.",Cancellation,High,synthetic
T00632,"Dear customer service, Plan cancellation request. Appreciate a quick update on this.",Cancellation,Low,synthetic
T00633,Why am I not receiving the SMS two-factor authentication verification code on my registered mobile number? Contact me via email or phone.,Account,Medium,synthetic
T00634,Quick question - Account locked after failed logins. Plz advise as soon as possible.,Account,High,synthetic
T00635,"Hey there, Due to budget cuts in our organization, we can no longer maintain our active subscription plan. Please process account cancellation immediately and send written confirmation that auto-renew has been disabled",Cancellation,High,synthetic
T00636,"Dear customer service, How can I change the primary administrator email address associated with our company portal? Plz respond asap.",Account,Low,synthetic
T00637,"FYI, 2FA code not received. Thanks for your help!",Account,Medium,synthetic
T00638,"Hi support team, How do I cancel my pending order before it moves to the warehouse packing stage? Appreciate a quick update on this.",Cancellation,Low,synthetic
T00639,"Dear customer service, The courier marked my parcel as delivered on the porch, but there is no package outside my house. Looking forward to hearing back.",Shipping,High,synthetic
T00640,Quick question - Database connection timeout. Plz respond asap.,Technical Support,Critical,synthetic
T00641,Quick question - Can you please send me an official VAT receipt and tax invoice for billing period Feb 2026?,Billing,Low,synthetic
T00642,"FYI, Database connection timeout. Contact me via email or phone.",Technical Support,Critical,synthetic
T00643,"Hi support team, We are migrating to a different vendor and request complete contract termination. Looking forward to hearing back.",Cancellation,Medium,synthetic
T00644,"Hi support team, I placed order 54235 for an enterprise hardware component, but received a completely different consumer product model. Since this does not match the product specification or purchase order, I am returning the package and request a full refund including express shipping charges",Refund,High,synthetic
T00645,Mera payment duplicate kat gaya hai. Contact me via email or phone.,Billing,Medium,synthetic
T00646,"Hello, Plz turn off automatic renewal for account 92519 so I am not charged next month. Contact me via email or phone.",Cancellation,Low,synthetic
T00647,Website completely crash ho gaya hai. Thanks for your help!,Technical Support,Critical,synthetic
T00648,"Hey there, Where is my pending refund? Please advise as soon as possible.",Refund,Medium,synthetic
T00649,Does product support dark mode? Appreciate a quick update on this.,Product Inquiry,Low,synthetic
T00650,"Dear customer service, Server error 500 on submit. Contact me via email or phone",Technical Support,Critical,synthetic
T00651,"FYI, Single Sign-On (SSO) authentication is throwing a redirect URI error for domain users. Please advise as soon as possible.",Account,High,synthetic
T00652,"48 ghante se koi response nahi aaya, service bohot badhiya nahi hai.",Complaint,Medium,synthetic
T00653,Aa product ma discount milse? Appreciate a quick update on this.,Product Inquiry,Low,synthetic
T00654,Your representative was dismissive and unhelpful when I asked for assistance with system errors. Thanks for your help!,Complaint,Low,synthetic
T00655,"Hey there, I returned package for order 92621 two weeks ago but haven't seen the refund credited to my bank account. Contact me via email or phone.",Refund,Medium,synthetic
T00656,Account login nahi ho raha hai. Contact me via email or phone.,Account,High,synthetic
T00657,Quick question - Close my account. Looking forward to hearing back.,Cancellation,Medium,synthetic
T00658,"Account balance se double amount deduct ho gaya, please check billing statement. Kindly look into this matter promptly.",Billing,Medium,synthetic
T00659,2FA code not received. Contact me via email or phone.,Account,Medium,synthetic
T00660,"Hey there, Unannounced platform outage during business hours caused direct revenue loss for our company.",Complaint,Critical,synthetic
T00661,"Hello, Payment failed but money deducted. Contact me via email or phone.",Billing,High,synthetic
T00662,Aa product ma discount milse? Contact me via email or phone.,Product Inquiry,Low,synthetic
T00663,"FYI, Why am I seeing two charges for the same order 36389 on my bank app? Looking forward to hearing back.",Billing,Medium,synthetic
T00664,Turn off auto-renewal. Thanks for ur help!,Cancellation,Low,synthetic
T00665,"Dear customer service, Why does the mobile application crash every time I try to open the camera or upload a document? Please advise as soon as possible.",Technical Support,Medium,synthetic
T00666,"Hello, I received an email stating my password was changed from an unknown location, but I did not initiate this. Appreciate a quick update on this.",Account,Critical,synthetic
T00667,"FYI, Does your REST API support webhook event subscriptions for real-time order status updates, and where can we access the OpenAPI / Swagger documentation for testing?",Product Inquiry,Low,synthetic
T00668,Refund process nahi hua abhi tak. Appreciate a quick update on this.,Refund,Medium,synthetic
T00669,Subscription end karo.,Cancellation,Low,synthetic
T00670,Urgent: Why does the mobile application crash every time I try to open the camera or upload a document? Thanks for your help!,Technical Support,High,synthetic
T00671,"Hey there, Requesting refund for order 89387. Please advise as soon as possible.",Refund,Medium,synthetic
T00672,"Account balance se double amount deduct ho gaya, please check billing statement. Urgent attention required.",Billing,Medium,synthetic
T00673,Urgent: What are the minimum hardware and RAM requirements for running the server software on Linux? Kindly look into this matter promptly.,Product Inquiry,High,synthetic
T00674,"Dear customer service, Wrong delivery address on order 40732. Plz advise as soon as possible.",Shipping,Medium,synthetic
T00675,"Hello, VPN connection repeatedly drops every few minutes when connected to office network.",Technical Support,High,synthetic
T00676,"Hello, Plan cancellation request. Contact me via email or phone.",Cancellation,Low,synthetic
T00677,Does product support dark mode? Looking forward to hearing back,Product Inquiry,Low,synthetic
T00678,Delivery kab tak aayegi? Plz respond asap.,Shipping,Low,synthetic
T00679,"Dear customer service, My parcel box arrived completely crushed with contents damaged during transport. Looking forward to hearing back.",Shipping,High,synthetic
T00680,"Hello, I have been on hold for over 45 minutes without anyone picking up my call. This service is terrible. Contact me via email or phone.",Complaint,Medium,synthetic
T00681,Urgent: Plan cancellation request. Kindly look into this matter promptly.,Cancellation,High,synthetic
T00682,"Dear customer service, Duplicate charge on statement. Kindly look into this matter promptly.",Billing,Medium,synthetic
T00683,"Dear customer service, Why am I not receiving the SMS two-factor authentication verification code on my registered mobile number? Kindly look into this matter promptly",Account,Medium,synthetic
T00684,"Hello, We signed up under a free trial promotional banner, yet our company credit card was billed $499.0 on day one. We expect a full reversal of this unauthorized charge and correction of our subscription tier. Urgent attention required.",Billing,Critical,synthetic
T00685,Plz help - Can I update my shipping delivery address to apartment 4B before the order dispatches? Urgent attention required.,Shipping,Medium,synthetic
T00686,"Hello, Can someone help resolve the DLL loading error on Windows 11 when starting the client application? Kindly look into this matter promptly.",Technical Support,Medium,synthetic
T00687,Urgent: Package marked delivered but missing. Appreciate a quick update on this.,Shipping,High,synthetic
T00688,Plz help - How do I cancel my pending order before it moves to the warehouse packing stage? Urgent attention required.,Cancellation,Medium,synthetic
T00689,"Dear customer service, Rude customer agent on call. Thanks for your help!",Complaint,Low,synthetic
T00690,"FYI, Database connection timeout. Looking forward to hearing back.",Technical Support,Critical,synthetic
T00691,"Hello, I am terminating our contract effective today because key features promised during sales onboarding remain unreleased. Please confirm cancellation of invoice 89159 and remove recorded credit card details",Cancellation,Medium,synthetic
T00692,Billing ma double charge thayo che. Plz respond asap.,Billing,Medium,synthetic
T00693,"Plz help - Damaged product, refund needed. Urgent attention required.",Refund,Medium,synthetic
T00694,Can someone help resolve the DLL loading error on Windows 11 when starting the client application? Looking forward to hearing back.,Technical Support,Medium,synthetic
T00695,"Quick question - Support agent closed my ticket 16795 marking it resolved, even though the bug is still happening! Please advise as soon as possible.",Complaint,High,synthetic
T00696,"Hey there, The offline synchronization module fails to push local SQLite records to the cloud database when reconnecting to Wi-Fi. Data remains cached locally without throwing explicit log exceptions. Urgent attention required.",Technical Support,Medium,synthetic
T00697,Urgent: I returned package for order 65862 two weeks ago but haven't seen the refund credited to my bank account.,Refund,High,synthetic
T00698,Urgent: Plan cancellation request. Urgent attention required.,Cancellation,High,synthetic
T00699,"I checked my credit card account this morning and noticed two separate line items for $99.99 on order 60678. I only submitted the checkout form once, so one of these transactions is clearly an error. Please reverse the duplicate billing immediately. Appreciate a quick update on this.",Billing,High,synthetic
T00700,API documentation link chahiye. Urgent attention required.,Product Inquiry,Medium,synthetic
T00701,Desktop software freezing. Plz respond asap,Technical Support,High,synthetic
T00702,"Urgent: The courier marked my parcel as delivered on the porch, but there is no package outside my house. Please advise as soon as possible.",Shipping,High,synthetic
T00703,Urgent: Single Sign-On (SSO) authentication is throwing a redirect URI error for domain users. Appreciate a quick update on this.,Account,High,synthetic
T00704,"Hey there, Could you tell me if your platform supports SAML 2.0 Single Sign-On for enterprise users? Kindly look into this matter promptly",Product Inquiry,Low,synthetic
T00705,Plz help - Worst support experience ever. Looking forward to hearing back.,Complaint,Low,synthetic
T00706,"Hey there, Can I request a live demo session with a product specialist for model PRO-290? Plz respond asap",Product Inquiry,High,synthetic
T00707,Plz help - I accidentally renewed the wrong tier subscription yesterday. Is it possible to get a refund? Contact me via email or phone.,Refund,Low,synthetic
T00708,Urgent: Why does the mobile application crash every time I try to open the camera or upload a document? Appreciate a quick update on this.,Technical Support,High,synthetic
T00709,Kya is software mein custom reporting export option available hai? Looking forward to hearing back.,Product Inquiry,Low,synthetic
T00710,Plz help - Account locked after failed logins. Thanks for ur help!,Account,High,synthetic
T00711,"48 ghante se koi response nahi aaya, service bohot badhiya nahi hai. Looking forward to hearing back.",Complaint,Medium,synthetic
T00712,Forgot password link expired. Looking forward to hearing back.,Account,Low,synthetic
T00713,Quick question - My parcel box arrived completely crushed with contents damaged during transport. Looking forward to hearing back.,Shipping,High,synthetic
T00714,"Hi support team, I returned package for order 93463 two weeks ago but haven't seen the refund credited to my bank account.",Refund,Medium,synthetic
T00715,Urgent: The cancellation button is missing from my account billing settings page. Please cancel for me. Contact me via email or phone.,Cancellation,High,synthetic
T00716,Quick question - Tracking link shows package held at border customs clearance depot. Kindly look into this matter promptly,Shipping,Low,synthetic
T00717,"Dear customer service, Do you offer non-profit or educational discounts for team subscription accounts?",Product Inquiry,Low,synthetic
T00718,"Hello, I am requesting complete account closure and permanent deletion of all personal stored data from your servers in compliance with privacy regulations. Please advise as soon as possible.",Account,Medium,synthetic
T00719,"Hi support team, I accidentally renewed the wrong tier subscription yesterday. Is it possible to get a refund? Appreciate a quick update on this.",Refund,Low,synthetic
T00720,"Hello, Need tax invoice for order 84847. Thanks for your help!",Billing,Low,synthetic
T00721,Urgent: Does the cloud storage infrastructure comply with SOC2 and HIPAA security certifications? Urgent attention required.,Product Inquiry,High,synthetic
T00722,Quick question - Unannounced platform outage during business hours caused direct revenue loss for our company.,Complaint,Critical,synthetic
T00723,"Hey there, Wrong item delivered, money back. Urgent attention required.",Refund,Medium,synthetic
T00724,"Hi support team, Cancel subscription immediately. Contact me via email or phone.",Cancellation,High,synthetic
T00725,"FYI, The offline synchronization module fails to push local SQLite records to the cloud database when reconnecting to Wi-Fi. Data remains cached locally without throwing explicit log exceptions.",Technical Support,Medium,synthetic
T00726,"Hey there, System cancelled my order due to stock shortage, but the money has not been refunded yet. Kindly look into this matter promptly.",Refund,Medium,synthetic
T00727,"FYI, Tracking not updating for order 20522. Kindly look into this matter promptly.",Shipping,Low,synthetic
T00728,"Hey there, Double billing issue. Plz respond asap.",Billing,Medium,synthetic
T00729,"Dear customer service, Our backend production database server at 192.168.25.14 is refusing incoming connections with error NULL_POINTER_EXC. Contact me via email or phone.",Technical Support,Critical,synthetic
T00730,"Hi support team, Wrong delivery address on order 63810. Plz respond asap.",Shipping,Medium,synthetic
T00731,"Hi support team, System cancelled my order due to stock shortage, but the money has not been refunded yet.",Refund,Medium,synthetic
T00732,Account delete karvu che. Thanks for your help!,Cancellation,Medium,synthetic
T00733,"FYI, Worst support experience ever. Plz respond asap.",Complaint,Low,synthetic
T00734,Where to find user documentation? Plz respond asap.,Product Inquiry,Low,synthetic
T00735,"Hey there, Wrong item delivered, money back. Kindly look into this matter promptly",Refund,Medium,synthetic
T00736,No reply to urgent ticket for 48 hours despite paying for 24/7 premium support SLA. Looking forward to hearing back.,Complaint,High,synthetic
T00737,"Dear customer service, 2FA code not received. Looking forward to hearing back.",Account,Medium,synthetic
T00738,Pakka refund kab tak milega order 58784 ka? Looking forward to hearing back.,Refund,Medium,synthetic
T00739,Plz help - Please turn off automatic renewal for account 77986 so I am not charged next month. Plz respond asap,Cancellation,High,synthetic
T00740,Urgent: Can I request a live demo session w/ a product specialist for model PRO-223? Looking forward to hearing back.,Product Inquiry,High,synthetic
T00741,"Hi support team, Bulk license pricing details? Thanks for your help!",Product Inquiry,Low,synthetic
T00742,"Hello, The cancellation button is missing from my account billing settings page. Please cancel for me. Contact me via email or phone.",Cancellation,Medium,synthetic
T00743,Pakka refund kab tak milega order 45006 ka? Appreciate a quick update on this.,Refund,Medium,synthetic
T00744,"I paid my monthly invoice yesterday, but the account dashboard still shows payment pending. Plz respond asap.",Billing,Medium,synthetic
T00745,"Hello, Can someone help resolve the DLL loading error on Windows 11 when starting the client application? Urgent attention required.",Technical Support,Medium,synthetic
T00746,Plz help - How do I cancel my pending order before it moves to the warehouse packing stage? Looking forward to hearing back.,Cancellation,Low,synthetic
T00747,"Hey there, How do I cancel my pending order before it moves to the warehouse packing stage? Urgent attention required",Cancellation,High,synthetic
T00748,Quick question - Can I update my shipping delivery address to apartment 4B before the order dispatches? Looking forward to hearing back.,Shipping,Medium,synthetic
T00749,Agent ne bina answer kiye ticket close kar diya. Thanks for your help!,Complaint,Medium,synthetic
T00750,Urgent: Do you offer non-profit or educational discounts for team subscription accounts? Plz respond asap.,Product Inquiry,High,synthetic
T00751,"Hey there, I am requesting complete account closure and permanent deletion of all personal stored data from ur servers in compliance with privacy regulations. Kindly look into this matter promptly.",Account,Medium,synthetic
T00752,Subscription end karo. Urgent attention required.,Cancellation,Medium,synthetic
T00753,"Plz help - Does your REST API support webhook event subscriptions for real-time order status updates, and where can we access the OpenAPI / Swagger documentation for testing? Contact me via email or phone",Product Inquiry,Low,synthetic
T00754,Urgent: Our team administrator suddenly lost access to the master workspace account after enabling SAML 2.0 SSO. The login screen loops indefinitely between the identity provider and portal w/out authenticating. We need urgent admin intervention. Plz respond asap.,Account,Critical,synthetic
T00755,Plz help - Where is my pending refund? Kindly look into this matter promptly.,Refund,Medium,synthetic
T00756,"FYI, I returned package for order 28331 two weeks ago but haven't seen the refund credited to my bank account. Contact me via email or phone.",Refund,Medium,synthetic
T00757,"FYI, Tracking number 41525 has been stuck in transit at the hub for over 6 days without progress. Plz respond asap.",Shipping,Medium,synthetic
T00758,App chalne ma problem aave che. Urgent attention required,Technical Support,High,synthetic
T00759,System crash ho raha hai export click karte hi error code NULL_POINTER_EXC ke saath. Kindly look into this matter promptly.,Technical Support,Medium,synthetic
T00760,"FYI, We signed up under a free trial promotional banner, yet our company credit card was billed $99.99 on day one. We expect a full reversal of this unauthorized charge and correction of our subscription tier. Kindly look into this matter promptly.",Billing,Critical,synthetic
T00761,Subscription end karo. Thanks for your help!,Cancellation,Low,synthetic
T00762,We are migrating to a different vendor and request complete contract termination. Looking forward to hearing back.,Cancellation,Medium,synthetic
T00763,"Urgent: I was billed $499.0 this month, but my plan is supposed to be $79.99. Urgent attention required.",Billing,High,synthetic
T00764,"Hey there, Package marked delivered but missing. Appreciate a quick update on this.",Shipping,Critical,synthetic
T00765,Pakka refund kab tak milega order 82185 ka? Thanks for your help!,Refund,Medium,synthetic
T00766,"Ever since updating to version 4.2 yesterday, our entire telemetry team has been unable to access the web portal. The page loads infinitely before displaying an internal server error (HTTP 500). This is blocking active customer operations. Thanks for your help!",Technical Support,Critical,synthetic
T00767,Urgent: Why does the mobile application crash every time I try to open the camera or upload a document? Plz respond asap.,Technical Support,High,synthetic
T00768,Billing ma double charge thayo che. Thanks for your help!,Billing,Medium,synthetic
T00769,"Dear customer service, I have been on hold for over 45 minutes without anyone picking up my call. This service is terrible. Thanks for ur help!",Complaint,Medium,synthetic
T00770,"Hello, Is macOS Sequoia supported? Contact me via email or phone.",Product Inquiry,Low,synthetic
T00771,"Hello, Unrecognized login notification received. Thanks for ur help!",Account,Critical,synthetic
T00772,Billing ma double charge thayo che. Contact me via email or phone,Billing,Medium,synthetic
T00773,API documentation link chahiye. Looking forward to hearing back,Product Inquiry,Low,synthetic
T00774,"Hello, Server error 500 on submit. Contact me via email or phone.",Technical Support,Critical,synthetic
T00775,"Urgent: We are observing consistent memory leaks in the background daemon process on node 192.168.16.244. Memory utilization climbs to 99% within two hours of service start, eventually forcing a kernel panic and abrupt system reboot. Appreciate a quick update on this.",Technical Support,High,synthetic
T00776,"Dear customer service, System cancelled my order due to stock shortage, but the money has not been refunded yet.",Refund,Medium,synthetic
T00777,"Dear customer service, I placed order 50660 for an enterprise hardware component, but received a completely different consumer product model. Since this does not match the product specification or purchase order, I am returning the package and request a full refund including express shipping charges. Appreciate a quick update on this.",Refund,High,synthetic
T00778,Courier status update nathi thayo. Appreciate a quick update on this.,Shipping,Low,synthetic
T00779,Paisa refund karo jaldi. Appreciate a quick update on this,Refund,Medium,synthetic
T00780,Plz help - Why am I not receiving the SMS two-factor authentication verification code on my registered mobile number? Plz respond asap.,Account,Medium,synthetic
T00781,Aa product ma discount milse? Urgent attention required,Product Inquiry,High,synthetic
T00782,Urgent: Account locked after failed logins. Please advise as soon as possible.,Account,High,synthetic
T00783,"FYI, Our organization was charged a late fee penalty of $249.5 despite completing the wire transfer prior to the due date. Attached is our bank transaction confirmation for your accounts team to verify and credit back. Kindly look into this matter promptly.",Billing,Medium,synthetic
T00784,Account login nahi ho raha hai. Please advise as soon as possible.,Account,High,synthetic
T00785,"Hi support team, Account locked after failed logins. Contact me via email or phone.",Account,High,synthetic
T00786,"FYI, Do you offer non-profit or educational discounts for team subscription accounts? Plz respond asap.",Product Inquiry,Low,synthetic
T00787,"Hello, Why am I seeing two charges for the same order 41779 on my bank app? Looking forward to hearing back.",Billing,Medium,synthetic
T00788,Urgent: Database connection timeout. Kindly look into this matter promptly.,Technical Support,Critical,synthetic
T00789,Please turn off automatic renewal for account 20868 so I am not charged next month. Urgent attention required.,Cancellation,Medium,synthetic
T00790,Courier status update nathi thayo. Plz respond asap.,Shipping,Low,synthetic
T00791,"Dear customer service, Cannot log into account. Please advise as soon as possible",Account,High,synthetic
T00792,"Dear customer service, Need tax invoice for order 80807. Kindly look into this matter promptly.",Billing,Low,synthetic
T00793,"Quick question - Router blinking red, internet down. Thanks for ur help!",Technical Support,High,synthetic
T00794,"FYI, The delivery driver left our electronic equipment package in heavy rain outside the warehouse gate without ringing the bell or getting a signature. Water soaked through the box",Shipping,High,synthetic
T00795,"Dear customer service, Due to budget cuts in our organization, we can no longer maintain our active subscription plan. Please process account cancellation immediately and send written confirmation that auto-renew has been disabled. Urgent attention required.",Cancellation,High,synthetic
T00796,"FYI, Page loading times have degraded significantly after the latest patch, causing request timeouts. Kindly look into this matter promptly.",Technical Support,Medium,synthetic
T00797,Quick question - Your representative was dismissive and unhelpful when I asked for assistance with system errors. Looking forward to hearing back,Complaint,Low,synthetic
T00798,Plz help - How can I change the primary administrator email address associated w/ our company portal? Contact me via email or phone.,Account,Low,synthetic
T00799,"FYI, Service downtime ruined our demo. Looking forward to hearing back.",Complaint,Critical,synthetic
T00800,"Dear customer service, We are migrating to a different vendor and request complete contract termination. Contact me via email or phone.",Cancellation,Medium,synthetic
T00801,"Dear customer service, How can I change the primary administrator email address associated with our company portal? Please advise as soon as possible.",Account,Medium,synthetic
T00802,"Plz help - Does your REST API support webhook event subscriptions for real-time order status updates, and where can we access the OpenAPI / Swagger documentation for testing? Kindly look into this matter promptly.",Product Inquiry,Low,synthetic
T00803,"Hi support team, How do I cancel my pending order before it moves to the warehouse packing stage? Thanks for ur help!",Cancellation,Low,synthetic
T00804,"Hey there, Unrecognized login notification received. Please advise as soon as possible.",Account,Critical,synthetic
T00805,"Dear customer service, What are the minimum hardware and RAM requirements for running the server software on Linux? Urgent attention required",Product Inquiry,High,synthetic
T00806,Why am I seeing two charges for the same order 65026 on my bank app? Looking forward to hearing back.,Billing,Medium,synthetic
T00807,"Urgent: I paid my monthly invoice yesterday, but the account dashboard still shows payment pending. Contact me via email or phone",Billing,High,synthetic
T00808,"Hey there, Our scheduled virtual event was ruined due to continuous platform outages on your side. We paid $99.99 for premium hosting and request an immediate pro-rated credit refund to our corporate account balance. Kindly look into this matter promptly.",Refund,Medium,synthetic
T00809,"Hello, Where is my pending refund? Kindly look into this matter promptly",Refund,Medium,synthetic
T00810,"Urgent: Does ur REST API support webhook event subscriptions for real-time order status updates, and where can we access the OpenAPI / Swagger documentation for testing? Contact me via email or phone.",Product Inquiry,High,synthetic
T00811,"Dear customer service, I am terminating our contract effective today because key features promised during sales onboarding remain unreleased. Please confirm cancellation of invoice 57714 and remove recorded credit card details. Contact me via email or phone.",Cancellation,Medium,synthetic
T00812,API documentation link chahiye. Plz advise as soon as possible.,Product Inquiry,Medium,synthetic
T00813,"Hi support team, Requesting refund for order 85756. Plz advise as soon as possible.",Refund,Medium,synthetic
T00814,"FYI, Requesting refund for order 25533.",Refund,Medium,synthetic
T00815,Database connection timeout. Thanks for your help!,Technical Support,Critical,synthetic
T00816,Our backend production database server at 192.168.145.169 is refusing incoming connections with error SOCKET_TIMEOUT. Urgent attention required.,Technical Support,Critical,synthetic
T00817,Order cancel hone ke baad bhi refund credit nahi hua account mein. Looking forward to hearing back.,Refund,Medium,synthetic
T00818,"Plz help - System cancelled my order due to stock shortage, but the money has not been refunded yet. Contact me via email or phone.",Refund,Medium,synthetic
T00819,"FYI, How can I change the primary administrator email address associated with our company portal?",Account,Low,synthetic
T00820,Refund process nahi hua abhi tak. Thanks for your help!,Refund,Medium,synthetic
T00821,Wrong delivery address on order 72419. Kindly look into this matter promptly.,Shipping,Medium,synthetic
T00822,Plz help - VPN connection repeatedly drops every few minutes when connected to office network. Urgent attention required.,Technical Support,High,synthetic
T00823,"Hey there, Ticket closed without resolution. Kindly look into this matter promptly.",Complaint,Medium,synthetic
T00824,Urgent: Our team administrator suddenly lost access to the master workspace account after enabling SAML 2.0 SSO. The login screen loops indefinitely between the identity provider and portal without authenticating. We need urgent admin intervention. Thanks for your help!,Account,Critical,synthetic
T00825,"Hi support team, Can I update my shipping delivery address to apartment 4B before the order dispatches? Plz respond asap.",Shipping,Medium,synthetic
T00826,Quick question - Cancel subscription immediately. Urgent attention required.,Cancellation,High,synthetic
T00827,"Hi support team, Page loading times have degraded significantly after the latest patch, causing request timeouts. Please advise as soon as possible.",Technical Support,Medium,synthetic
T00828,"Hello, Where is my parcel? Urgent attention required.",Shipping,Medium,synthetic
T00829,"Hey there, Wrong item delivered, money back. Please advise as soon as possible.",Refund,Medium,synthetic
T00830,Urgent: Double billing issue. Plz respond asap.,Billing,High,synthetic
T00831,I would like to cancel my monthly subscription effective before the next billing cycle. Urgent attention required.,Cancellation,Medium,synthetic
T00832,"Hello, Package marked delivered but missing. Plz respond asap.",Shipping,Critical,synthetic
T00833,"FYI, Does your REST API support webhook event subscriptions for real-time order status updates, and where can we access the OpenAPI / Swagger documentation for testing? Appreciate a quick update on this.",Product Inquiry,Low,synthetic
T00834,"Hi support team, App crashes on launch. Appreciate a quick update on this.",Technical Support,Medium,synthetic
T00835,I paid extra for guaranteed next-day air shipping on order 49179 because of an urgent event. It has now been 4 days and the tracking status shows the package is still sitting at the local distribution facility. Please expedite delivery or refund express fees. Kindly look into this matter promptly.,Shipping,High,synthetic
T00836,"Hello, Tracking number 63631 has been stuck in transit at the hub for over 6 days w/out progress. Plz respond asap.",Shipping,Medium,synthetic
T00837,"Dear customer service, Why am I seeing two charges for the same order 16731 on my bank app? Please advise as soon as possible.",Billing,Medium,synthetic
T00838,System crash ho raha hai export click karte hi error code NULL_POINTER_EXC ke saath. Looking forward to hearing back.,Technical Support,Medium,synthetic
T00839,"Hi support team, Is macOS Sequoia supported? Contact me via email or phone.",Product Inquiry,Low,synthetic
T00840,Parcel delivered bol raha hai par gate pe koi item nahi hai. Looking forward to hearing back.,Shipping,High,synthetic
T00841,"Hi support team, Database connection timeout. Appreciate a quick update on this.",Technical Support,Critical,synthetic
T00842,"FYI, How can I change the primary administrator email address associated with our company portal? Kindly look into this matter promptly",Account,Low,synthetic
T00843,"Hi support team, I accidentally renewed the wrong tier subscription yesterday. Is it possible to get a refund? Kindly look into this matter promptly.",Refund,Low,synthetic
T00844,"Hey there, Does your REST API support webhook event subscriptions for real-time order status updates, and where can we access the OpenAPI / Swagger documentation for testing? Thanks for your help!",Product Inquiry,Low,synthetic
T00845,"FYI, Our team administrator suddenly lost access to the master workspace account after enabling SAML 2.0 SSO. The login screen loops indefinitely between the identity provider and portal without authenticating. We need urgent admin intervention. Appreciate a quick update on this.",Account,Critical,synthetic
T00846,"Dear customer service, Where is my pending refund? Kindly look into this matter promptly.",Refund,Medium,synthetic
T00847,"Dear customer service, Database connection timeout. Looking forward to hearing back.",Technical Support,Critical,synthetic
T00848,"Hello, Database connection timeout.",Technical Support,Critical,synthetic
T00849,"Dear customer service, Single Sign-On (SSO) authentication is throwing a redirect URI error for domain users",Account,High,synthetic
T00850,"Plz help - I was billed $149.0 this month, but my plan is supposed to be $9.99. Plz respond asap.",Billing,Medium,synthetic
T00851,Urgent: Our team administrator suddenly lost access to the master workspace account after enabling SAML 2.0 SSO. The login screen loops indefinitely between the identity provider and portal without authenticating. We need urgent admin intervention. Plz respond asap.,Account,Critical,synthetic
T00852,"Dear customer service, Please help unlock my account after entering wrong password three times. Appreciate a quick update on this.",Account,Low,synthetic
T00853,Plz help - Need tax invoice for order 37504. Looking forward to hearing back,Billing,Low,synthetic
T00854,Password reset link kaam nahi kar raha. Urgent attention required.,Account,Medium,synthetic
T00855,Quick question - Does the cloud storage infrastructure comply with SOC2 and HIPAA security certifications? Thanks for your help!,Product Inquiry,Medium,synthetic
T00856,Plz help - Unannounced platform outage during business hours caused direct revenue loss for our company. Plz respond asap.,Complaint,Critical,synthetic
T00857,Quick question - Double billing issue. Thanks for your help!,Billing,Medium,synthetic
T00858,"FYI, Could you tell me if your platform supports SAML 2.0 Single Sign-On for enterprise users?",Product Inquiry,Low,synthetic
T00859,"FYI, The delivery driver left our electronic equipment package in heavy rain outside the warehouse gate w/out ringing the bell or getting a signature. Water soaked through the box. Appreciate a quick update on this.",Shipping,High,synthetic
T00860,Plz help - There is an unrecognized charge of $249.5 on my credit card statement. Kindly look into this matter promptly.,Billing,Critical,synthetic
T00861,"Hello, App crashes on launch. Contact me via email or phone.",Technical Support,Medium,synthetic
T00862,Urgent: Please help unlock my account after entering wrong password three times. Appreciate a quick update on this.,Account,High,synthetic
T00863,Quick question - I would like to cancel my monthly subscription effective before the next billing cycle. Looking forward to hearing back.,Cancellation,Low,synthetic
T00864,"Hi support team, The courier marked my parcel as delivered on the porch, but there is no package outside my house. Urgent attention required.",Shipping,High,synthetic
T00865,"Hi support team, Unannounced platform outage during business hours caused direct revenue loss for our company. Kindly look into this matter promptly.",Complaint,Critical,synthetic
T00866,"Hello, No reply to urgent ticket for 48 hours despite paying for 24/7 premium support SLA. Please advise as soon as possible.",Complaint,High,synthetic
T00867,API documentation link chahiye. Plz respond asap.,Product Inquiry,Low,synthetic
T00868,Quick question - The offline synchronization module fails to push local SQLite records to the cloud database when reconnecting to Wi-Fi. Data remains cached locally without throwing explicit log exceptions. Please advise as soon as possible.,Technical Support,Medium,synthetic
T00869,Website completely crash ho gaya hai. Kindly look into this matter promptly.,Technical Support,Critical,synthetic
T00870,"Hi support team, Wrong item delivered, money back. Please advise as soon as possible.",Refund,Medium,synthetic
T00871,"Hey there, Where to find user documentation?",Product Inquiry,Low,synthetic
T00872,"Dear customer service, What are the minimum hardware and RAM requirements for running the server software on Linux? Thanks for your help!",Product Inquiry,Low,synthetic
T00873,"Hey there, There is an unrecognized charge of $99.99 on my credit card statement. Appreciate a quick update on this.",Billing,Critical,synthetic
T00874,Plz help - Forgot password link expired. Please advise as soon as possible,Account,Medium,synthetic
T00875,App crashes on launch. Please advise as soon as possible.,Technical Support,Medium,synthetic
T00876,"Hey there, Our team administrator suddenly lost access to the master workspace account after enabling SAML 2.0 SSO. The login screen loops indefinitely between the identity provider and portal without authenticating. We need urgent admin intervention. Contact me via email or phone",Account,Critical,synthetic
T00877,"Hello, Wrong item delivered, money back. Urgent attention required.",Refund,Medium,synthetic
T00878,App chalne ma problem aave che. Thanks for your help!,Technical Support,Medium,synthetic
T00879,"Hello, Support agent closed my ticket 10644 marking it resolved, even though the bug is still happening! Plz respond asap.",Complaint,High,synthetic
T00880,I am requesting complete account closure and permanent deletion of all personal stored data from your servers in compliance with privacy regulations. Please advise as soon as possible.,Account,Medium,synthetic
T00881,"Hi support team, Need tax invoice for order 25765. Looking forward to hearing back.",Billing,Low,synthetic
T00882,"Dear customer service, I am requesting complete account closure and permanent deletion of all personal stored data from your servers in compliance with privacy regulations. Contact me via email or phone.",Account,Medium,synthetic
T00883,Subscription end karo. Kindly look into this matter promptly.,Cancellation,Low,synthetic
T00884,"Hello, Unrecognized login notification received.",Account,Critical,synthetic
T00885,Plan cancellation request,Cancellation,Low,synthetic
T00886,Close my account. Kindly look into this matter promptly.,Cancellation,Medium,synthetic
T00887,"FYI, Bulk license pricing details? Contact me via email or phone.",Product Inquiry,Low,synthetic
T00888,"Hello, VPN connection repeatedly drops every few minutes when connected to office network. Thanks for your help!",Technical Support,High,synthetic
T00889,"Hi support team, Where to find user documentation? Thanks for your help!",Product Inquiry,Low,synthetic
T00890,App crashes on launch. Contact me via email or phone.,Technical Support,Medium,synthetic
T00891,Plz help - Where is my pending refund? Urgent attention required.,Refund,Medium,synthetic
T00892,"Hello, Unrecognized login notification received. Plz respond asap",Account,Critical,synthetic
T00893,"Hi support team, Where is my pending refund? Plz respond asap.",Refund,Medium,synthetic
T00894,Quick question - Desktop software freezing. Plz respond asap.,Technical Support,Medium,synthetic
T00895,Plz help - Can u please send me an official VAT receipt and tax invoice for billing period Feb 2026? Plz respond asap.,Billing,Low,synthetic
T00896,Plz help - Server error 500 on submit. Kindly look into this matter promptly.,Technical Support,Critical,synthetic
T00897,Urgent: Tracking number 78254 has been stuck in transit at the hub for over 6 days without progress. Kindly look into this matter promptly.,Shipping,High,synthetic
T00898,"Dear customer service, Do you offer non-profit or educational discounts for team subscription accounts? Appreciate a quick update on this.",Product Inquiry,Low,synthetic
T00899,Why am I seeing two charges for the same order 85880 on my bank app? Kindly look into this matter promptly.,Billing,Medium,synthetic
T00900,Plz help - Can I update my shipping delivery address to apartment 4B before the order dispatches? Looking forward to hearing back.,Shipping,Medium,synthetic
T00901,"Hey there, Rude customer agent on call. Plz respond asap.",Complaint,Low,synthetic
T00902,"Hey there, I paid extra for guaranteed next-day air shipping on order 78194 because of an urgent event. It has now been 4 days and the tracking status shows the package is still sitting at the local distribution facility. Please expedite delivery or refund express fees.",Shipping,High,synthetic
T00903,"Hi support team, Your representative was dismissive and unhelpful when I asked for assistance with system errors. Appreciate a quick update on this.",Complaint,Low,synthetic
T00904,"Hey there, I am terminating our contract effective today because key features promised during sales onboarding remain unreleased. Please confirm cancellation of invoice 19287 and remove recorded credit card details. Contact me via email or phone.",Cancellation,Medium,synthetic
T00905,Unannounced platform outage during business hours caused direct revenue loss for our company. Please advise as soon as possible.,Complaint,Critical,synthetic
T00906,Urgent: Package marked delivered but missing.,Shipping,High,synthetic
T00907,"Hey there, Can I update my shipping delivery address to apartment 4B before the order dispatches? Please advise as soon as possible.",Shipping,Medium,synthetic
T00908,"Dear customer service, Cannot log into account. Contact me via email or phone.",Account,High,synthetic
T00909,Plz help - Where is my pending refund? Please advise as soon as possible.,Refund,Medium,synthetic
T00910,Plz help - I returned package for order 83359 two weeks ago but haven't seen the refund credited to my bank account. Please advise as soon as possible.,Refund,Medium,synthetic
T00911,Mera payment duplicate kat gaya hai. Please advise as soon as possible.,Billing,Medium,synthetic
T00912,"Hi support team, Our backend production database server at 192.168.253.15 is refusing incoming connections with error SOCKET_TIMEOUT. Kindly look into this matter promptly.",Technical Support,Critical,synthetic
T00913,"Hello, Tracking number 66321 has been stuck in transit at the hub for over 6 days without progress. Plz respond asap.",Shipping,Medium,synthetic
T00914,"Urgent: I was billed $49.0 this month, but my plan is supposed to be $9.99. Contact me via email or phone.",Billing,High,synthetic
T00915,"Hi support team, Does your REST API support webhook event subscriptions for real-time order status updates, and where can we access the OpenAPI / Swagger documentation for testing?",Product Inquiry,Low,synthetic
T00916,"Hi support team, I am terminating our contract effective today because key features promised during sales onboarding remain unreleased. Please confirm cancellation of invoice 69247 and remove recorded credit card details. Contact me via email or phone.",Cancellation,Medium,synthetic
T00917,Urgent: Tracking not updating for order 52779. Appreciate a quick update on this,Shipping,High,synthetic
T00918,"Hi support team, Wrong delivery address on order 53827. Plz respond asap.",Shipping,Medium,synthetic
T00919,Quick question - Account locked after failed logins. Looking forward to hearing back.,Account,High,synthetic
T00920,"Hey there, I accidentally renewed the wrong tier subscription yesterday. Is it possible to get a refund? Please advise as soon as possible.",Refund,Medium,synthetic
T00921,"Account balance se double amount deduct ho gaya, please check billing statement. Kindly look into this matter promptly",Billing,Medium,synthetic
T00922,Plz help - Tracking number 17677 has been stuck in transit at the hub for over 6 days without progress. Appreciate a quick update on this.,Shipping,Medium,synthetic
T00923,Courier status update nathi thayo. Looking forward to hearing back.,Shipping,Low,synthetic
T00924,"Plz help - I placed order 61218 for an enterprise hardware component, but received a completely different consumer product model. Since this does not match the product specification or purchase order, I am returning the package and request a full refund including express shipping charges. Contact me via email or phone.",Refund,High,synthetic
T00925,"FYI, Please help unlock my account after entering wrong password three times. Kindly look into this matter promptly",Account,Low,synthetic
T00926,Quick question - How can I change the primary administrator email address associated with our company portal? Appreciate a quick update on this.,Account,Low,synthetic
T00927,Quick question - Cannot log into account. Appreciate a quick update on this.,Account,High,synthetic
T00928,"Hello, VPN connection repeatedly drops every few minutes when connected to office network. Please advise as soon as possible",Technical Support,High,synthetic
T00929,Plz help - Does the cloud storage infrastructure comply with SOC2 and HIPAA security certifications? Please advise as soon as possible.,Product Inquiry,Medium,synthetic
T00930,"Hi support team, Account locked after failed logins. Kindly look into this matter promptly.",Account,High,synthetic
T00931,Quick question - Where is my pending refund? Thanks for ur help!,Refund,Medium,synthetic
T00932,Plz help - The cancellation button is missing from my account billing settings page. Please cancel for me. Kindly look into this matter promptly,Cancellation,Medium,synthetic
T00933,Unannounced platform outage during business hours caused direct revenue loss for our company. Appreciate a quick update on this.,Complaint,Critical,synthetic
T00934,"Hey there, We are currently evaluating software solutions for a 300-person engineering team. Could you provide a comprehensive comparison document outlining feature differences between the Professional and Enterprise plans, along with volume discount schedules? Appreciate a quick update on this.",Product Inquiry,Low,synthetic
T00935,Plz help - How do I cancel my pending order before it moves to the warehouse packing stage? Contact me via email or phone.,Cancellation,Low,synthetic
T00936,"FYI, App crashes on launch",Technical Support,Medium,synthetic
T00937,"Account balance se double amount deduct ho gaya, please check billing statement. Plz respond asap",Billing,High,synthetic
T00938,"Quick question - Ever since updating to version 4.2 yesterday, our entire telemetry team has been unable to access the web portal. The page loads infinitely before displaying an internal server error (HTTP 500). This is blocking active customer operations.",Technical Support,Critical,synthetic
T00939,"FYI, How can I change the primary administrator email address associated with our company portal? Please advise as soon as possible.",Account,Medium,synthetic
T00940,"Hi support team, Due to budget cuts in our organization, we can no longer maintain our active subscription plan. Please process account cancellation immediately and send written confirmation that auto-renew has been disabled. Plz respond asap.",Cancellation,High,synthetic
T00941,"Dear customer service, App crashes on launch. Thanks for ur help!",Technical Support,Medium,synthetic
T00942,"FYI, Ever since updating to version 4.2 yesterday, our entire telemetry team has been unable to access the web portal. The page loads infinitely before displaying an internal server error (HTTP 500). This is blocking active customer operations. Appreciate a quick update on this.",Technical Support,Critical,synthetic
T00943,Plz help - Why does the mobile application crash every time I try to open the camera or upload a document? Appreciate a quick update on this.,Technical Support,Medium,synthetic
T00944,Plz help - Server error 500 on submit. Urgent attention required.,Technical Support,Critical,synthetic
T00945,"Quick question - Wrong item delivered, money back. Please advise as soon as possible",Refund,Medium,synthetic
T00946,I returned package for order 62980 two weeks ago but haven't seen the refund credited to my bank account. Plz respond asap.,Refund,Medium,synthetic
T00947,"Hello, Unannounced platform outage during business hours caused direct revenue loss for our company. Thanks for your help!",Complaint,Critical,synthetic
T00948,Urgent: I have been on hold for over 45 minutes without anyone picking up my call. This service is terrible. Thanks for your help!,Complaint,High,synthetic
T00949,Next month billing se pehle mera plan cancel kar do please. Contact me via email or phone,Cancellation,Low,synthetic
T00950,"Mera admin account locked ho gaya hai, please reset karein. Kindly look into this matter promptly",Account,Medium,synthetic
T00951,Kya is software mein custom reporting export option available hai? Plz advise as soon as possible.,Product Inquiry,Medium,synthetic
T00952,Urgent: Charged twice for order 21970. Please advise as soon as possible.,Billing,High,synthetic
T00953,"Hi support team, Does the cloud storage infrastructure comply with SOC2 and HIPAA security certifications?",Product Inquiry,Medium,synthetic
T00954,"Hi support team, App crashes on launch. Urgent attention required",Technical Support,High,synthetic
T00955,Quick question - Rude customer agent on call. Plz respond asap.,Complaint,Low,synthetic
T00956,"Hey there, Unrecognized login notification received. Looking forward to hearing back",Account,Critical,synthetic
T00957,"Hello, Requesting refund for order 87028. Appreciate a quick update on this.",Refund,Medium,synthetic
T00958,"FYI, How can I change the primary administrator email address associated with our company portal? Appreciate a quick update on this.",Account,Low,synthetic
T00959,"Hello, The item arrived with broken glass and torn packaging. I demand an immediate full refund.",Refund,High,synthetic
T00960,"FYI, Can I request a live demo session with a product specialist for model PRO-406? Looking forward to hearing back.",Product Inquiry,Low,synthetic
T00961,Urgent: Please turn off automatic renewal for account 81041 so I am not charged next month. Appreciate a quick update on this.,Cancellation,High,synthetic
T00962,VPN connection repeatedly drops every few minutes when connected to office network. Urgent attention required.,Technical Support,High,synthetic
T00963,"Hey there, I received an email stating my password was changed from an unknown location, but I did not initiate this.",Account,Critical,synthetic
T00964,Account login nahi ho raha hai. Looking forward to hearing back,Account,High,synthetic
T00965,"FYI, 2FA code not received. Kindly look into this matter promptly.",Account,Medium,synthetic
T00966,Plz help - There is an unrecognized charge of $19.99 on my credit card statement. Kindly look into this matter promptly.,Billing,Critical,synthetic
T00967,"FYI, Package marked delivered but missing. Plz respond asap.",Shipping,Critical,synthetic
T00968,"Dear customer service, Tracking number 83520 has been stuck in transit at the hub for over 6 days w/out progress. Please advise as soon as possible.",Shipping,Medium,synthetic
T00969,"I paid my monthly invoice yesterday, but the account dashboard still shows payment pending. Please advise as soon as possible.",Billing,Medium,synthetic
T00970,Plz help - Can someone help resolve the DLL loading error on Windows 11 when starting the client application? Contact me via email or phone.,Technical Support,Medium,synthetic
T00971,"Hi support team, Bulk license pricing details? Urgent attention required.",Product Inquiry,Medium,synthetic
T00972,"Hey there, I would like to cancel my monthly subscription effective before the next billing cycle. Contact me via email or phone",Cancellation,Low,synthetic
T00973,"Dear customer service, The item arrived w/ broken glass and torn packaging. I demand an immediate full refund.",Refund,High,synthetic
T00974,Urgent: Requesting refund for order 38116. Thanks for your help!,Refund,High,synthetic
T00975,Cannot log into account. Looking forward to hearing back.,Account,High,synthetic
T00976,"Urgent: Does your REST API support webhook event subscriptions for real-time order status updates, and where can we access the OpenAPI / Swagger documentation for testing? Looking forward to hearing back.",Product Inquiry,High,synthetic
T00977,"Hello, Can you please send me an official VAT receipt and tax invoice for billing period Jan 2026? Looking forward to hearing back.",Billing,Low,synthetic
T00978,"Urgent: We signed up under a free trial promotional banner, yet our company credit card was billed $499.0 on day one. We expect a full reversal of this unauthorized charge and correction of our subscription tier. Looking forward to hearing back",Billing,Critical,synthetic
T00979,"Hey there, Does the cloud storage infrastructure comply with SOC2 and HIPAA security certifications? Please advise as soon as possible",Product Inquiry,Medium,synthetic
T00980,Plz help - Turn off auto-renewal. Plz respond asap.,Cancellation,Low,synthetic
T00981,Order cancel hone ke baad bhi refund credit nahi hua account mein.,Refund,Medium,synthetic
T00982,Plz help - Ticket closed without resolution. Looking forward to hearing back.,Complaint,Medium,synthetic
T00983,I would like to cancel my monthly subscription effective before the next billing cycle. Appreciate a quick update on this.,Cancellation,Low,synthetic
T00984,"Urgent: Wrong item delivered, money back. Looking forward to hearing back",Refund,High,synthetic
T00985,"Support agent closed my ticket 24635 marking it resolved, even though the bug is still happening! Thanks for your help!",Complaint,High,synthetic
T00986,"Hello, Tracking link shows package held at border customs clearance depot. Contact me via email or phone.",Shipping,Low,synthetic
T00987,"Hey there, Wrong delivery address on order 70302. Looking forward to hearing back.",Shipping,Medium,synthetic
T00988,"Hey there, We signed up under a free trial promotional banner, yet our company credit card was billed $149.0 on day one. We expect a full reversal of this unauthorized charge and correction of our subscription tier. Appreciate a quick update on this",Billing,Critical,synthetic
T00989,Quick question - No reply to urgent ticket for 48 hours despite paying for 24/7 premium support SLA. Thanks for your help!,Complaint,High,synthetic
T00990,"Dear customer service, We signed up under a free trial promotional banner, yet our company credit card was billed $249.5 on day one. We expect a full reversal of this unauthorized charge and correction of our subscription tier. Contact me via email or phone.",Billing,Critical,synthetic
T00991,System crash ho raha hai export click karte hi error code NULL_POINTER_EXC ke saath. Contact me via email or phone.,Technical Support,Medium,synthetic
T00992,"Hey there, 2FA code not received. Please advise as soon as possible.",Account,Medium,synthetic
T00993,"Urgent: I checked my credit card account this morning and noticed two separate line items for $499.0 on order 10425. I only submitted the checkout form once, so one of these transactions is clearly an error. Please reverse the duplicate billing immediately.",Billing,High,synthetic
T00994,Quick question - I am terminating our contract effective today because key features promised during sales onboarding remain unreleased. Please confirm cancellation of invoice 95193 and remove recorded credit card details. Thanks for your help!,Cancellation,Medium,synthetic
T00995,"Hey there, Cannot log into account. Contact me via email or phone.",Account,High,synthetic
T00996,System crash ho raha hai export click karte hi error code NULL_POINTER_EXC ke saath. Thanks for your help!,Technical Support,Medium,synthetic
T00997,Next month billing se pehle mera plan cancel kar do please. Please advise as soon as possible.,Cancellation,Medium,synthetic
T00998,"FYI, Desktop software freezing. Urgent attention required.",Technical Support,Medium,synthetic
T00999,"Hi support team, Page loading times have degraded significantly after the latest patch, causing request timeouts. Appreciate a quick update on this.",Technical Support,Medium,synthetic
T01000,Urgent: Package marked delivered but missing. Thanks for your help!,Shipping,High,synthetic
T01001,"Hey there, Why am I not receiving the SMS two-factor authentication verification code on my registered mobile number? Please advise as soon as possible.",Account,Medium,synthetic
T01002,"Plz help - System cancelled my order due to stock shortage, but the money has not been refunded yet. Kindly look into this matter promptly.",Refund,Medium,synthetic
T01003,"Due to budget cuts in our organization, we can no longer maintain our active subscription plan. Please process account cancellation immediately and send written confirmation that auto-renew has been disabled. Kindly look into this matter promptly",Cancellation,High,synthetic
T01004,"Dear customer service, No reply to urgent ticket for 48 hours despite paying for 24/7 premium support SLA. Thanks for ur help!",Complaint,High,synthetic
T01005,"Hey there, Due to budget cuts in our organization, we can no longer maintain our active subscription plan. Please process account cancellation immediately and send written confirmation that auto-renew has been disabled. Appreciate a quick update on this.",Cancellation,High,synthetic
T01006,Tracking link shows package held at border customs clearance depot. Plz respond asap.,Shipping,Low,synthetic
T01007,Quick question - Why am I not receiving the SMS two-factor authentication verification code on my registered mobile number? Kindly look into this matter promptly.,Account,Medium,synthetic
T01008,Where is my pending refund? Plz respond asap.,Refund,Medium,synthetic
T01009,"Hey there, Please help unlock my account after entering wrong password three times. Urgent attention required.",Account,Medium,synthetic
T01010,Plz help - Unannounced platform outage during business hours caused direct revenue loss for our company. Kindly look into this matter promptly.,Complaint,Critical,synthetic
T01011,Quick question - Does the cloud storage infrastructure comply with SOC2 and HIPAA security certifications? Thanks for ur help!,Product Inquiry,Medium,synthetic
T01012,"Hello, We are migrating to a different vendor and request complete contract termination. Appreciate a quick update on this",Cancellation,Medium,synthetic
T01013,Account login nahi ho raha hai. Urgent attention required.,Account,High,synthetic
T01014,Plz help - Tracking link shows package held at border customs clearance depot. Contact me via email or phone.,Shipping,Low,synthetic
T01015,"Hi support team, Is macOS Sequoia supported? Kindly look into this matter promptly.",Product Inquiry,Low,synthetic
T01016,"Hello, Account locked after failed logins. Appreciate a quick update on this.",Account,High,synthetic
T01017,Double billing issue.,Billing,Medium,synthetic
T01018,"Dear customer service, Payment failed but money deducted. Urgent attention required",Billing,High,synthetic
T01019,"Hey there, How do I cancel my pending order before it moves to the warehouse packing stage? Please advise as soon as possible",Cancellation,Medium,synthetic
T01020,API documentation link chahiye. Thanks for your help!,Product Inquiry,Low,synthetic
T01021,Mera payment duplicate kat gaya hai. Appreciate a quick update on this.,Billing,Medium,synthetic
T01022,"FYI, Bulk license pricing details? Thanks for ur help!",Product Inquiry,Low,synthetic
T01023,Urgent: Why am I seeing two charges for the same order 37710 on my bank app?,Billing,High,synthetic
T01024,Quick question - What are the minimum hardware and RAM requirements for running the server software on Linux? Contact me via email or phone.,Product Inquiry,Low,synthetic
T01025,"Plz help - I checked my credit card account this morning and noticed two separate line items for $499.0 on order 90301. I only submitted the checkout form once, so one of these transactions is clearly an error. Please reverse the duplicate billing immediately. Plz respond asap.",Billing,High,synthetic
T01026,Quick question - Database connection timeout.,Technical Support,Critical,synthetic
T01027,Quick question - The item arrived with broken glass and torn packaging. I demand an immediate full refund.,Refund,High,synthetic
T01028,"Urgent: I checked my credit card account this morning and noticed two separate line items for $249.5 on order 46087. I only submitted the checkout form once, so one of these transactions is clearly an error. Please reverse the duplicate billing immediately. Appreciate a quick update on this.",Billing,High,synthetic
T01029,"Dear customer service, I accidentally renewed the wrong tier subscription yesterday. Is it possible to get a refund? Please advise as soon as possible.",Refund,Medium,synthetic
T01030,"Dear customer service, Server error 500 on submit. Contact me via email or phone.",Technical Support,Critical,synthetic
T01031,Quick question - Please turn off automatic renewal for account 61140 so I am not charged next month. Appreciate a quick update on this.,Cancellation,Low,synthetic
T01032,"FYI, Your representative was dismissive and unhelpful when I asked for assistance with system errors.",Complaint,Low,synthetic
T01033,"Hi support team, Requesting refund for order 14260. Appreciate a quick update on this.",Refund,Medium,synthetic
T01034,Urgent: The cancellation button is missing from my account billing settings page. Please cancel for me.,Cancellation,High,synthetic
T01035,Pakka refund kab tak milega order 34443 ka?,Refund,Medium,synthetic
T01036,"Hey there, 2FA code not received. Looking forward to hearing back.",Account,Medium,synthetic
T01037,"Hi support team, We are currently evaluating software solutions for a 300-person engineering team. Could you provide a comprehensive comparison document outlining feature differences between the Professional and Enterprise plans, along with volume discount schedules? Kindly look into this matter promptly.",Product Inquiry,Low,synthetic
T01038,"FYI, Why am I not receiving the SMS two-factor authentication verification code on my registered mobile number? Appreciate a quick update on this.",Account,Medium,synthetic
T01039,"Dear customer service, Wrong item delivered, money back. Thanks for ur help!",Refund,Medium,synthetic
T01040,"Account balance se double amount deduct ho gaya, please check billing statement. Please advise as soon as possible.",Billing,Medium,synthetic
T01041,"Quick question - We signed up under a free trial promotional banner, yet our company credit card was billed $499.0 on day one. We expect a full reversal of this unauthorized charge and correction of our subscription tier. Looking forward to hearing back.",Billing,Critical,synthetic
T01042,"Plz help - Damaged product, refund needed. Please advise as soon as possible.",Refund,Medium,synthetic
T01043,"Dear customer service, I received an email stating my password was changed from an unknown location, but I did not initiate this. Contact me via email or phone.",Account,Critical,synthetic
T01044,Password reset link kaam nahi kar raha. Contact me via email or phone,Account,Low,synthetic
T01045,Urgent: Can someone help resolve the DLL loading error on Windows 11 when starting the client application? Plz respond asap.,Technical Support,High,synthetic
T01046,"Hello, I placed order 67748 for an enterprise hardware component, but received a completely different consumer product model. Since this does not match the product specification or purchase order, I am returning the package and request a full refund including express shipping charges. Looking forward to hearing back.",Refund,High,synthetic
T01047,"FYI, Does your REST API support webhook event subscriptions for real-time order status updates, and where can we access the OpenAPI / Swagger documentation for testing? Please advise as soon as possible.",Product Inquiry,Medium,synthetic
T01048,Quick question - No reply to urgent ticket for 48 hours despite paying for 24/7 premium support SLA. Contact me via email or phone.,Complaint,High,synthetic
T01049,"Hi support team, Tracking link shows package held at border customs clearance depot. Kindly look into this matter promptly.",Shipping,Low,synthetic
T01050,"FYI, I received an email stating my password was changed from an unknown location, but I did not initiate this. Urgent attention required.",Account,Critical,synthetic
T01051,My parcel box arrived completely crushed with contents damaged during transport. Looking forward to hearing back.,Shipping,High,synthetic
T01052,"Hi support team, Rude customer agent on call. Appreciate a quick update on this.",Complaint,Low,synthetic
T01053,Pakka refund kab tak milega order 62330 ka? Urgent attention required.,Refund,Medium,synthetic
T01054,"Hello, What are the minimum hardware and RAM requirements for running the server software on Linux? Plz advise as soon as possible.",Product Inquiry,Medium,synthetic
T01055,"Hello, Does product support dark mode? Contact me via email or phone.",Product Inquiry,Low,synthetic
T01056,"Dear customer service, The offline synchronization module fails to push local SQLite records to the cloud database when reconnecting to Wi-Fi. Data remains cached locally without throwing explicit log exceptions. Please advise as soon as possible",Technical Support,Medium,synthetic
T01057,"FYI, I accidentally renewed the wrong tier subscription yesterday. Is it possible to get a refund? Contact me via email or phone.",Refund,Low,synthetic
T01058,"Hello, I would like to cancel my monthly subscription effective before the next billing cycle. Appreciate a quick update on this",Cancellation,Low,synthetic
T01059,"Urgent: I checked my credit card account this morning and noticed two separate line items for $249.5 on order 94058. I only submitted the checkout form once, so one of these transactions is clearly an error. Please reverse the duplicate billing immediately. Contact me via email or phone.",Billing,High,synthetic
T01060,Urgent: Unannounced platform outage during business hours caused direct revenue loss for our company. Urgent attention required,Complaint,Critical,synthetic
T01061,Next month billing se pehle mera plan cancel kar do please. Thanks for your help!,Cancellation,Low,synthetic
T01062,"Dear customer service, There is an unrecognized charge of $99.99 on my credit card statement.",Billing,Critical,synthetic
T01063,Urgent: We are migrating to a different vendor and request complete contract termination. Contact me via email or phone.,Cancellation,High,synthetic
T01064,Plz help - I am terminating our contract effective today because key features promised during sales onboarding remain unreleased. Please confirm cancellation of invoice 55327 and remove recorded credit card details. Please advise as soon as possible.,Cancellation,Medium,synthetic
T01065,"Hi support team, Does ur REST API support webhook event subscriptions for real-time order status updates, and where can we access the OpenAPI / Swagger documentation for testing? Appreciate a quick update on this.",Product Inquiry,Low,synthetic
T01066,"FYI, Router blinking red, internet down. Looking forward to hearing back.",Technical Support,High,synthetic
T01067,Agent ne bina answer kiye ticket close kar diya. Urgent attention required.,Complaint,Medium,synthetic
T01068,"Hello, Close my account. Plz respond asap.",Cancellation,Medium,synthetic
T01069,Paisa refund karo jaldi. Kindly look into this matter promptly.,Refund,Medium,synthetic
T01070,Kya is software mein custom reporting export option available hai? Appreciate a quick update on this.,Product Inquiry,Low,synthetic
T01071,"Quick question - System cancelled my order due to stock shortage, but the money has not been refunded yet. Urgent attention required.",Refund,Medium,synthetic
T01072,Rude customer agent on call. Kindly look into this matter promptly.,Complaint,Low,synthetic
T01073,System crash ho raha hai export click karte hi error code SOCKET_TIMEOUT ke saath. Thanks for your help!,Technical Support,Medium,synthetic
T01074,Subscription end karo. Plz respond asap.,Cancellation,Low,synthetic
T01075,"Hey there, Repeated system downtime and unannounced maintenance windows over the past month have disrupted our operations three times. We demand an immediate explanation from management and SLA service credits. Thanks for your help!",Complaint,Critical,synthetic
T01076,Worst support experience ever. Urgent attention required.,Complaint,Medium,synthetic
T01077,Urgent: No reply to urgent ticket for 48 hours despite paying for 24/7 premium support SLA. Plz respond asap,Complaint,High,synthetic
T01078,"Hi support team, Tracking not updating for order 28972. Kindly look into this matter promptly.",Shipping,Low,synthetic
T01079,Password reset link kaam nahi kar raha. Please advise as soon as possible.,Account,Medium,synthetic
T01080,"Hi support team, Database connection timeout. Plz respond asap.",Technical Support,Critical,synthetic
T01081,"Dear customer service, Wrong item delivered, money back. Looking forward to hearing back.",Refund,Medium,synthetic
T01082,"Hi support team, How can I change the primary administrator email address associated with our company portal? Appreciate a quick update on this.",Account,Low,synthetic
T01083,"Hey there, I paid extra for guaranteed next-day air shipping on order 28258 because of an urgent event. It has now been 4 days and the tracking status shows the package is still sitting at the local distribution facility. Please expedite delivery or refund express fees. Looking forward to hearing back.",Shipping,High,synthetic
T01084,"FYI, 2FA code not received. Contact me via email or phone.",Account,Medium,synthetic
T01085,Pakka refund kab tak milega order 70429 ka?,Refund,Medium,synthetic
T01086,Quick question - App crashes on launch.,Technical Support,Medium,synthetic
T01087,"Hello, Tracking link shows package held at border customs clearance depot. Please advise as soon as possible.",Shipping,Medium,synthetic
T01088,"Hello, My parcel box arrived completely crushed with contents damaged during transport. Looking forward to hearing back.",Shipping,High,synthetic
T01089,"Dear customer service, Bulk license pricing details? Please advise as soon as possible.",Product Inquiry,Medium,synthetic
T01090,API documentation link chahiye. Kindly look into this matter promptly.,Product Inquiry,Low,synthetic
T01091,"FYI, Database connection timeout.",Technical Support,Critical,synthetic
T01092,"Hi support team, Where is my pending refund?",Refund,Medium,synthetic
T01093,"Mera admin account locked ho gaya hai, please reset karein. Kindly look into this matter promptly.",Account,Medium,synthetic
T01094,"Hello, I was billed $99.99 this month, but my plan is supposed to be $79.99. Contact me via email or phone.",Billing,Medium,synthetic
T01095,"Dear customer service, Unannounced platform outage during business hours caused direct revenue loss for our company. Looking forward to hearing back.",Complaint,Critical,synthetic
T01096,"Hi support team, Unrecognized login notification received. Plz respond asap.",Account,Critical,synthetic
T01097,"Hi support team, I am requesting complete account closure and permanent deletion of all personal stored data from your servers in compliance with privacy regulations.",Account,Medium,synthetic
T01098,"Hello, Close my account. Thanks for your help!",Cancellation,Medium,synthetic
T01099,"Hello, Due to budget cuts in our organization, we can no longer maintain our active subscription plan. Please process account cancellation immediately and send written confirmation that auto-renew has been disabled. Urgent attention required.",Cancellation,High,synthetic
T01100,"Hi support team, Repeated system downtime and unannounced maintenance windows over the past month have disrupted our operations three times. We demand an immediate explanation from management and SLA service credits. Kindly look into this matter promptly.",Complaint,Critical,synthetic
T01101,"Hey there, Page loading times have degraded significantly after the latest patch, causing request timeouts. Urgent attention required.",Technical Support,Medium,synthetic
T01102,"Due to budget cuts in our organization, we can no longer maintain our active subscription plan. Please process account cancellation immediately and send written confirmation that auto-renew has been disabled. Contact me via email or phone.",Cancellation,High,synthetic
T01103,Paisa refund karo jaldi. Urgent attention required.,Refund,Medium,synthetic
T01104,"FYI, Does the cloud storage infrastructure comply w/ SOC2 and HIPAA security certifications? Contact me via email or phone.",Product Inquiry,Medium,synthetic
T01105,"Dear customer service, Do you offer non-profit or educational discounts for team subscription accounts? Please advise as soon as possible.",Product Inquiry,Medium,synthetic
T01106,"Hey there, I am filing a formal complaint regarding misleading feature advertising on your pricing page. We purchased the business plan based on promised custom integration features, only to discover after onboarding that the API is not included. Urgent attention required.",Complaint,Medium,synthetic
T01107,Pakka refund kab tak milega order 76137 ka? Kindly look into this matter promptly.,Refund,Medium,synthetic
T01108,"Hello, 2FA code not received. Please advise as soon as possible",Account,Medium,synthetic
T01109,Urgent: Requesting refund for order 79978. Urgent attention required.,Refund,High,synthetic
T01110,"Hey there, Can I update my shipping delivery address to apartment 4B before the order dispatches? Urgent attention required.",Shipping,Medium,synthetic
T01111,"Hello, My parcel box arrived completely crushed w/ contents damaged during transport. Please advise as soon as possible.",Shipping,High,synthetic
T01112,"FYI, Plan cancellation request.",Cancellation,Low,synthetic
T01113,Subscription end karo. Looking forward to hearing back.,Cancellation,Low,synthetic
T01114,"FYI, Unannounced platform outage during business hours caused direct revenue loss for our company. Plz respond asap.",Complaint,Critical,synthetic
T01115,"Hi support team, Why does the mobile application crash every time I try to open the camera or upload a document? Contact me via email or phone.",Technical Support,Medium,synthetic
T01116,Urgent: Where is my parcel? Appreciate a quick update on this.,Shipping,High,synthetic
T01117,"Dear customer service, Where is my pending refund? Please advise as soon as possible.",Refund,Medium,synthetic
T01118,Kharaab service experience che. Kindly look into this matter promptly.,Complaint,Low,synthetic
T01119,"Hey there, There is an unrecognized charge of $499.0 on my credit card statement. Appreciate a quick update on this",Billing,Critical,synthetic
T01120,"Hey there, System cancelled my order due to stock shortage, but the money has not been refunded yet. Looking forward to hearing back.",Refund,Medium,synthetic
T01121,Plz help - Does product support dark mode? Plz respond asap,Product Inquiry,High,synthetic
T01122,"Hey there, Server error 500 on submit. Looking forward to hearing back.",Technical Support,Critical,synthetic
T01123,"Dear customer service, Your representative was dismissive and unhelpful when I asked for assistance with system errors. Kindly look into this matter promptly.",Complaint,Low,synthetic
T01124,Courier status update nathi thayo. Looking forward to hearing back,Shipping,Low,synthetic
T01125,There is an unrecognized charge of $149.0 on my credit card statement. Please advise as soon as possible.,Billing,Critical,synthetic
T01126,Plz help - No reply to urgent ticket for 48 hours despite paying for 24/7 premium support SLA. Appreciate a quick update on this,Complaint,High,synthetic
T01127,Urgent: I am terminating our contract effective today because key features promised during sales onboarding remain unreleased. Please confirm cancellation of invoice 43842 and remove recorded credit card details. Appreciate a quick update on this.,Cancellation,High,synthetic
T01128,Quick question - My parcel box arrived completely crushed with contents damaged during transport. Contact me via email or phone.,Shipping,High,synthetic
T01129,"Hello, Can I request a live demo session w/ a product specialist for model PRO-601? Plz respond asap.",Product Inquiry,Low,synthetic
T01130,Plz help - Could you tell me if your platform supports SAML 2.0 Single Sign-On for enterprise users? Please advise as soon as possible.,Product Inquiry,Medium,synthetic
T01131,"FYI, I would like to cancel my monthly subscription effective before the next billing cycle. Contact me via email or phone.",Cancellation,Low,synthetic
T01132,"Hey there, Can you please send me an official VAT receipt and tax invoice for billing period Jan 2026? Please advise as soon as possible.",Billing,Medium,synthetic
T01133,"Hey there, Worst support experience ever. Please advise as soon as possible.",Complaint,Medium,synthetic
T01134,"Dear customer service, Does your REST API support webhook event subscriptions for real-time order status updates, and where can we access the OpenAPI / Swagger documentation for testing?",Product Inquiry,Low,synthetic
T01135,"Hello, Tracking link shows package held at border customs clearance depot. Looking forward to hearing back.",Shipping,Low,synthetic
T01136,"Hey there, Where to find user documentation? Thanks for your help!",Product Inquiry,Low,synthetic
T01137,Quick question - Can you please send me an official VAT receipt and tax invoice for billing period Q1 2026? Kindly look into this matter promptly.,Billing,Low,synthetic
T01138,Plz help - Your representative was dismissive and unhelpful when I asked for assistance with system errors. Looking forward to hearing back.,Complaint,Low,synthetic
T01139,Quick question - What are the minimum hardware and RAM requirements for running the server software on Linux? Please advise as soon as possible.,Product Inquiry,Medium,synthetic
T01140,"Dear customer service, Our team administrator suddenly lost access to the master workspace account after enabling SAML 2.0 SSO. The login screen loops indefinitely between the identity provider and portal without authenticating. We need urgent admin intervention.",Account,Critical,synthetic
T01141,Plz help - Desktop software freezing. Looking forward to hearing back.,Technical Support,Medium,synthetic
T01142,"Dear customer service, We are migrating to a different vendor and request complete contract termination. Please advise as soon as possible.",Cancellation,Medium,synthetic
T01143,"Hi support team, Our backend production database server at 192.168.127.89 is refusing incoming connections with error ERR_502. Looking forward to hearing back.",Technical Support,Critical,synthetic
T01144,Database connection timeout. Plz respond asap.,Technical Support,Critical,synthetic
T01145,"Dear customer service, What are the minimum hardware and RAM requirements for running the server software on Linux? Contact me via email or phone.",Product Inquiry,Low,synthetic
T01146,"Hello, The courier marked my parcel as delivered on the porch, but there is no package outside my house. Appreciate a quick update on this.",Shipping,High,synthetic
T01147,"Hi support team, Does ur REST API support webhook event subscriptions for real-time order status updates, and where can we access the OpenAPI / Swagger documentation for testing? Urgent attention required.",Product Inquiry,Medium,synthetic
T01148,"Hello, Why am I seeing two charges for the same order 60436 on my bank app?",Billing,Medium,synthetic
T01149,Plz help - Where is my parcel? Kindly look into this matter promptly.,Shipping,Low,synthetic
T01150,Plz help - No reply to urgent ticket for 48 hours despite paying for 24/7 premium support SLA. Appreciate a quick update on this.,Complaint,High,synthetic
T01151,"Urgent: Due to budget cuts in our organization, we can no longer maintain our active subscription plan. Please process account cancellation immediately and send written confirmation that auto-renew has been disabled.",Cancellation,High,synthetic
T01152,"FYI, Forgot password link expired. Kindly look into this matter promptly.",Account,Low,synthetic
T01153,Urgent: No reply to urgent ticket for 48 hours despite paying for 24/7 premium support SLA. Plz respond asap.,Complaint,High,synthetic
T01154,"Dear customer service, Why am I seeing two charges for the same order 93839 on my bank app? Kindly look into this matter promptly.",Billing,Medium,synthetic
T01155,Urgent: VPN connection repeatedly drops every few minutes when connected to office network. Contact me via email or phone.,Technical Support,High,synthetic
T01156,Quick question - Can I request a live demo session with a product specialist for model PRO-718? Looking forward to hearing back.,Product Inquiry,Low,synthetic
T01157,"FYI, What are the minimum hardware and RAM requirements for running the server software on Linux? Please advise as soon as possible.",Product Inquiry,Medium,synthetic
T01158,Urgent: Cancel subscription immediately. Kindly look into this matter promptly.,Cancellation,High,synthetic
T01159,"Dear customer service, Cannot log into account. Urgent attention required",Account,High,synthetic
T01160,Quick question - What are the minimum hardware and RAM requirements for running the server software on Linux?,Product Inquiry,Low,synthetic
T01161,"Dear customer service, Please help unlock my account after entering wrong password three times. Kindly look into this matter promptly.",Account,Low,synthetic
T01162,"FYI, Single Sign-On (SSO) authentication is throwing a redirect URI error for domain users. Kindly look into this matter promptly.",Account,High,synthetic
T01163,Urgent: The cancellation button is missing from my account billing settings page. Please cancel for me. Appreciate a quick update on this.,Cancellation,High,synthetic
T01164,Urgent: Does product support dark mode? Urgent attention required.,Product Inquiry,High,synthetic
T01165,"Dear customer service, Requesting refund for order 75867. Please advise as soon as possible",Refund,Medium,synthetic
T01166,"Hi support team, Bulk license pricing details? Looking forward to hearing back.",Product Inquiry,Low,synthetic
T01167,"Dear customer service, Tracking number 84917 has been stuck in transit at the hub for over 6 days without progress. Contact me via email or phone.",Shipping,Medium,synthetic
T01168,Plz help - 2FA code not received. Plz respond asap.,Account,Medium,synthetic
T01169,Mera payment duplicate kat gaya hai. Please advise as soon as possible,Billing,Medium,synthetic
T01170,Plz help - The cancellation button is missing from my account billing settings page. Please cancel for me. Appreciate a quick update on this,Cancellation,Medium,synthetic
T01171,"Hey there, We signed up under a free trial promotional banner, yet our company credit card was billed $99.99 on day one. We expect a full reversal of this unauthorized charge and correction of our subscription tier. Looking forward to hearing back.",Billing,Critical,synthetic
T01172,"Hey there, I have been on hold for over 45 minutes without anyone picking up my call. This service is terrible.",Complaint,Medium,synthetic
T01173,"Hey there, Our organization was charged a late fee penalty of $49.0 despite completing the wire transfer prior to the due date. Attached is our bank transaction confirmation for your accounts team to verify and credit back.",Billing,Medium,synthetic
T01174,Urgent: Duplicate charge on statement. Please advise as soon as possible.,Billing,High,synthetic
T01175,Urgent: Repeated system downtime and unannounced maintenance windows over the past month have disrupted our operations three times. We demand an immediate explanation from management and SLA service credits. Looking forward to hearing back.,Complaint,Critical,synthetic
T01176,"I am filing a formal complaint regarding misleading feature advertising on your pricing page. We purchased the business plan based on promised custom integration features, only to discover after onboarding that the API is not included. Appreciate a quick update on this.",Complaint,Medium,synthetic
T01177,Billing ma double charge thayo che. Looking forward to hearing back.,Billing,Medium,synthetic
T01178,"Hello, System cancelled my order due to stock shortage, but the money has not been refunded yet. Please advise as soon as possible.",Refund,Medium,synthetic
T01179,Urgent: I am requesting complete account closure and permanent deletion of all personal stored data from ur servers in compliance with privacy regulations. Looking forward to hearing back.,Account,High,synthetic
T01180,Quick question - My parcel box arrived completely crushed with contents damaged during transport. Contact me via email or phone,Shipping,High,synthetic
T01181,Subscription end karo. Please advise as soon as possible.,Cancellation,Medium,synthetic
T01182,There is an unrecognized charge of $99.99 on my credit card statement. Thanks for your help!,Billing,Critical,synthetic
T01183,"Hello, I am filing a formal complaint regarding misleading feature advertising on your pricing page. We purchased the business plan based on promised custom integration features, only to discover after onboarding that the API is not included. Contact me via email or phone.",Complaint,Medium,synthetic
T01184,Mera payment duplicate kat gaya hai. Looking forward to hearing back.,Billing,Medium,synthetic
T01185,Urgent: 2FA code not received. Please advise as soon as possible.,Account,High,synthetic
T01186,"Hello, We are migrating to a different vendor and request complete contract termination. Urgent attention required.",Cancellation,Medium,synthetic
T01187,"Hello, The delivery driver left our electronic equipment package in heavy rain outside the warehouse gate without ringing the bell or getting a signature. Water soaked through the box. Plz respond asap.",Shipping,High,synthetic
T01188,Urgent: I paid extra for guaranteed next-day air shipping on order 53846 because of an urgent event. It has now been 4 days and the tracking status shows the package is still sitting at the local distribution facility. Please expedite delivery or refund express fees. Appreciate a quick update on this.,Shipping,High,synthetic
T01189,System crash ho raha hai export click karte hi error code SOCKET_TIMEOUT ke saath. Contact me via email or phone.,Technical Support,Medium,synthetic
T01190,Plz help - Payment failed but money deducted. Plz respond asap.,Billing,High,synthetic
T01191,Pakka refund kab tak milega order 89918 ka? Kindly look into this matter promptly.,Refund,Medium,synthetic
T01192,I returned package for order 23948 two weeks ago but haven't seen the refund credited to my bank account.,Refund,Medium,synthetic
T01193,Aa product ma discount milse? Plz respond asap,Product Inquiry,High,synthetic
T01194,"Dear customer service, Due to budget cuts in our organization, we can no longer maintain our active subscription plan. Please process account cancellation immediately and send written confirmation that auto-renew has been disabled. Urgent attention required",Cancellation,High,synthetic
T01195,The cancellation button is missing from my account billing settings page. Plz cancel for me.,Cancellation,Medium,synthetic
T01196,"FYI, Bulk license pricing details? Looking forward to hearing back.",Product Inquiry,Low,synthetic
T01197,"Hello, Why does the mobile application crash every time I try to open the camera or upload a document?",Technical Support,Medium,synthetic
T01198,Plz help - I would like to cancel my monthly subscription effective before the next billing cycle. Thanks for your help!,Cancellation,Low,synthetic
T01199,Please help unlock my account after entering wrong password three times. Plz respond asap,Account,High,synthetic
T01200,Urgent: My parcel box arrived completely crushed with contents damaged during transport. Contact me via email or phone,Shipping,High,synthetic
T01201,"Hey there, Rude customer agent on call. Appreciate a quick update on this.",Complaint,Low,synthetic
T01202,"Hey there, Ever since updating to version 4.2 yesterday, our entire telemetry team has been unable to access the web portal. The page loads infinitely before displaying an internal server error (HTTP 500). This is blocking active customer operations. Please advise as soon as possible.",Technical Support,Critical,synthetic
T01203,"Hey there, Forgot password link expired. Plz respond asap.",Account,Low,synthetic
T01204,"FYI, I am filing a formal complaint regarding misleading feature advertising on ur pricing page. We purchased the business plan based on promised custom integration features, only to discover after onboarding that the API is not included. Looking forward to hearing back",Complaint,Medium,synthetic
T01205,"Mera admin account locked ho gaya hai, please reset karein. Looking forward to hearing back.",Account,Medium,synthetic
T01206,"Hey there, Can someone help resolve the DLL loading error on Windows 11 when starting the client application? Plz respond asap.",Technical Support,Medium,synthetic
T01207,2FA code not received. Looking forward to hearing back.,Account,Medium,synthetic
T01208,Agent ne bina answer kiye ticket close kar diya. Looking forward to hearing back,Complaint,Medium,synthetic
T01209,Quick question - Can I request a live demo session with a product specialist for model PRO-593? Kindly look into this matter promptly.,Product Inquiry,Low,synthetic
T01210,"Hi support team, Does product support dark mode? Thanks for your help!",Product Inquiry,Low,synthetic
T01211,Quick question - Where to find user documentation? Please advise as soon as possible.,Product Inquiry,Medium,synthetic
T01212,"Plz help - I received an email stating my password was changed from an unknown location, but I did not initiate this. Plz respond asap.",Account,Critical,synthetic
T01213,"Hello, Can I update my shipping delivery address to apartment 4B before the order dispatches? Looking forward to hearing back.",Shipping,Medium,synthetic
T01214,"Quick question - We are observing consistent memory leaks in the background daemon process on node 192.168.206.155. Memory utilization climbs to 99% within two hours of service start, eventually forcing a kernel panic and abrupt system reboot. Urgent attention required",Technical Support,High,synthetic
T01215,"Dear customer service, Router blinking red, internet down. Urgent attention required.",Technical Support,High,synthetic
T01216,"Hello, Ever since updating to version 4.2 yesterday, our entire telemetry team has been unable to access the web portal. The page loads infinitely before displaying an internal server error (HTTP 500). This is blocking active customer operations. Plz respond asap.",Technical Support,Critical,synthetic
T01217,Parcel delivered bol raha hai par gate pe koi item nahi hai. Kindly look into this matter promptly,Shipping,High,synthetic
T01218,"Hi support team, The delivery driver left our electronic equipment package in heavy rain outside the warehouse gate without ringing the bell or getting a signature. Water soaked through the box. Kindly look into this matter promptly.",Shipping,High,synthetic
T01219,"Plz help - Wrong item delivered, money back. Thanks for ur help!",Refund,Medium,synthetic
T01220,"Hi support team, The offline synchronization module fails to push local SQLite records to the cloud database when reconnecting to Wi-Fi. Data remains cached locally without throwing explicit log exceptions. Kindly look into this matter promptly.",Technical Support,Medium,synthetic
T01221,"Plz help - Ever since updating to version 4.2 yesterday, our entire telemetry team has been unable to access the web portal. The page loads infinitely before displaying an internal server error (HTTP 500). This is blocking active customer operations. Please advise as soon as possible.",Technical Support,Critical,synthetic
T01222,"Dear customer service, Does product support dark mode? Thanks for ur help!",Product Inquiry,Low,synthetic
T01223,"Hey there, Unrecognized login notification received. Plz respond asap.",Account,Critical,synthetic
T01224,Parcel delivered bol raha hai par gate pe koi item nahi hai. Appreciate a quick update on this.,Shipping,High,synthetic
T01225,Aa product ma discount milse? Appreciate a quick update on this,Product Inquiry,Low,synthetic
T01226,Urgent: Is macOS Sequoia supported? Appreciate a quick update on this.,Product Inquiry,High,synthetic
T01227,Courier status update nathi thayo. Kindly look into this matter promptly,Shipping,Low,synthetic
T01228,Plz help - Does the cloud storage infrastructure comply with SOC2 and HIPAA security certifications? Contact me via email or phone.,Product Inquiry,Medium,synthetic
T01229,"Damaged product, refund needed. Looking forward to hearing back.",Refund,Medium,synthetic
T01230,Plz help - Service downtime ruined our demo. Contact me via email or phone.,Complaint,Critical,synthetic
T01231,"Hi support team, We are migrating to a different vendor and request complete contract termination",Cancellation,Medium,synthetic
T01232,"Hello, Our organization was charged a late fee penalty of $49.0 despite completing the wire transfer prior to the due date. Attached is our bank transaction confirmation for your accounts team to verify and credit back.",Billing,Medium,synthetic
T01233,Urgent: Where is my pending refund? Plz respond asap.,Refund,High,synthetic
T01234,VPN connection repeatedly drops every few minutes when connected to office network. Appreciate a quick update on this,Technical Support,High,synthetic
T01235,Plz help - Package marked delivered but missing. Plz respond asap.,Shipping,Critical,synthetic
T01236,"Hey there, Duplicate charge on statement. Appreciate a quick update on this.",Billing,Medium,synthetic
T01237,Urgent: Our organization was charged a late fee penalty of $49.0 despite completing the wire transfer prior to the due date. Attached is our bank transaction confirmation for your accounts team to verify and credit back. Kindly look into this matter promptly.,Billing,High,synthetic
T01238,Urgent: Tracking link shows package held at border customs clearance depot. Thanks for your help!,Shipping,High,synthetic
T01239,Quick question - How do I cancel my pending order before it moves to the warehouse packing stage?,Cancellation,Low,synthetic
T01240,Kya is software mein custom reporting export option available hai? Appreciate a quick update on this,Product Inquiry,Low,synthetic
T01241,"FYI, Turn off auto-renewal.",Cancellation,Low,synthetic
T01242,Delivery kab tak aayegi? Kindly look into this matter promptly.,Shipping,Low,synthetic
T01243,I am requesting complete account closure and permanent deletion of all personal stored data from your servers in compliance with privacy regulations. Urgent attention required.,Account,Medium,synthetic
T01244,"Hey there, Plan cancellation request. Looking forward to hearing back.",Cancellation,Low,synthetic
T01245,Cancel subscription immediately. Appreciate a quick update on this.,Cancellation,High,synthetic
T01246,"FYI, We are migrating to a different vendor and request complete contract termination. Please advise as soon as possible.",Cancellation,Medium,synthetic
T01247,Quick question - The delivery driver left our electronic equipment package in heavy rain outside the warehouse gate without ringing the bell or getting a signature. Water soaked through the box. Contact me via email or phone.,Shipping,High,synthetic
T01248,Bulk license pricing details? Plz respond asap.,Product Inquiry,Low,synthetic
T01249,"Hello, Does product support dark mode? Thanks for your help!",Product Inquiry,Low,synthetic
T01250,"FYI, Account locked after failed logins. Thanks for ur help!",Account,High,synthetic
T01251,Quick question - Why am I seeing two charges for the same order 68303 on my bank app? Contact me via email or phone.,Billing,Medium,synthetic
T01252,"Hi support team, I was billed $149.0 this month, but my plan is supposed to be $79.99. Looking forward to hearing back.",Billing,Medium,synthetic
T01253,App chalne ma problem aave che. Please advise as soon as possible.,Technical Support,Medium,synthetic
T01254,"Hey there, I paid extra for guaranteed next-day air shipping on order 36289 because of an urgent event. It has now been 4 days and the tracking status shows the package is still sitting at the local distribution facility. Plz expedite delivery or refund express fees. Please advise as soon as possible.",Shipping,High,synthetic
T01255,Urgent: I would like to cancel my monthly subscription effective before the next billing cycle. Please advise as soon as possible.,Cancellation,High,synthetic
T01256,"Hello, Double billing issue.",Billing,Medium,synthetic
T01257,Urgent: Our backend production database server at 192.168.34.233 is refusing incoming connections w/ error NULL_POINTER_EXC. Appreciate a quick update on this.,Technical Support,High,synthetic
T01258,"Dear customer service, I was billed $99.99 this month, but my plan is supposed to be $9.99. Contact me via email or phone.",Billing,Medium,synthetic
T01259,Refund process nahi hua abhi tak. Contact me via email or phone.,Refund,Medium,synthetic
T01260,"FYI, Wrong item delivered, money back. Urgent attention required.",Refund,Medium,synthetic
T01261,"Dear customer service, Why am I seeing two charges for the same order 97797 on my bank app? Plz respond asap.",Billing,Medium,synthetic
T01262,"FYI, Service downtime ruined our demo.",Complaint,Critical,synthetic
T01263,Please help unlock my account after entering wrong password three times.,Account,Low,synthetic
T01264,"Dear customer service, Unannounced platform outage during business hours caused direct revenue loss for our company.",Complaint,Critical,synthetic
T01265,"Dear customer service, Repeated system downtime and unannounced maintenance windows over the past month have disrupted our operations three times. We demand an immediate explanation from management and SLA service credits. Looking forward to hearing back.",Complaint,Critical,synthetic
T01266,Urgent: Please turn off automatic renewal for account 23452 so I am not charged next month,Cancellation,High,synthetic
T01267,"FYI, Turn off auto-renewal. Kindly look into this matter promptly",Cancellation,Low,synthetic
T01268,"FYI, Account locked after failed logins. Thanks for your help!",Account,High,synthetic
T01269,"Hi support team, Tracking link shows package held at border customs clearance depot. Plz respond asap.",Shipping,Low,synthetic
T01270,Wrong delivery address on order 49389. Plz respond asap.,Shipping,Medium,synthetic
T01271,"Hello, Damaged product, refund needed. Appreciate a quick update on this.",Refund,Medium,synthetic
T01272,"Plz help - We are currently evaluating software solutions for a 300-person engineering team. Could you provide a comprehensive comparison document outlining feature differences between the Professional and Enterprise plans, along with volume discount schedules? Looking forward to hearing back.",Product Inquiry,Low,synthetic
T01273,Quick question - The offline synchronization module fails to push local SQLite records to the cloud database when reconnecting to Wi-Fi. Data remains cached locally without throwing explicit log exceptions. Kindly look into this matter promptly.,Technical Support,Medium,synthetic
T01274,"Hi support team, How can I change the primary administrator email address associated with our company portal? Thanks for your help!",Account,Low,synthetic
T01275,"Hey there, The item arrived with broken glass and torn packaging. I demand an immediate full refund. Kindly look into this matter promptly.",Refund,High,synthetic
T01276,Quick question - I have been on hold for over 45 minutes without anyone picking up my call. This service is terrible. Please advise as soon as possible.,Complaint,Medium,synthetic
T01277,"FYI, Where is my pending refund? Appreciate a quick update on this",Refund,Medium,synthetic
T01278,Parcel delivered bol raha hai par gate pe koi item nahi hai. Thanks for ur help!,Shipping,High,synthetic
T01279,"FYI, Plz help unlock my account after entering wrong password three times. Plz respond asap.",Account,Low,synthetic
T01280,"Hey there, Our scheduled virtual event was ruined due to continuous platform outages on your side. We paid $249.5 for premium hosting and request an immediate pro-rated credit refund to our corporate account balance. Please advise as soon as possible.",Refund,Medium,synthetic
T01281,I paid extra for guaranteed next-day air shipping on order 85929 because of an urgent event. It has now been 4 days and the tracking status shows the package is still sitting at the local distribution facility. Please expedite delivery or refund express fees. Urgent attention required.,Shipping,High,synthetic
T01282,Mera payment duplicate kat gaya hai. Plz respond asap,Billing,High,synthetic
T01283,"Hello, Does the cloud storage infrastructure comply with SOC2 and HIPAA security certifications? Kindly look into this matter promptly.",Product Inquiry,Medium,synthetic
T01284,Plz help - Ticket closed without resolution. Appreciate a quick update on this.,Complaint,Medium,synthetic
T01285,Plz help - Desktop software freezing. Kindly look into this matter promptly.,Technical Support,Medium,synthetic
T01286,Quick question - Our team administrator suddenly lost access to the master workspace account after enabling SAML 2.0 SSO. The login screen loops indefinitely between the identity provider and portal without authenticating. We need urgent admin intervention. Appreciate a quick update on this.,Account,Critical,synthetic
T01287,"Hello, Close my account.",Cancellation,Medium,synthetic
T01288,Mera payment duplicate kat gaya hai. Plz respond asap.,Billing,Medium,synthetic
T01289,"Urgent: Router blinking red, internet down. Please advise as soon as possible.",Technical Support,High,synthetic
T01290,"Dear customer service, Does product support dark mode? Contact me via email or phone",Product Inquiry,Low,synthetic
T01291,"Hello, We are currently evaluating software solutions for a 300-person engineering team. Could you provide a comprehensive comparison document outlining feature differences between the Professional and Enterprise plans, along with volume discount schedules? Appreciate a quick update on this.",Product Inquiry,Low,synthetic
T01292,"Hey there, The offline synchronization module fails to push local SQLite records to the cloud database when reconnecting to Wi-Fi. Data remains cached locally without throwing explicit log exceptions.",Technical Support,Medium,synthetic
T01293,Website completely crash ho gaya hai. Appreciate a quick update on this.,Technical Support,Critical,synthetic
T01294,"Plz help - Ever since updating to version 4.2 yesterday, our entire telemetry team has been unable to access the web portal. The page loads infinitely before displaying an internal server error (HTTP 500). This is blocking active customer operations.",Technical Support,Critical,synthetic
T01295,"Hey there, How do I cancel my pending order before it moves to the warehouse packing stage? Thanks for your help!",Cancellation,Low,synthetic
T01296,App chalne ma problem aave che. Urgent attention required.,Technical Support,Medium,synthetic
T01297,Aa product ma discount milse? Please advise as soon as possible,Product Inquiry,Medium,synthetic
T01298,"Plz help - Router blinking red, internet down.",Technical Support,High,synthetic
T01299,"Hi support team, Your representative was dismissive and unhelpful when I asked for assistance with system errors. Thanks for your help!",Complaint,Low,synthetic
T01300,Plz help - Why does the mobile application crash every time I try to open the camera or upload a document? Contact me via email or phone,Technical Support,Medium,synthetic
T01301,Quick question - Wrong delivery address on order 63373. Contact me via email or phone.,Shipping,Medium,synthetic
T01302,Urgent: Service downtime ruined our demo. Looking forward to hearing back.,Complaint,High,synthetic
T01303,"Quick question - Support agent closed my ticket 65315 marking it resolved, even though the bug is still happening!",Complaint,High,synthetic
T01304,"Hi support team, Please turn off automatic renewal for account 35965 so I am not charged next month. Looking forward to hearing back.",Cancellation,Low,synthetic
T01305,Ticket closed without resolution. Looking forward to hearing back,Complaint,Medium,synthetic
T01306,Package marked delivered but missing. Plz respond asap.,Shipping,Critical,synthetic
T01307,"Plz help - The courier marked my parcel as delivered on the porch, but there is no package outside my house. Appreciate a quick update on this.",Shipping,High,synthetic
T01308,Where is my parcel? Appreciate a quick update on this.,Shipping,Low,synthetic
T01309,Password reset link kaam nahi kar raha. Thanks for your help!,Account,Low,synthetic
T01310,Urgent: Please help unlock my account after entering wrong password three times. Looking forward to hearing back.,Account,High,synthetic
T01311,Courier status update nathi thayo.,Shipping,Low,synthetic
T01312,Quick question - Our backend production database server at 192.168.58.163 is refusing incoming connections with error NULL_POINTER_EXC. Kindly look into this matter promptly.,Technical Support,Critical,synthetic
T01313,"Hello, Ticket closed without resolution.",Complaint,Medium,synthetic
T01314,"FYI, What are the minimum hardware and RAM requirements for running the server software on Linux? Looking forward to hearing back.",Product Inquiry,Low,synthetic
T01315,"FYI, Service downtime ruined our demo. Appreciate a quick update on this.",Complaint,Critical,synthetic
T01316,"Dear customer service, What are the minimum hardware and RAM requirements for running the server software on Linux? Urgent attention required.",Product Inquiry,Medium,synthetic
T01317,Plz help - Need tax invoice for order 75382.,Billing,Low,synthetic
T01318,"Hey there, What are the minimum hardware and RAM requirements for running the server software on Linux?",Product Inquiry,Low,synthetic
T01319,"Hello, Is macOS Sequoia supported? Urgent attention required.",Product Inquiry,Medium,synthetic
T01320,Unrecognized login notification received. Urgent attention required.,Account,Critical,synthetic
T01321,"Hey there, Support agent closed my ticket 15995 marking it resolved, even though the bug is still happening! Urgent attention required.",Complaint,High,synthetic
T01322,Quick question - Our team administrator suddenly lost access to the master workspace account after enabling SAML 2.0 SSO. The login screen loops indefinitely between the identity provider and portal without authenticating. We need urgent admin intervention. Looking forward to hearing back.,Account,Critical,synthetic
T01323,Plz turn off automatic renewal for account 62219 so I am not charged next month. Appreciate a quick update on this,Cancellation,Low,synthetic
T01324,Plz help - Requesting refund for order 44774. Kindly look into this matter promptly.,Refund,Medium,synthetic
T01325,"Dear customer service, Plan cancellation request. Looking forward to hearing back.",Cancellation,Low,synthetic
T01326,"Hello, My parcel box arrived completely crushed with contents damaged during transport. Contact me via email or phone.",Shipping,High,synthetic
T01327,Urgent: Our backend production database server at 192.168.3.198 is refusing incoming connections with error SOCKET_TIMEOUT. Kindly look into this matter promptly.,Technical Support,High,synthetic
T01328,"Hey there, Router blinking red, internet down. Contact me via email or phone.",Technical Support,High,synthetic
T01329,"Support agent closed my ticket 47410 marking it resolved, even though the bug is still happening!",Complaint,High,synthetic
T01330,"Mera admin account locked ho gaya hai, please reset karein. Urgent attention required.",Account,Medium,synthetic
T01331,Plz help - No reply to urgent ticket for 48 hours despite paying for 24/7 premium support SLA. Plz respond asap.,Complaint,High,synthetic
T01332,"Hello, Package marked delivered but missing. Thanks for your help!",Shipping,Critical,synthetic
T01333,"Hey there, I have been on hold for over 45 minutes w/out anyone picking up my call. This service is terrible. Contact me via email or phone.",Complaint,Medium,synthetic
T01334,"Hello, Cancel subscription immediately.",Cancellation,High,synthetic
T01335,"FYI, Router blinking red, internet down. Contact me via email or phone.",Technical Support,High,synthetic
T01336,Pakka refund kab tak milega order 10973 ka? Looking forward to hearing back.,Refund,Medium,synthetic
T01337,"FYI, Our organization was charged a late fee penalty of $149.0 despite completing the wire transfer prior to the due date. Attached is our bank transaction confirmation for your accounts team to verify and credit back. Contact me via email or phone.",Billing,Medium,synthetic
T01338,Urgent: I would like to cancel my monthly subscription effective before the next billing cycle. Appreciate a quick update on this.,Cancellation,High,synthetic
T01339,"Dear customer service, Does the cloud storage infrastructure comply with SOC2 and HIPAA security certifications? Please advise as soon as possible",Product Inquiry,Medium,synthetic
T01340,Kripya invoice receipt email ID par bhej dijiye. Thanks for ur help!,Billing,Low,synthetic
T01341,"Urgent: I was billed $99.99 this month, but my plan is supposed to be $29.99. Thanks for your help!",Billing,High,synthetic
T01342,"Account balance se double amount deduct ho gaya, please check billing statement. Urgent attention required",Billing,High,synthetic
T01343,"Hey there, I placed order 98007 for an enterprise hardware component, but received a completely different consumer product model. Since this does not match the product specification or purchase order, I am returning the package and request a full refund including express shipping charges. Appreciate a quick update on this.",Refund,High,synthetic
T01344,Password reset link kaam nahi kar raha. Kindly look into this matter promptly.,Account,Low,synthetic
T01345,"Hey there, Where is my pending refund? Kindly look into this matter promptly.",Refund,Medium,synthetic
T01346,"Hello, Your representative was dismissive and unhelpful when I asked for assistance with system errors. Contact me via email or phone.",Complaint,Low,synthetic
T01347,Quick question - Can I request a live demo session with a product specialist for model PRO-453? Plz respond asap.,Product Inquiry,Low,synthetic
T01348,"Hi support team, App crashes on launch. Kindly look into this matter promptly.",Technical Support,Medium,synthetic
T01349,"Hi support team, Where is my parcel? Appreciate a quick update on this.",Shipping,Low,synthetic
T01350,Plz help - Our organization was charged a late fee penalty of $19.99 despite completing the wire transfer prior to the due date. Attached is our bank transaction confirmation for your accounts team to verify and credit back. Thanks for your help!,Billing,Medium,synthetic
T01351,Urgent: Forgot password link expired. Kindly look into this matter promptly.,Account,High,synthetic
T01352,Could you tell me if ur platform supports SAML 2.0 Single Sign-On for enterprise users? Plz respond asap.,Product Inquiry,Low,synthetic
T01353,"Hello, Where is my parcel? Appreciate a quick update on this",Shipping,Low,synthetic
T01354,"Dear customer service, I was billed $19.99 this month, but my plan is supposed to be $29.99.",Billing,Medium,synthetic
T01355,"Hey there, The delivery driver left our electronic equipment package in heavy rain outside the warehouse gate without ringing the bell or getting a signature. Water soaked through the box. Please advise as soon as possible.",Shipping,High,synthetic
T01356,Quick question - Single Sign-On (SSO) authentication is throwing a redirect URI error for domain users. Appreciate a quick update on this,Account,High,synthetic
T01357,Urgent: Ticket closed without resolution. Appreciate a quick update on this.,Complaint,High,synthetic
T01358,"FYI, Server error 500 on submit. Contact me via email or phone",Technical Support,Critical,synthetic
T01359,Urgent: App crashes on launch. Thanks for your help!,Technical Support,High,synthetic
T01360,Plz help - I would like to cancel my monthly subscription effective before the next billing cycle. Urgent attention required.,Cancellation,Medium,synthetic
T01361,Urgent: Server error 500 on submit.,Technical Support,Critical,synthetic
T01362,"Hey there, Forgot password link expired.",Account,Low,synthetic
T01363,"FYI, Damaged product, refund needed. Plz respond asap.",Refund,Medium,synthetic
T01364,Urgent: Your representative was dismissive and unhelpful when I asked for assistance with system errors. Kindly look into this matter promptly,Complaint,High,synthetic
T01365,"Hi support team, Does your REST API support webhook event subscriptions for real-time order status updates, and where can we access the OpenAPI / Swagger documentation for testing? Thanks for your help!",Product Inquiry,Low,synthetic
T01366,"Hey there, Can I update my shipping delivery address to apartment 4B before the order dispatches? Appreciate a quick update on this.",Shipping,Medium,synthetic
T01367,"Dear customer service, Does the cloud storage infrastructure comply with SOC2 and HIPAA security certifications? Appreciate a quick update on this.",Product Inquiry,Medium,synthetic
T01368,"FYI, Double billing issue. Urgent attention required",Billing,High,synthetic
T01369,"Dear customer service, Requesting refund for order 39762. Looking forward to hearing back.",Refund,Medium,synthetic
T01370,"Damaged product, refund needed. Kindly look into this matter promptly.",Refund,Medium,synthetic
T01371,"FYI, Service downtime ruined our demo. Plz respond asap.",Complaint,Critical,synthetic
T01372,"Router blinking red, internet down. Please advise as soon as possible",Technical Support,High,synthetic
T01373,"Dear customer service, Need tax invoice for order 97486.",Billing,Low,synthetic
T01374,Quick question - Where to find user documentation? Appreciate a quick update on this,Product Inquiry,Low,synthetic
T01375,Urgent: Payment failed but money deducted. Contact me via email or phone.,Billing,High,synthetic
T01376,"Hey there, Service downtime ruined our demo. Please advise as soon as possible.",Complaint,Critical,synthetic
T01377,Urgent: Does product support dark mode? Kindly look into this matter promptly.,Product Inquiry,High,synthetic
T01378,"Ever since updating to version 4.2 yesterday, our entire telemetry team has been unable to access the web portal. The page loads infinitely before displaying an internal server error (HTTP 500). This is blocking active customer operations. Contact me via email or phone",Technical Support,Critical,synthetic
T01379,"Hi support team, 2FA code not received. Contact me via email or phone.",Account,Medium,synthetic
T01380,"Hello, Could you tell me if your platform supports SAML 2.0 Single Sign-On for enterprise users? Looking forward to hearing back.",Product Inquiry,Low,synthetic
T01381,Urgent: Can you please send me an official VAT receipt and tax invoice for billing period Feb 2026? Urgent attention required.,Billing,High,synthetic
T01382,Plz help - Package marked delivered but missing. Kindly look into this matter promptly.,Shipping,Critical,synthetic
T01383,Mera payment duplicate kat gaya hai,Billing,Medium,synthetic
T01384,"Hello, I would like to cancel my monthly subscription effective before the next billing cycle.",Cancellation,Low,synthetic
T01385,Repeated system downtime and unannounced maintenance windows over the past month have disrupted our operations three times. We demand an immediate explanation from management and SLA service credits. Looking forward to hearing back,Complaint,Critical,synthetic
T01386,"FYI, What are the minimum hardware and RAM requirements for running the server software on Linux? Appreciate a quick update on this.",Product Inquiry,Low,synthetic
T01387,"Hey there, The cancellation button is missing from my account billing settings page. Please cancel for me. Thanks for ur help!",Cancellation,Medium,synthetic
T01388,"FYI, I have been on hold for over 45 minutes without anyone picking up my call. This service is terrible. Looking forward to hearing back.",Complaint,Medium,synthetic
T01389,"Hello, Please turn off automatic renewal for account 43654 so I am not charged next month. Urgent attention required.",Cancellation,Medium,synthetic
T01390,Kripya invoice receipt email ID par bhej dijiye. Urgent attention required,Billing,High,synthetic
T01391,Urgent: The delivery driver left our electronic equipment package in heavy rain outside the warehouse gate without ringing the bell or getting a signature. Water soaked through the box. Please advise as soon as possible.,Shipping,High,synthetic
T01392,"System cancelled my order due to stock shortage, but the money has not been refunded yet. Thanks for your help!",Refund,Medium,synthetic
T01393,Plz help - Forgot password link expired. Plz respond asap.,Account,Low,synthetic
T01394,Quick question - Cancel subscription immediately. Looking forward to hearing back.,Cancellation,High,synthetic
T01395,"Dear customer service, Support agent closed my ticket 83431 marking it resolved, even though the bug is still happening! Appreciate a quick update on this.",Complaint,High,synthetic
T01396,"Mera admin account locked ho gaya hai, please reset karein. Appreciate a quick update on this.",Account,Medium,synthetic
T01397,"Hey there, The delivery driver left our electronic equipment package in heavy rain outside the warehouse gate without ringing the bell or getting a signature. Water soaked through the box. Thanks for your help!",Shipping,High,synthetic
T01398,Plz help - Cancel subscription immediately.,Cancellation,High,synthetic
T01399,Plz help - Why does the mobile application crash every time I try to open the camera or upload a document?,Technical Support,Medium,synthetic
T01400,Package marked delivered but missing. Kindly look into this matter promptly.,Shipping,Critical,synthetic
T01401,"Hi support team, Duplicate charge on statement. Kindly look into this matter promptly.",Billing,Medium,synthetic
T01402,"Hello, I accidentally renewed the wrong tier subscription yesterday. Is it possible to get a refund? Contact me via email or phone.",Refund,Low,synthetic
T01403,"Plz help - We are currently evaluating software solutions for a 300-person engineering team. Could you provide a comprehensive comparison document outlining feature differences between the Professional and Enterprise plans, along with volume discount schedules? Contact me via email or phone.",Product Inquiry,Low,synthetic
T01404,"Dear customer service, Desktop software freezing. Looking forward to hearing back.",Technical Support,Medium,synthetic
T01405,The cancellation button is missing from my account billing settings page. Please cancel for me. Appreciate a quick update on this.,Cancellation,Medium,synthetic
T01406,"Dear customer service, There is an unrecognized charge of $49.0 on my credit card statement. Thanks for your help!",Billing,Critical,synthetic
T01407,"Urgent: I checked my credit card account this morning and noticed two separate line items for $99.99 on order 94972. I only submitted the checkout form once, so one of these transactions is clearly an error. Please reverse the duplicate billing immediately. Contact me via email or phone.",Billing,High,synthetic
T01408,"FYI, I placed order 95344 for an enterprise hardware component, but received a completely different consumer product model. Since this doesnt match the product specification or purchase order, I am returning the package and request a full refund including express shipping charges. Please advise as soon as possible.",Refund,High,synthetic
T01409,"FYI, Ur representative was dismissive and unhelpful when I asked for assistance with system errors. Contact me via email or phone.",Complaint,Low,synthetic
T01410,"FYI, How do I cancel my pending order before it moves to the warehouse packing stage? Plz respond asap.",Cancellation,Low,synthetic
T01411,"Dear customer service, Does product support dark mode? Looking forward to hearing back.",Product Inquiry,Low,synthetic
T01412,"Hey there, Rude customer agent on call",Complaint,Low,synthetic
T01413,"Hello, Turn off auto-renewal. Urgent attention required.",Cancellation,Medium,synthetic
T01414,"Dear customer service, Payment failed but money deducted. Urgent attention required.",Billing,High,synthetic
T01415,"Dear customer service, Wrong delivery address on order 62198. Contact me via email or phone.",Shipping,Medium,synthetic
T01416,Quick question - Close my account. Thanks for your help!,Cancellation,Medium,synthetic
T01417,"Hey there, Plan cancellation request. Plz advise as soon as possible",Cancellation,Medium,synthetic
T01418,"Hello, Requesting refund for order 76757. Please advise as soon as possible.",Refund,Medium,synthetic
T01419,"Hello, Rude customer agent on call. Contact me via email or phone.",Complaint,Low,synthetic
T01420,Plz help - The cancellation button is missing from my account billing settings page. Please cancel for me. Please advise as soon as possible.,Cancellation,Medium,synthetic
T01421,Urgent: Why am I not receiving the SMS two-factor authentication verification code on my registered mobile number? Please advise as soon as possible.,Account,High,synthetic
T01422,"48 ghante se koi response nahi aaya, service bohot badhiya nahi hai. Please advise as soon as possible.",Complaint,Medium,synthetic
T01423,"FYI, I would like to cancel my monthly subscription effective before the next billing cycle. Please advise as soon as possible.",Cancellation,Medium,synthetic
T01424,"Hi support team, Why does the mobile application crash every time I try to open the camera or upload a document? Urgent attention required.",Technical Support,Medium,synthetic
T01425,Our team administrator suddenly lost access to the master workspace account after enabling SAML 2.0 SSO. The login screen loops indefinitely between the identity provider and portal without authenticating. We need urgent admin intervention.,Account,Critical,synthetic
T01426,"Hey there, Damaged product, refund needed. Appreciate a quick update on this.",Refund,Medium,synthetic
T01427,Refund process nahi hua abhi tak. Please advise as soon as possible.,Refund,Medium,synthetic
T01428,"Hi support team, My parcel box arrived completely crushed with contents damaged during transport. Plz respond asap",Shipping,High,synthetic
T01429,"Hey there, Can I request a live demo session with a product specialist for model PRO-104? Kindly look into this matter promptly",Product Inquiry,Low,synthetic
T01430,Urgent: Where is my parcel? Kindly look into this matter promptly.,Shipping,High,synthetic
T01431,"Hey there, Plan cancellation request. Appreciate a quick update on this.",Cancellation,Low,synthetic
T01432,"Hi support team, Wrong delivery address on order 72238. Contact me via email or phone.",Shipping,Medium,synthetic
T01433,Urgent: Unannounced platform outage during business hours caused direct revenue loss for our company. Urgent attention required.,Complaint,Critical,synthetic
T01434,Plz help - Please turn off automatic renewal for account 10136 so I am not charged next month. Looking forward to hearing back.,Cancellation,Low,synthetic
T01435,Agent ne bina answer kiye ticket close kar diya. Appreciate a quick update on this.,Complaint,Medium,synthetic
T01436,"FYI, I returned package for order 17860 two weeks ago but haven't seen the refund credited to my bank account. Plz respond asap.",Refund,Medium,synthetic
T01437,Plz help - Is macOS Sequoia supported? Contact me via email or phone.,Product Inquiry,Low,synthetic
T01438,The cancellation button is missing from my account billing settings page. Please cancel for me. Kindly look into this matter promptly.,Cancellation,Medium,synthetic
T01439,"Plz help - I received an email stating my password was changed from an unknown location, but I did not initiate this. Plz advise as soon as possible.",Account,Critical,synthetic
T01440,"FYI, Due to budget cuts in our organization, we can no longer maintain our active subscription plan. Please process account cancellation immediately and send written confirmation that auto-renew has been disabled.",Cancellation,High,synthetic
T01441,"Urgent: Does ur REST API support webhook event subscriptions for real-time order status updates, and where can we access the OpenAPI / Swagger documentation for testing? Please advise as soon as possible.",Product Inquiry,High,synthetic
T01442,"Hey there, Requesting refund for order 79966. Contact me via email or phone.",Refund,Medium,synthetic
T01443,"FYI, Bulk license pricing details? Urgent attention required.",Product Inquiry,Medium,synthetic
T01444,"FYI, I paid my monthly invoice yesterday, but the account dashboard still shows payment pending. Contact me via email or phone.",Billing,Medium,synthetic
T01445,"Hey there, The offline synchronization module fails to push local SQLite records to the cloud database when reconnecting to Wi-Fi. Data remains cached locally without throwing explicit log exceptions. Thanks for your help!",Technical Support,Medium,synthetic
T01446,"Dear customer service, We are currently evaluating software solutions for a 300-person engineering team. Could you provide a comprehensive comparison document outlining feature differences between the Professional and Enterprise plans, along with volume discount schedules? Contact me via email or phone.",Product Inquiry,Low,synthetic
T01447,Urgent: Unannounced platform outage during business hours caused direct revenue loss for our company. Appreciate a quick update on this.,Complaint,Critical,synthetic
T01448,"Dear customer service, Database connection timeout. Contact me via email or phone.",Technical Support,Critical,synthetic
T01449,"FYI, Charged twice for order 70933. Please advise as soon as possible.",Billing,Medium,synthetic
T01450,"FYI, Please turn off automatic renewal for account 45235 so I am not charged next month. Please advise as soon as possible.",Cancellation,Medium,synthetic
T01451,"FYI, Why does the mobile application crash every time I try to open the camera or upload a document? Urgent attention required",Technical Support,High,synthetic
T01452,"Hey there, I have been on hold for over 45 minutes without anyone picking up my call. This service is terrible. Contact me via email or phone.",Complaint,Medium,synthetic
T01453,"FYI, Can I update my shipping delivery address to apartment 4B before the order dispatches? Appreciate a quick update on this.",Shipping,Medium,synthetic
T01454,Urgent: Requesting refund for order 87865. Please advise as soon as possible.,Refund,High,synthetic
T01455,"Hello, Can someone help resolve the DLL loading error on Windows 11 when starting the client application? Appreciate a quick update on this.",Technical Support,Medium,synthetic
T01456,Paisa refund karo jaldi. Plz respond asap.,Refund,Medium,synthetic
T01457,"Dear customer service, Can you please send me an official VAT receipt and tax invoice for billing period Jan 2026? Thanks for your help!",Billing,Low,synthetic
T01458,"Dear customer service, Why am I seeing two charges for the same order 36173 on my bank app? Urgent attention required.",Billing,Medium,synthetic
T01459,Plz help - App crashes on launch. Appreciate a quick update on this.,Technical Support,Medium,synthetic
T01460,"Plz help - The courier marked my parcel as delivered on the porch, but there is no package outside my house. Thanks for your help!",Shipping,High,synthetic
T01461,How do I cancel my pending order before it moves to the warehouse packing stage? Appreciate a quick update on this.,Cancellation,Low,synthetic
T01462,"Account balance se double amount deduct ho gaya, please check billing statement. Looking forward to hearing back.",Billing,Medium,synthetic
T01463,"Dear customer service, Turn off auto-renewal. Contact me via email or phone.",Cancellation,Low,synthetic
T01464,"Hi support team, Wrong delivery address on order 20077. Appreciate a quick update on this.",Shipping,Medium,synthetic
T01465,Plz help - The offline synchronization module fails to push local SQLite records to the cloud database when reconnecting to Wi-Fi. Data remains cached locally without throwing explicit log exceptions. Urgent attention required.,Technical Support,Medium,synthetic
T01466,"Hello, Does the cloud storage infrastructure comply with SOC2 and HIPAA security certifications? Please advise as soon as possible.",Product Inquiry,Medium,synthetic
T01467,Charged twice for order 60134. Kindly look into this matter promptly.,Billing,Medium,synthetic
T01468,Plz help - I would like to cancel my monthly subscription effective before the next billing cycle. Contact me via email or phone.,Cancellation,Low,synthetic
T01469,"Hello, Tracking number 93306 has been stuck in transit at the hub for over 6 days without progress. Plz respond asap.",Shipping,Medium,synthetic
T01470,"Hey there, Tracking not updating for order 87581. Please advise as soon as possible",Shipping,Medium,synthetic
T01471,Quick question - I paid extra for guaranteed next-day air shipping on order 95981 because of an urgent event. It has now been 4 days and the tracking status shows the package is still sitting at the local distribution facility. Please expedite delivery or refund express fees. Appreciate a quick update on this.,Shipping,High,synthetic
T01472,Urgent: Charged twice for order 49365.,Billing,High,synthetic
T01473,"Dear customer service, Cannot log into account. Kindly look into this matter promptly.",Account,High,synthetic
T01474,"Dear customer service, Could you tell me if your platform supports SAML 2.0 Single Sign-On for enterprise users? Looking forward to hearing back.",Product Inquiry,Low,synthetic
T01475,Quick question - I accidentally renewed the wrong tier subscription yesterday. Is it possible to get a refund? Kindly look into this matter promptly.,Refund,Low,synthetic
T01476,"Hey there, Please help unlock my account after entering wrong password three times. Plz respond asap.",Account,Low,synthetic
T01477,"The courier marked my parcel as delivered on the porch, but there is no package outside my house. Please advise as soon as possible.",Shipping,High,synthetic
T01478,"Hello, Service downtime ruined our demo. Plz respond asap.",Complaint,Critical,synthetic
T01479,"FYI, Tracking not updating for order 54401. Contact me via email or phone.",Shipping,Low,synthetic
T01480,"Hello, System cancelled my order due to stock shortage, but the money has not been refunded yet. Plz respond asap.",Refund,Medium,synthetic
T01481,"Hello, We are migrating to a different vendor and request complete contract termination. Urgent attention required",Cancellation,High,synthetic
T01482,Urgent: Please turn off automatic renewal for account 90128 so I am not charged next month. Thanks for your help!,Cancellation,High,synthetic
T01483,"Hi support team, Is macOS Sequoia supported? Plz respond asap.",Product Inquiry,Low,synthetic
T01484,Wrong delivery address on order 86391,Shipping,Medium,synthetic
T01485,Website completely crash ho gaya hai. Appreciate a quick update on this,Technical Support,Critical,synthetic
T01486,"FYI, The courier marked my parcel as delivered on the porch, but there is no package outside my house. Appreciate a quick update on this.",Shipping,High,synthetic
T01487,"Hey there, Wrong delivery address on order 13030. Please advise as soon as possible.",Shipping,Medium,synthetic
T01488,"Plz help - I placed order 69162 for an enterprise hardware component, but received a completely different consumer product model. Since this does not match the product specification or purchase order, I am returning the package and request a full refund including express shipping charges. Urgent attention required.",Refund,High,synthetic
T01489,"Hello, Damaged product, refund needed. Please advise as soon as possible.",Refund,Medium,synthetic
T01490,"Hi support team, Where to find user documentation? Looking forward to hearing back.",Product Inquiry,Low,synthetic
T01491,Agent ne bina answer kiye ticket close kar diya. Contact me via email or phone.,Complaint,Medium,synthetic
T01492,"FYI, Account locked after failed logins. Appreciate a quick update on this.",Account,High,synthetic
T01493,Account delete karvu che. Contact me via email or phone.,Cancellation,Medium,synthetic
T01494,Quick question - Cannot log into account. Plz respond asap.,Account,High,synthetic
T01495,Aa product ma discount milse? Thanks for your help!,Product Inquiry,Low,synthetic
T01496,Plz help - I paid extra for guaranteed next-day air shipping on order 65076 because of an urgent event. It has now been 4 days and the tracking status shows the package is still sitting at the local distribution facility. Please expedite delivery or refund express fees. Appreciate a quick update on this.,Shipping,High,synthetic
T01497,"Hi support team, The item arrived with broken glass and torn packaging. I demand an immediate full refund. Plz respond asap.",Refund,High,synthetic
T01498,"Router blinking red, internet down. Thanks for ur help!",Technical Support,High,synthetic
T01499,"Hey there, Our team administrator suddenly lost access to the master workspace account after enabling SAML 2.0 SSO. The login screen loops indefinitely between the identity provider and portal without authenticating. We need urgent admin intervention. Looking forward to hearing back.",Account,Critical,synthetic
T01500,"Does your REST API support webhook event subscriptions for real-time order status updates, and where can we access the OpenAPI / Swagger documentation for testing? Appreciate a quick update on this.",Product Inquiry,Low,synthetic
T01501,"Dear customer service, There is an unrecognized charge of $249.5 on my credit card statement. Appreciate a quick update on this.",Billing,Critical,synthetic
T01502,"Plz help - Damaged product, refund needed. Plz respond asap.",Refund,Medium,synthetic
T01503,"Hey there, VPN connection repeatedly drops every few minutes when connected to office network. Kindly look into this matter promptly.",Technical Support,High,synthetic
T01504,Your representative was dismissive and unhelpful when I asked for assistance with system errors. Appreciate a quick update on this.,Complaint,Low,synthetic
T01505,Where to find user documentation?,Product Inquiry,Low,synthetic
T01506,"Hi support team, Can someone help resolve the DLL loading error on Windows 11 when starting the client application? Contact me via email or phone.",Technical Support,Medium,synthetic
T01507,Urgent: Does product support dark mode? Plz respond asap.,Product Inquiry,High,synthetic
T01508,"Hi support team, Wrong delivery address on order 10485.",Shipping,Medium,synthetic
T01509,"Urgent: Router blinking red, internet down. Appreciate a quick update on this.",Technical Support,High,synthetic
T01510,Plz help - Can you please send me an official VAT receipt and tax invoice for billing period Feb 2026? Urgent attention required.,Billing,Medium,synthetic
T01511,"Hello, Cannot log into account. Plz respond asap",Account,High,synthetic
T01512,Urgent: Desktop software freezing. Appreciate a quick update on this.,Technical Support,High,synthetic
T01513,"Hello, Plan cancellation request. Looking forward to hearing back.",Cancellation,Low,synthetic
T01514,"Quick question - System cancelled my order due to stock shortage, but the money has not been refunded yet. Thanks for your help!",Refund,Medium,synthetic
T01515,"FYI, The cancellation button is missing from my account billing settings page. Please cancel for me. Urgent attention required.",Cancellation,Medium,synthetic
T01516,Urgent: The item arrived with broken glass and torn packaging. I demand an immediate full refund. Contact me via email or phone.,Refund,High,synthetic
T01517,Plz help - Payment failed but money deducted.,Billing,High,synthetic
T01518,"Damaged product, refund needed. Appreciate a quick update on this.",Refund,Medium,synthetic
T01519,"Quick question - We are currently evaluating software solutions for a 300-person engineering team. Could you provide a comprehensive comparison document outlining feature differences between the Professional and Enterprise plans, along with volume discount schedules? Please advise as soon as possible.",Product Inquiry,Medium,synthetic
T01520,Can you please send me an official VAT receipt and tax invoice for billing period Feb 2026? Urgent attention required.,Billing,Medium,synthetic
T01521,Order cancel hone ke baad bhi refund credit nahi hua account mein. Plz respond asap.,Refund,Medium,synthetic
T01522,"Dear customer service, I am terminating our contract effective today because key features promised during sales onboarding remain unreleased. Please confirm cancellation of invoice 22682 and remove recorded credit card details.",Cancellation,Medium,synthetic
T01523,Quick question - Need tax invoice for order 50970.,Billing,Low,synthetic
T01524,"Hi support team, I placed order 35738 for an enterprise hardware component, but received a completely different consumer product model. Since this does not match the product specification or purchase order, I am returning the package and request a full refund including express shipping charges. Urgent attention required.",Refund,High,synthetic
T01525,"Hi support team, Wrong delivery address on order 10212. Please advise as soon as possible.",Shipping,Medium,synthetic
T01526,Urgent: Duplicate charge on statement. Thanks for your help!,Billing,High,synthetic
T01527,Quick question - Database connection timeout. Appreciate a quick update on this.,Technical Support,Critical,synthetic
T01528,"Quick question - Due to budget cuts in our organization, we can no longer maintain our active subscription plan. Please process account cancellation immediately and send written confirmation that auto-renew has been disabled.",Cancellation,High,synthetic
T01529,Forgot password link expired. Plz respond asap.,Account,Low,synthetic
T01530,Plz help - Duplicate charge on statement. Thanks for your help!,Billing,Medium,synthetic
T01531,"Hello, The offline synchronization module fails to push local SQLite records to the cloud database when reconnecting to Wi-Fi. Data remains cached locally w/out throwing explicit log exceptions. Plz respond asap",Technical Support,High,synthetic
T01532,Urgent: There is an unrecognized charge of $49.0 on my credit card statement. Please advise as soon as possible.,Billing,High,synthetic
T01533,Unannounced platform outage during business hours caused direct revenue loss for our company. Contact me via email or phone,Complaint,Critical,synthetic
T01534,"Hey there, I accidentally renewed the wrong tier subscription yesterday. Is it possible to get a refund? Looking forward to hearing back.",Refund,Low,synthetic
T01535,"Hi support team, We are currently evaluating software solutions for a 300-person engineering team. Could you provide a comprehensive comparison document outlining feature differences between the Professional and Enterprise plans, along with volume discount schedules? Appreciate a quick update on this.",Product Inquiry,Low,synthetic
T01536,"Hi support team, I paid my monthly invoice yesterday, but the account dashboard still shows payment pending. Contact me via email or phone.",Billing,Medium,synthetic
T01537,"Hi support team, Tracking link shows package held at border customs clearance depot.",Shipping,Low,synthetic
T01538,Plz help - Tracking link shows package held at border customs clearance depot. Thanks for your help!,Shipping,Low,synthetic
T01539,"Hey there, Repeated system downtime and unannounced maintenance windows over the past month have disrupted our operations three times. We demand an immediate explanation from management and SLA service credits. Kindly look into this matter promptly.",Complaint,Critical,synthetic
T01540,Urgent: Account locked after failed logins. Looking forward to hearing back.,Account,High,synthetic
T01541,Quick question - The offline synchronization module fails to push local SQLite records to the cloud database when reconnecting to Wi-Fi. Data remains cached locally without throwing explicit log exceptions. Appreciate a quick update on this.,Technical Support,Medium,synthetic
T01542,Urgent: Tracking link shows package held at border customs clearance depot. Appreciate a quick update on this.,Shipping,High,synthetic
T01543,"Dear customer service, How do I cancel my pending order before it moves to the warehouse packing stage? Kindly look into this matter promptly",Cancellation,Low,synthetic
T01544,"Dear customer service, Can I update my shipping delivery address to apartment 4B before the order dispatches?",Shipping,Medium,synthetic
T01545,Courier status update nathi thayo. Urgent attention required.,Shipping,Medium,synthetic
T01546,"Dear customer service, Page loading times have degraded significantly after the latest patch, causing request timeouts. Looking forward to hearing back.",Technical Support,Medium,synthetic
T01547,"FYI, Plan cancellation request. Urgent attention required.",Cancellation,Medium,synthetic
T01548,The offline synchronization module fails to push local SQLite records to the cloud database when reconnecting to Wi-Fi. Data remains cached locally without throwing explicit log exceptions. Appreciate a quick update on this.,Technical Support,Medium,synthetic
T01549,System crash ho raha hai export click karte hi error code AUTH_DENIED ke saath. Kindly look into this matter promptly.,Technical Support,Medium,synthetic
T01550,"Hello, We are migrating to a different vendor and request complete contract termination. Thanks for your help!",Cancellation,Medium,synthetic
T01551,Quick question - Is macOS Sequoia supported? Contact me via email or phone.,Product Inquiry,Low,synthetic
T01552,"Hi support team, How can I change the primary administrator email address associated with our company portal? Plz respond asap.",Account,Low,synthetic
T01553,Account delete karvu che. Please advise as soon as possible.,Cancellation,Medium,synthetic
T01554,"Dear customer service, I returned package for order 84411 two weeks ago but haven't seen the refund credited to my bank account. Plz respond asap.",Refund,Medium,synthetic
T01555,"Hello, Does product support dark mode? Plz respond asap.",Product Inquiry,Low,synthetic
T01556,Our scheduled virtual event was ruined due to continuous platform outages on your side. We paid $149.0 for premium hosting and request an immediate pro-rated credit refund to our corporate account balance. Please advise as soon as possible.,Refund,Medium,synthetic
T01557,Quick question - I accidentally renewed the wrong tier subscription yesterday. Is it possible to get a refund? Please advise as soon as possible.,Refund,Medium,synthetic
T01558,"FYI, Ticket closed without resolution. Looking forward to hearing back.",Complaint,Medium,synthetic
T01559,"FYI, Unrecognized login notification received. Appreciate a quick update on this.",Account,Critical,synthetic
T01560,"Hi support team, Where is my pending refund? Urgent attention required.",Refund,Medium,synthetic
T01561,"FYI, Ever since updating to version 4.2 yesterday, our entire telemetry team has been unable to access the web portal. The page loads infinitely before displaying an internal server error (HTTP 500). This is blocking active customer operations. Urgent attention required.",Technical Support,Critical,synthetic
T01562,Plz help - Database connection timeout. Contact me via email or phone,Technical Support,Critical,synthetic
T01563,Quick question - Need tax invoice for order 19807.,Billing,Low,synthetic
T01564,"Dear customer service, Ever since updating to version 4.2 yesterday, our entire telemetry team has been unable to access the web portal. The page loads infinitely before displaying an internal server error (HTTP 500). This is blocking active customer operations. Kindly look into this matter promptly.",Technical Support,Critical,synthetic
T01565,Courier status update nathi thayo. Thanks for your help!,Shipping,Low,synthetic
T01566,Plz help - Your representative was dismissive and unhelpful when I asked for assistance with system errors. Looking forward to hearing back,Complaint,Low,synthetic
T01567,"Hi support team, We signed up under a free trial promotional banner, yet our company credit card was billed $19.99 on day one. We expect a full reversal of this unauthorized charge and correction of our subscription tier. Thanks for your help!",Billing,Critical,synthetic
T01568,"Hey there, I am requesting complete account closure and permanent deletion of all personal stored data from your servers in compliance with privacy regulations.",Account,Medium,synthetic
T01569,Plz help - Plan cancellation request. Plz respond asap.,Cancellation,Low,synthetic
T01570,"Dear customer service, I was billed $99.99 this month, but my plan is supposed to be $79.99. Thanks for your help!",Billing,Medium,synthetic
T01571,"Hello, I paid my monthly invoice yesterday, but the account dashboard still shows payment pending. Plz respond asap.",Billing,Medium,synthetic
T01572,"Hey there, I am terminating our contract effective today because key features promised during sales onboarding remain unreleased. Please confirm cancellation of invoice 68798 and remove recorded credit card details. Appreciate a quick update on this.",Cancellation,Medium,synthetic
T01573,Quick question - Requesting refund for order 30780. Plz respond asap.,Refund,Medium,synthetic
T01574,"Hey there, Close my account. Looking forward to hearing back",Cancellation,Medium,synthetic
T01575,"Dear customer service, Do you offer non-profit or educational discounts for team subscription accounts? Thanks for your help!",Product Inquiry,Low,synthetic
T01576,"Hi support team, I was billed $149.0 this month, but my plan is supposed to be $29.99.",Billing,Medium,synthetic
T01577,"Dear customer service, Desktop software freezing",Technical Support,Medium,synthetic
T01578,"Quick question - Due to budget cuts in our organization, we can no longer maintain our active subscription plan. Please process account cancellation immediately and send written confirmation that auto-renew has been disabled. Urgent attention required",Cancellation,High,synthetic
T01579,"Hey there, I would like to cancel my monthly subscription effective before the next billing cycle. Plz respond asap.",Cancellation,Low,synthetic
T01580,"Hi support team, Where to find user documentation? Urgent attention required",Product Inquiry,High,synthetic
T01581,"Dear customer service, Why does the mobile application crash every time I try to open the camera or upload a document? Urgent attention required.",Technical Support,Medium,synthetic
T01582,"FYI, Service downtime ruined our demo. Urgent attention required.",Complaint,Critical,synthetic
T01583,Is macOS Sequoia supported? Looking forward to hearing back.,Product Inquiry,Low,synthetic
T01584,My parcel box arrived completely crushed with contents damaged during transport. Please advise as soon as possible.,Shipping,High,synthetic
T01585,Plz help - Our organization was charged a late fee penalty of $499.0 despite completing the wire transfer prior to the due date. Attached is our bank transaction confirmation for ur accounts team to verify and credit back. Please advise as soon as possible.,Billing,Medium,synthetic
T01586,"Hi support team, Ever since updating to version 4.2 yesterday, our entire telemetry team has been unable to access the web portal. The page loads infinitely before displaying an internal server error (HTTP 500). This is blocking active customer operations. Thanks for ur help!",Technical Support,Critical,synthetic
T01587,"Dear customer service, Desktop software freezing. Thanks for your help!",Technical Support,Medium,synthetic
T01588,"Dear customer service, Due to budget cuts in our organization, we can no longer maintain our active subscription plan. Please process account cancellation immediately and send written confirmation that auto-renew has been disabled. Contact me via email or phone",Cancellation,High,synthetic
T01589,"Hey there, Damaged product, refund needed. Plz respond asap.",Refund,Medium,synthetic
T01590,"Quick question - The courier marked my parcel as delivered on the porch, but there is no package outside my house. Contact me via email or phone.",Shipping,High,synthetic
T01591,What are the minimum hardware and RAM requirements for running the server software on Linux?,Product Inquiry,Low,synthetic
T01592,Paisa refund karo jaldi,Refund,Medium,synthetic
T01593,Urgent: Our organization was charged a late fee penalty of $249.5 despite completing the wire transfer prior to the due date. Attached is our bank transaction confirmation for your accounts team to verify and credit back. Appreciate a quick update on this,Billing,High,synthetic
T01594,"Dear customer service, Our organization was charged a late fee penalty of $499.0 despite completing the wire transfer prior to the due date. Attached is our bank transaction confirmation for your accounts team to verify and credit back. Plz respond asap.",Billing,Medium,synthetic
T01595,"Urgent: Support agent closed my ticket 17370 marking it resolved, even though the bug is still happening! Looking forward to hearing back.",Complaint,High,synthetic
T01596,Order cancel hone ke baad bhi refund credit nahi hua account mein. Appreciate a quick update on this,Refund,Medium,synthetic
T01597,"Hi support team, Duplicate charge on statement. Urgent attention required.",Billing,Medium,synthetic
T01598,Plz help - How can I change the primary administrator email address associated with our company portal? Contact me via email or phone.,Account,Low,synthetic
T01599,Plz help - Single Sign-On (SSO) authentication is throwing a redirect URI error for domain users. Kindly look into this matter promptly.,Account,High,synthetic
T01600,"Hey there, App crashes on launch. Looking forward to hearing back.",Technical Support,Medium,synthetic
T01601,Quick question - I accidentally renewed the wrong tier subscription yesterday. Is it possible to get a refund? Appreciate a quick update on this.,Refund,Low,synthetic
T01602,"FYI, Server error 500 on submit. Kindly look into this matter promptly.",Technical Support,Critical,synthetic
T01603,"FYI, Service downtime ruined our demo. Urgent attention required",Complaint,High,synthetic
T01604,"FYI, Close my account. Thanks for your help!",Cancellation,Medium,synthetic
T01605,"FYI, Requesting refund for order 49486",Refund,Medium,synthetic
T01606,"Plz help - Ever since updating to version 4.2 yesterday, our entire telemetry team has been unable to access the web portal. The page loads infinitely before displaying an internal server error (HTTP 500). This is blocking active customer operations. Contact me via email or phone.",Technical Support,Critical,synthetic
T01607,"FYI, Cannot log into account.",Account,High,synthetic
T01608,"Router blinking red, internet down.",Technical Support,High,synthetic
T01609,"FYI, We are observing consistent memory leaks in the background daemon process on node 192.168.228.85. Memory utilization climbs to 99% within two hours of service start, eventually forcing a kernel panic and abrupt system reboot. Appreciate a quick update on this",Technical Support,Critical,synthetic
T01610,"Dear customer service, Unannounced platform outage during business hours caused direct revenue loss for our company. Kindly look into this matter promptly",Complaint,Critical,synthetic
T01611,There is an unrecognized charge of $149.0 on my credit card statement. Urgent attention required.,Billing,Critical,synthetic
T01612,Plz help - Service downtime ruined our demo. Please advise as soon as possible.,Complaint,Critical,synthetic
T01613,Urgent: Ticket closed without resolution. Plz respond asap.,Complaint,High,synthetic
T01614,"Urgent: I received an email stating my password was changed from an unknown location, but I did not initiate this. Contact me via email or phone",Account,High,synthetic
T01615,Order cancel hone ke baad bhi refund credit nahi hua account mein. Plz advise as soon as possible.,Refund,Medium,synthetic
T01616,2FA code not received. Plz respond asap.,Account,Medium,synthetic
T01617,Urgent: Worst support experience ever.,Complaint,High,synthetic
T01618,"Hi support team, I received an email stating my password was changed from an unknown location, but I did not initiate this. Appreciate a quick update on this.",Account,Critical,synthetic
T01619,"Page loading times have degraded significantly after the latest patch, causing request timeouts. Please advise as soon as possible.",Technical Support,Medium,synthetic
T01620,Subscription end karo. Contact me via email or phone.,Cancellation,Low,synthetic
T01621,"Plz help - I checked my credit card account this morning and noticed two separate line items for $149.0 on order 29420. I only submitted the checkout form once, so one of these transactions is clearly an error. Please reverse the duplicate billing immediately. Plz respond asap.",Billing,High,synthetic
T01622,"Hello, Service downtime ruined our demo. Looking forward to hearing back.",Complaint,Critical,synthetic
T01623,Quick question - Rude customer agent on call. Urgent attention required.,Complaint,Medium,synthetic
T01624,Kya is software mein custom reporting export option available hai?,Product Inquiry,Low,synthetic
T01625,"Hello, Why am I seeing two charges for the same order 54520 on my bank app? Looking forward to hearing back.",Billing,Medium,synthetic
T01626,Service downtime ruined our demo.,Complaint,Critical,synthetic
T01627,"Hi support team, Does product support dark mode? Contact me via email or phone.",Product Inquiry,Low,synthetic
T01628,Quick question - Charged twice for order 30926. Thanks for ur help!,Billing,Medium,synthetic
T01629,"Dear customer service, Cancel subscription immediately. Thanks for your help!",Cancellation,High,synthetic
T01630,"Hi support team, Please turn off automatic renewal for account 93079 so I am not charged next month. Urgent attention required.",Cancellation,Medium,synthetic
T01631,"Dear customer service, Why am I seeing two charges for the same order 36158 on my bank app? Looking forward to hearing back.",Billing,Medium,synthetic
T01632,"Hello, Your representative was dismissive and unhelpful when I asked for assistance with system errors.",Complaint,Low,synthetic
T01633,"FYI, Due to budget cuts in our organization, we can no longer maintain our active subscription plan. Plz process account cancellation immediately and send written confirmation that auto-renew has been disabled. Appreciate a quick update on this.",Cancellation,High,synthetic
T01634,"Support agent closed my ticket 89233 marking it resolved, even though the bug is still happening! Contact me via email or phone.",Complaint,High,synthetic
T01635,Kripya invoice receipt email ID par bhej dijiye. Please advise as soon as possible.,Billing,Medium,synthetic
T01636,API documentation link chahiye. Contact me via email or phone.,Product Inquiry,Low,synthetic
T01637,"Hello, What are the minimum hardware and RAM requirements for running the server software on Linux? Looking forward to hearing back.",Product Inquiry,Low,synthetic
T01638,Quick question - Can I update my shipping delivery address to apartment 4B before the order dispatches? Appreciate a quick update on this.,Shipping,Medium,synthetic
T01639,"Hey there, Cannot log into account. Kindly look into this matter promptly.",Account,High,synthetic
T01640,"Hello, Tracking not updating for order 10558. Plz respond asap.",Shipping,Low,synthetic
T01641,"Hey there, 2FA code not received. Plz respond asap.",Account,Medium,synthetic
T01642,"Hi support team, I paid extra for guaranteed next-day air shipping on order 71759 because of an urgent event. It has now been 4 days and the tracking status shows the package is still sitting at the local distribution facility. Please expedite delivery or refund express fees. Please advise as soon as possible.",Shipping,High,synthetic
T01643,"The courier marked my parcel as delivered on the porch, but there is no package outside my house. Kindly look into this matter promptly.",Shipping,High,synthetic
T01644,Quick question - Rude customer agent on call. Looking forward to hearing back,Complaint,Low,synthetic
T01645,Plz help - Wrong delivery address on order 24033. Looking forward to hearing back.,Shipping,Medium,synthetic
T01646,Urgent: Please help unlock my account after entering wrong password three times. Thanks for your help!,Account,High,synthetic
T01647,Order cancel hone ke baad bhi refund credit nahi hua account mein. Urgent attention required.,Refund,Medium,synthetic
T01648,Urgent: Where is my pending refund? Urgent attention required.,Refund,High,synthetic
T01649,Rude customer agent on call. Thanks for your help!,Complaint,Low,synthetic
T01650,Courier status update nathi thayo. Please advise as soon as possible.,Shipping,Medium,synthetic
T01651,"Hi support team, Package marked delivered but missing. Appreciate a quick update on this",Shipping,Critical,synthetic
T01652,Subscription end karo. Urgent attention required,Cancellation,High,synthetic
T01653,"Support agent closed my ticket 66678 marking it resolved, even though the bug is still happening! Please advise as soon as possible.",Complaint,High,synthetic
T01654,"Quick question - Does your REST API support webhook event subscriptions for real-time order status updates, and where can we access the OpenAPI / Swagger documentation for testing? Plz respond asap.",Product Inquiry,Low,synthetic
T01655,Agent ne bina answer kiye ticket close kar diya. Plz respond asap.,Complaint,Medium,synthetic
T01656,"Hey there, Can I request a live demo session with a product specialist for model PRO-549? Kindly look into this matter promptly.",Product Inquiry,Low,synthetic
T01657,"Hey there, The cancellation button is missing from my account billing settings page. Please cancel for me. Kindly look into this matter promptly.",Cancellation,Medium,synthetic
T01658,Next month billing se pehle mera plan cancel kar do plz. Thanks for your help!,Cancellation,Low,synthetic
T01659,"Dear customer service, Do you offer non-profit or educational discounts for team subscription accounts? Plz respond asap.",Product Inquiry,Low,synthetic
T01660,Urgent: Double billing issue. Thanks for your help!,Billing,High,synthetic
T01661,"Hi support team, Does your REST API support webhook event subscriptions for real-time order status updates, and where can we access the OpenAPI / Swagger documentation for testing? Appreciate a quick update on this.",Product Inquiry,Low,synthetic
T01662,"FYI, Unrecognized login notification received. Contact me via email or phone.",Account,Critical,synthetic
T01663,Plz help - Where to find user documentation?,Product Inquiry,Low,synthetic
T01664,"Hello, App crashes on launch. Kindly look into this matter promptly.",Technical Support,Medium,synthetic
T01665,"Dear customer service, What are the minimum hardware and RAM requirements for running the server software on Linux? Please advise as soon as possible",Product Inquiry,Medium,synthetic
T01666,"Urgent: We are observing consistent memory leaks in the background daemon process on node 192.168.109.198. Memory utilization climbs to 99% within two hours of service start, eventually forcing a kernel panic and abrupt system reboot. Looking forward to hearing back.",Technical Support,High,synthetic
T01667,"Hello, 2FA code not received. Looking forward to hearing back",Account,Medium,synthetic
T01668,"Quick question - We are currently evaluating software solutions for a 300-person engineering team. Could you provide a comprehensive comparison document outlining feature differences between the Professional and Enterprise plans, along with volume discount schedules? Urgent attention required.",Product Inquiry,Medium,synthetic
T01669,"Hi support team, Ticket closed without resolution.",Complaint,Medium,synthetic
T01670,"Hello, I returned package for order 97343 two weeks ago but haven't seen the refund credited to my bank account. Looking forward to hearing back",Refund,Medium,synthetic
T01671,"Plz help - We are currently evaluating software solutions for a 300-person engineering team. Could you provide a comprehensive comparison document outlining feature differences between the Professional and Enterprise plans, along with volume discount schedules? Plz respond asap.",Product Inquiry,Low,synthetic
T01672,Plz help - The item arrived with broken glass and torn packaging. I demand an immediate full refund.,Refund,High,synthetic
T01673,Quick question - I have been on hold for over 45 minutes without anyone picking up my call. This service is terrible. Plz respond asap.,Complaint,Medium,synthetic
T01674,Plz help - Could you tell me if your platform supports SAML 2.0 Single Sign-On for enterprise users? Plz respond asap.,Product Inquiry,Low,synthetic
T01675,Quick question - VPN connection repeatedly drops every few minutes when connected to office network. Contact me via email or phone.,Technical Support,High,synthetic
T01676,Plz help - Payment failed but money deducted. Contact me via email or phone.,Billing,High,synthetic
T01677,"FYI, Can you please send me an official VAT receipt and tax invoice for billing period Jan 2026? Urgent attention required.",Billing,Medium,synthetic
T01678,"The courier marked my parcel as delivered on the porch, but there is no package outside my house.",Shipping,High,synthetic
T01679,Plz help - Why am I seeing two charges for the same order 48284 on my bank app?,Billing,Medium,synthetic
T01680,App chalne ma problem aave che. Plz respond asap.,Technical Support,Medium,synthetic
T01681,"Hey there, Plan cancellation request. Kindly look into this matter promptly.",Cancellation,Low,synthetic
T01682,Urgent: Desktop software freezing. Contact me via email or phone.,Technical Support,High,synthetic
T01683,We are migrating to a different vendor and request complete contract termination. Please advise as soon as possible.,Cancellation,Medium,synthetic
T01684,"Hey there, Requesting refund for order 37294. Plz respond asap.",Refund,Medium,synthetic
T01685,"Hey there, Where is my parcel? Urgent attention required.",Shipping,Medium,synthetic
T01686,"Quick question - Does your REST API support webhook event subscriptions for real-time order status updates, and where can we access the OpenAPI / Swagger documentation for testing? Please advise as soon as possible.",Product Inquiry,Medium,synthetic
T01687,"Urgent: Does your REST API support webhook event subscriptions for real-time order status updates, and where can we access the OpenAPI / Swagger documentation for testing?",Product Inquiry,High,synthetic
T01688,"Quick question - We signed up under a free trial promotional banner, yet our company credit card was billed $19.99 on day one. We expect a full reversal of this unauthorized charge and correction of our subscription tier. Appreciate a quick update on this.",Billing,Critical,synthetic
T01689,"Hey there, Where is my pending refund?",Refund,Medium,synthetic
T01690,"Dear customer service, The offline synchronization module fails to push local SQLite records to the cloud database when reconnecting to Wi-Fi. Data remains cached locally without throwing explicit log exceptions. Plz respond asap.",Technical Support,Medium,synthetic
T01691,"Mera admin account locked ho gaya hai, please reset karein. Contact me via email or phone.",Account,Medium,synthetic
T01692,Aa product ma discount milse? Kindly look into this matter promptly.,Product Inquiry,Low,synthetic
T01693,"FYI, 2FA code not received.",Account,Medium,synthetic
T01694,"Urgent: I paid my monthly invoice yesterday, but the account dashboard still shows payment pending. Plz respond asap",Billing,High,synthetic
T01695,"Plz help - Does your REST API support webhook event subscriptions for real-time order status updates, and where can we access the OpenAPI / Swagger documentation for testing? Looking forward to hearing back.",Product Inquiry,Low,synthetic
T01696,"Dear customer service, Unrecognized login notification received.",Account,Critical,synthetic
T01697,"Urgent: Support agent closed my ticket 41479 marking it resolved, even though the bug is still happening! Kindly look into this matter promptly",Complaint,High,synthetic
T01698,Urgent: Cancel subscription immediately. Urgent attention required.,Cancellation,High,synthetic
T01699,System crash ho raha hai export click karte hi error code NULL_POINTER_EXC ke saath.,Technical Support,Medium,synthetic
T01700,"Hello, Server error 500 on submit. Looking forward to hearing back.",Technical Support,Critical,synthetic
T01701,Cancel subscription immediately.,Cancellation,High,synthetic
T01702,Charged twice for order 20384. Looking forward to hearing back.,Billing,Medium,synthetic
T01703,"Dear customer service, I placed order 35487 for an enterprise hardware component, but received a completely different consumer product model. Since this does not match the product specification or purchase order, I am returning the package and request a full refund including express shipping charges. Appreciate a quick update on this.",Refund,High,synthetic
T01704,"Hey there, Wrong delivery address on order 80112. Please advise as soon as possible.",Shipping,Medium,synthetic
T01705,Urgent: VPN connection repeatedly drops every few minutes when connected to office network. Appreciate a quick update on this.,Technical Support,High,synthetic
T01706,Do you offer non-profit or educational discounts for team subscription accounts? Contact me via email or phone,Product Inquiry,Low,synthetic
T01707,"Dear customer service, Is macOS Sequoia supported? Kindly look into this matter promptly.",Product Inquiry,Low,synthetic
T01708,"Hi support team, Support agent closed my ticket 50188 marking it resolved, even though the bug is still happening! Thanks for your help!",Complaint,High,synthetic
T01709,"Hi support team, I have been on hold for over 45 minutes without anyone picking up my call. This service is terrible. Appreciate a quick update on this.",Complaint,Medium,synthetic
T01710,"Hey there, My parcel box arrived completely crushed w/ contents damaged during transport.",Shipping,High,synthetic
T01711,"Hey there, I accidentally renewed the wrong tier subscription yesterday. Is it possible to get a refund?",Refund,Low,synthetic
T01712,"Hey there, The courier marked my parcel as delivered on the porch, but there is no package outside my house. Urgent attention required.",Shipping,High,synthetic
T01713,Quick question - I paid extra for guaranteed next-day air shipping on order 36736 because of an urgent event. It has now been 4 days and the tracking status shows the package is still sitting at the local distribution facility. Please expedite delivery or refund express fees. Contact me via email or phone.,Shipping,High,synthetic
T01714,What are the minimum hardware and RAM requirements for running the server software on Linux? Contact me via email or phone.,Product Inquiry,Low,synthetic
T01715,"Dear customer service, No reply to urgent ticket for 48 hours despite paying for 24/7 premium support SLA. Kindly look into this matter promptly",Complaint,High,synthetic
T01716,"Hi support team, Cancel subscription immediately. Kindly look into this matter promptly.",Cancellation,High,synthetic
T01717,Plz help - Our organization was charged a late fee penalty of $99.99 despite completing the wire transfer prior to the due date. Attached is our bank transaction confirmation for ur accounts team to verify and credit back. Thanks for your help!,Billing,Medium,synthetic
T01718,Plz help - There is an unrecognized charge of $499.0 on my credit card statement. Please advise as soon as possible.,Billing,Critical,synthetic
T01719,"Urgent: Page loading times have degraded significantly after the latest patch, causing request timeouts. Please advise as soon as possible.",Technical Support,High,synthetic
T01720,"Quick question - Page loading times have degraded significantly after the latest patch, causing request timeouts. Thanks for your help!",Technical Support,Medium,synthetic
T01721,"Hi support team, Damaged product, refund needed. Contact me via email or phone.",Refund,Medium,synthetic
T01722,System crash ho raha hai export click karte hi error code ERR_502 ke saath. Please advise as soon as possible.,Technical Support,Medium,synthetic
T01723,"Dear customer service, Your representative was dismissive and unhelpful when I asked for assistance with system errors. Thanks for your help!",Complaint,Low,synthetic
T01724,"FYI, Can someone help resolve the DLL loading error on Windows 11 when starting the client application? Thanks for ur help!",Technical Support,Medium,synthetic
T01725,Desktop software freezing. Kindly look into this matter promptly.,Technical Support,Medium,synthetic
T01726,"Hello, Can I request a live demo session with a product specialist for model PRO-900?",Product Inquiry,Low,synthetic
T01727,Plz help - I would like to cancel my monthly subscription effective before the next billing cycle. Plz respond asap.,Cancellation,Low,synthetic
T01728,Can you please send me an official VAT receipt and tax invoice for billing period Feb 2026?,Billing,Low,synthetic
T01729,Courier status update nathi thayo. Contact me via email or phone.,Shipping,Low,synthetic
T01730,Courier status update nathi thayo. Kindly look into this matter promptly.,Shipping,Low,synthetic
T01731,"Hey there, Double billing issue. Please advise as soon as possible.",Billing,Medium,synthetic
T01732,"Hi support team, I am terminating our contract effective today because key features promised during sales onboarding remain unreleased. Please confirm cancellation of invoice 39703 and remove recorded credit card details. Please advise as soon as possible.",Cancellation,Medium,synthetic
T01733,Why does the mobile application crash every time I try to open the camera or upload a document? Thanks for your help!,Technical Support,Medium,synthetic
T01734,"Urgent: I was billed $99.99 this month, but my plan is supposed to be $9.99. Looking forward to hearing back",Billing,High,synthetic
T01735,"Dear customer service, Plz turn off automatic renewal for account 65389 so I am not charged next month. Urgent attention required.",Cancellation,Medium,synthetic
T01736,Delivery kab tak aayegi? Kindly look into this matter promptly,Shipping,Low,synthetic
T01737,"Hello, Need tax invoice for order 74987. Looking forward to hearing back.",Billing,Low,synthetic
T01738,Urgent: Can someone help resolve the DLL loading error on Windows 11 when starting the client application? Thanks for your help!,Technical Support,High,synthetic
T01739,Quick question - I am terminating our contract effective today because key features promised during sales onboarding remain unreleased. Please confirm cancellation of invoice 53831 and remove recorded credit card details. Thanks for ur help!,Cancellation,Medium,synthetic
T01740,Wrong delivery address on order 85109. Please advise as soon as possible,Shipping,Medium,synthetic
T01741,Does product support dark mode? Contact me via email or phone.,Product Inquiry,Low,synthetic
T01742,"Hello, The offline synchronization module fails to push local SQLite records to the cloud database when reconnecting to Wi-Fi. Data remains cached locally without throwing explicit log exceptions. Looking forward to hearing back.",Technical Support,Medium,synthetic
T01743,"Hi support team, Wrong delivery address on order 28776. Looking forward to hearing back.",Shipping,Medium,synthetic
T01744,Can I update my shipping delivery address to apartment 4B before the order dispatches? Looking forward to hearing back.,Shipping,Medium,synthetic
T01745,"FYI, Does the cloud storage infrastructure comply with SOC2 and HIPAA security certifications? Plz respond asap",Product Inquiry,High,synthetic
T01746,"FYI, Can you please send me an official VAT receipt and tax invoice for billing period Q1 2026? Contact me via email or phone.",Billing,Low,synthetic
T01747,"Dear customer service, I placed order 37037 for an enterprise hardware component, but received a completely different consumer product model. Since this does not match the product specification or purchase order, I am returning the package and request a full refund including express shipping charges.",Refund,High,synthetic
T01748,"Hello, Is macOS Sequoia supported? Appreciate a quick update on this",Product Inquiry,Low,synthetic
T01749,"Hello, Please turn off automatic renewal for account 86407 so I am not charged next month",Cancellation,Low,synthetic
T01750,"Hi support team, Router blinking red, internet down. Contact me via email or phone",Technical Support,High,synthetic
T01751,"Hello, Could you tell me if your platform supports SAML 2.0 Single Sign-On for enterprise users? Thanks for your help!",Product Inquiry,Low,synthetic
T01752,"Dear customer service, Charged twice for order 91439. Plz respond asap.",Billing,Medium,synthetic
T01753,"Plz help - Router blinking red, internet down. Kindly look into this matter promptly",Technical Support,High,synthetic
T01754,"FYI, VPN connection repeatedly drops every few minutes when connected to office network. Contact me via email or phone.",Technical Support,High,synthetic
T01755,Quick question - No reply to urgent ticket for 48 hours despite paying for 24/7 premium support SLA. Please advise as soon as possible.,Complaint,High,synthetic
T01756,Quick question - Plan cancellation request. Please advise as soon as possible.,Cancellation,Medium,synthetic
T01757,Mera payment duplicate kat gaya hai. Appreciate a quick update on this,Billing,Medium,synthetic
T01758,"Dear customer service, How do I cancel my pending order before it moves to the warehouse packing stage? Plz respond asap.",Cancellation,Low,synthetic
T01759,"Mera admin account locked ho gaya hai, please reset karein",Account,Medium,synthetic
T01760,"FYI, Need tax invoice for order 54922. Please advise as soon as possible",Billing,Medium,synthetic
T01761,"Hey there, Repeated system downtime and unannounced maintenance windows over the past month have disrupted our operations three times. We demand an immediate explanation from management and SLA service credits. Contact me via email or phone.",Complaint,Critical,synthetic
T01762,Our scheduled virtual event was ruined due to continuous platform outages on your side. We paid $499.0 for premium hosting and request an immediate pro-rated credit refund to our corporate account balance. Plz respond asap.,Refund,Medium,synthetic
T01763,Our scheduled virtual event was ruined due to continuous platform outages on your side. We paid $49.0 for premium hosting and request an immediate pro-rated credit refund to our corporate account balance. Contact me via email or phone.,Refund,Medium,synthetic
T01764,Agent ne bina answer kiye ticket close kar diya. Please advise as soon as possible.,Complaint,Medium,synthetic
T01765,Requesting refund for order 25930. Urgent attention required.,Refund,Medium,synthetic
T01766,"Hello, What are the minimum hardware and RAM requirements for running the server software on Linux? Thanks for your help!",Product Inquiry,Low,synthetic
T01767,"Hey there, Our backend production database server at 192.168.111.112 is refusing incoming connections with error AUTH_DENIED. Plz respond asap",Technical Support,High,synthetic
T01768,"Hi support team, Can I request a live demo session with a product specialist for model PRO-923? Kindly look into this matter promptly.",Product Inquiry,Low,synthetic
T01769,Single Sign-On (SSO) authentication is throwing a redirect URI error for domain users. Kindly look into this matter promptly,Account,High,synthetic
T01770,"Dear customer service, Unannounced platform outage during business hours caused direct revenue loss for our company. Kindly look into this matter promptly.",Complaint,Critical,synthetic
T01771,"Hey there, VPN connection repeatedly drops every few minutes when connected to office network. Plz advise as soon as possible.",Technical Support,High,synthetic
T01772,I have been on hold for over 45 minutes without anyone picking up my call. This service is terrible. Looking forward to hearing back.,Complaint,Medium,synthetic
T01773,"FYI, No reply to urgent ticket for 48 hours despite paying for 24/7 premium support SLA. Urgent attention required.",Complaint,High,synthetic
T01774,"Due to budget cuts in our organization, we can no longer maintain our active subscription plan. Please process account cancellation immediately and send written confirmation that auto-renew has been disabled. Thanks for your help!",Cancellation,High,synthetic
T01775,"FYI, Where to find user documentation? Contact me via email or phone.",Product Inquiry,Low,synthetic
T01776,Order cancel hone ke baad bhi refund credit nahi hua account mein. Appreciate a quick update on this.,Refund,Medium,synthetic
T01777,"FYI, Why does the mobile application crash every time I try to open the camera or upload a document? Thanks for your help!",Technical Support,Medium,synthetic
T01778,"FYI, Does ur REST API support webhook event subscriptions for real-time order status updates, and where can we access the OpenAPI / Swagger documentation for testing? Appreciate a quick update on this.",Product Inquiry,Low,synthetic
T01779,"Hello, Single Sign-On (SSO) authentication is throwing a redirect URI error for domain users. Looking forward to hearing back.",Account,High,synthetic
T01780,"Hi support team, Due to budget cuts in our organization, we can no longer maintain our active subscription plan. Please process account cancellation immediately and send written confirmation that auto-renew has been disabled. Looking forward to hearing back.",Cancellation,High,synthetic
T01781,"FYI, Unrecognized login notification received. Plz respond asap",Account,Critical,synthetic
T01782,"Dear customer service, Support agent closed my ticket 13516 marking it resolved, even though the bug is still happening! Kindly look into this matter promptly.",Complaint,High,synthetic
T01783,"Dear customer service, Double billing issue. Thanks for your help!",Billing,Medium,synthetic
T01784,Duplicate charge on statement,Billing,Medium,synthetic
T01785,Urgent: 2FA code not received. Thanks for your help!,Account,High,synthetic
T01786,Plz help - VPN connection repeatedly drops every few minutes when connected to office network. Thanks for your help!,Technical Support,High,synthetic
T01787,"Hey there, How do I cancel my pending order before it moves to the warehouse packing stage? Looking forward to hearing back.",Cancellation,Low,synthetic
T01788,Account locked after failed logins. Appreciate a quick update on this.,Account,High,synthetic
T01789,Urgent: Bulk license pricing details? Appreciate a quick update on this.,Product Inquiry,High,synthetic
T01790,Order cancel hone ke baad bhi refund credit nahi hua account mein. Thanks for ur help!,Refund,Medium,synthetic
T01791,Unrecognized login notification received. Thanks for your help!,Account,Critical,synthetic
T01792,"Hey there, Service downtime ruined our demo. Contact me via email or phone.",Complaint,Critical,synthetic
T01793,Quick question - Your representative was dismissive and unhelpful when I asked for assistance with system errors. Appreciate a quick update on this.,Complaint,Low,synthetic
T01794,"Hello, No reply to urgent ticket for 48 hours despite paying for 24/7 premium support SLA. Appreciate a quick update on this.",Complaint,High,synthetic
T01795,"Urgent: Wrong item delivered, money back. Plz respond asap.",Refund,High,synthetic
T01796,Plz help - I would like to cancel my monthly subscription effective before the next billing cycle. Appreciate a quick update on this.,Cancellation,Low,synthetic
T01797,"Hello, I am filing a formal complaint regarding misleading feature advertising on your pricing page. We purchased the business plan based on promised custom integration features, only to discover after onboarding that the API is not included. Kindly look into this matter promptly.",Complaint,Medium,synthetic
T01798,"Hello, App crashes on launch. Thanks for your help!",Technical Support,Medium,synthetic
T01799,Ticket closed without resolution. Kindly look into this matter promptly.,Complaint,Medium,synthetic
T01800,Urgent: Our scheduled virtual event was ruined due to continuous platform outages on your side. We paid $499.0 for premium hosting and request an immediate pro-rated credit refund to our corporate account balance. Urgent attention required.,Refund,High,synthetic
T01801,"FYI, Account locked after failed logins. Kindly look into this matter promptly.",Account,High,synthetic
T01802,Our scheduled virtual event was ruined due to continuous platform outages on your side. We paid $499.0 for premium hosting and request an immediate pro-rated credit refund to our corporate account balance. Thanks for your help!,Refund,Medium,synthetic
T01803,System crash ho raha hai export click karte hi error code SOCKET_TIMEOUT ke saath. Appreciate a quick update on this.,Technical Support,Medium,synthetic
T01804,Quick question - 2FA code not received. Plz respond asap.,Account,Medium,synthetic
T01805,"Hello, I paid extra for guaranteed next-day air shipping on order 64720 because of an urgent event. It has now been 4 days and the tracking status shows the package is still sitting at the local distribution facility. Please expedite delivery or refund express fees. Urgent attention required.",Shipping,High,synthetic
T01806,"Dear customer service, Plan cancellation request. Please advise as soon as possible.",Cancellation,Medium,synthetic
T01807,"Hey there, I placed order 19996 for an enterprise hardware component, but received a completely different consumer product model. Since this does not match the product specification or purchase order, I am returning the package and request a full refund including express shipping charges. Looking forward to hearing back.",Refund,High,synthetic
T01808,"Dear customer service, The offline synchronization module fails to push local SQLite records to the cloud database when reconnecting to Wi-Fi. Data remains cached locally without throwing explicit log exceptions. Urgent attention required",Technical Support,High,synthetic
T01809,"Dear customer service, I have been on hold for over 45 minutes without anyone picking up my call. This service is terrible. Please advise as soon as possible.",Complaint,Medium,synthetic
T01810,Can I request a live demo session with a product specialist for model PRO-797? Contact me via email or phone.,Product Inquiry,Low,synthetic
T01811,Quick question - Repeated system downtime and unannounced maintenance windows over the past month have disrupted our operations three times. We demand an immediate explanation from management and SLA service credits. Plz respond asap.,Complaint,Critical,synthetic
T01812,"Hello, Our scheduled virtual event was ruined due to continuous platform outages on your side. We paid $149.0 for premium hosting and request an immediate pro-rated credit refund to our corporate account balance. Looking forward to hearing back",Refund,Medium,synthetic
T01813,"FYI, Your representative was dismissive and unhelpful when I asked for assistance w/ system errors. Please advise as soon as possible.",Complaint,Medium,synthetic
T01814,"FYI, I would like to cancel my monthly subscription effective before the next billing cycle. Kindly look into this matter promptly.",Cancellation,Low,synthetic
T01815,"Dear customer service, Our scheduled virtual event was ruined due to continuous platform outages on ur side. We paid $19.99 for premium hosting and request an immediate pro-rated credit refund to our corporate account balance. Urgent attention required.",Refund,Medium,synthetic
T01816,"Hi support team, Double billing issue. Contact me via email or phone",Billing,Medium,synthetic
T01817,Urgent: Your representative was dismissive and unhelpful when I asked for assistance with system errors. Thanks for your help!,Complaint,High,synthetic
T01818,"Hey there, Please turn off automatic renewal for account 54667 so I am not charged next month. Urgent attention required.",Cancellation,Medium,synthetic
T01819,"Hi support team, I paid my monthly invoice yesterday, but the account dashboard still shows payment pending.",Billing,Medium,synthetic
T01820,We are migrating to a different vendor and request complete contract termination. Plz advise as soon as possible.,Cancellation,Medium,synthetic
T01821,"Hello, I checked my credit card account this morning and noticed two separate line items for $49.0 on order 16648. I only submitted the checkout form once, so one of these transactions is clearly an error. Please reverse the duplicate billing immediately. Looking forward to hearing back.",Billing,High,synthetic
T01822,"Hi support team, Can I update my shipping delivery address to apartment 4B before the order dispatches? Thanks for your help!",Shipping,Medium,synthetic
T01823,"Quick question - I paid my monthly invoice yesterday, but the account dashboard still shows payment pending. Looking forward to hearing back.",Billing,Medium,synthetic
T01824,"Hey there, The offline synchronization module fails to push local SQLite records to the cloud database when reconnecting to Wi-Fi. Data remains cached locally without throwing explicit log exceptions. Looking forward to hearing back.",Technical Support,Medium,synthetic
T01825,"Dear customer service, I would like to cancel my monthly subscription effective before the next billing cycle. Kindly look into this matter promptly.",Cancellation,Low,synthetic
T01826,"FYI, Worst support experience ever. Looking forward to hearing back.",Complaint,Low,synthetic
T01827,"We are currently evaluating software solutions for a 300-person engineering team. Could you provide a comprehensive comparison document outlining feature differences between the Professional and Enterprise plans, along with volume discount schedules? Contact me via email or phone.",Product Inquiry,Low,synthetic
T01828,"Hello, The item arrived with broken glass and torn packaging. I demand an immediate full refund. Plz respond asap.",Refund,High,synthetic
T01829,"Hello, 2FA code not received.",Account,Medium,synthetic
T01830,"Hi support team, How do I cancel my pending order before it moves to the warehouse packing stage? Thanks for your help!",Cancellation,Low,synthetic
T01831,"Hello, Ever since updating to version 4.2 yesterday, our entire telemetry team has been unable to access the web portal. The page loads infinitely before displaying an internal server error (HTTP 500). This is blocking active customer operations. Looking forward to hearing back.",Technical Support,Critical,synthetic
T01832,"Dear customer service, I am terminating our contract effective today because key features promised during sales onboarding remain unreleased. Please confirm cancellation of invoice 49849 and remove recorded credit card details. Urgent attention required",Cancellation,High,synthetic
T01833,"Hey there, Payment failed but money deducted. Contact me via email or phone.",Billing,High,synthetic
T01834,"Hello, Do you offer non-profit or educational discounts for team subscription accounts? Kindly look into this matter promptly",Product Inquiry,Low,synthetic
T01835,"Hello, Due to budget cuts in our organization, we can no longer maintain our active subscription plan. Please process account cancellation immediately and send written confirmation that auto-renew has been disabled. Kindly look into this matter promptly.",Cancellation,High,synthetic
T01836,Quick question - Where is my parcel? Urgent attention required.,Shipping,Medium,synthetic
T01837,"Hello, 2FA code not received. Looking forward to hearing back.",Account,Medium,synthetic
T01838,"FYI, We are migrating to a different vendor and request complete contract termination. Please advise as soon as possible",Cancellation,Medium,synthetic
T01839,"Hi support team, Support agent closed my ticket 36437 marking it resolved, even though the bug is still happening! Looking forward to hearing back",Complaint,High,synthetic
T01840,System crash ho raha hai export click karte hi error code AUTH_DENIED ke saath. Appreciate a quick update on this.,Technical Support,Medium,synthetic
T01841,"Account balance se double amount deduct ho gaya, please check billing statement. Appreciate a quick update on this.",Billing,Medium,synthetic
T01842,"Hello, I received an email stating my password was changed from an unknown location, but I did not initiate this. Please advise as soon as possible",Account,Critical,synthetic
T01843,Plz help - The offline synchronization module fails to push local SQLite records to the cloud database when reconnecting to Wi-Fi. Data remains cached locally without throwing explicit log exceptions. Please advise as soon as possible.,Technical Support,Medium,synthetic
T01844,"Hello, What are the minimum hardware and RAM requirements for running the server software on Linux? Urgent attention required.",Product Inquiry,Medium,synthetic
T01845,Plz help - Plan cancellation request. Kindly look into this matter promptly,Cancellation,Low,synthetic
T01846,"Dear customer service, Desktop software freezing. Kindly look into this matter promptly.",Technical Support,Medium,synthetic
T01847,Quick question - I am requesting complete account closure and permanent deletion of all personal stored data from your servers in compliance with privacy regulations. Plz respond asap.,Account,Medium,synthetic
T01848,Plz help - Our team administrator suddenly lost access to the master workspace account after enabling SAML 2.0 SSO. The login screen loops indefinitely between the identity provider and portal without authenticating. We need urgent admin intervention. Appreciate a quick update on this.,Account,Critical,synthetic
T01849,Quick question - My parcel box arrived completely crushed w/ contents damaged during transport. Urgent attention required.,Shipping,High,synthetic
T01850,"Dear customer service, Ticket closed without resolution. Looking forward to hearing back.",Complaint,Medium,synthetic
T01851,"Dear customer service, Tracking link shows package held at border customs clearance depot. Plz respond asap.",Shipping,Low,synthetic
T01852,I am terminating our contract effective today because key features promised during sales onboarding remain unreleased. Please confirm cancellation of invoice 72423 and remove recorded credit card details. Please advise as soon as possible,Cancellation,Medium,synthetic
T01853,Can I request a live demo session with a product specialist for model PRO-214? Urgent attention required.,Product Inquiry,Medium,synthetic
T01854,Quick question - Charged twice for order 56805. Urgent attention required.,Billing,Medium,synthetic
T01855,"Dear customer service, Close my account. Thanks for your help!",Cancellation,Medium,synthetic
T01856,Account delete karvu che. Appreciate a quick update on this.,Cancellation,Medium,synthetic
T01857,"Hey there, I am terminating our contract effective today because key features promised during sales onboarding remain unreleased. Please confirm cancellation of invoice 93985 and remove recorded credit card details. Please advise as soon as possible.",Cancellation,Medium,synthetic
T01858,"Hello, What are the minimum hardware and RAM requirements for running the server software on Linux? Kindly look into this matter promptly.",Product Inquiry,Low,synthetic
T01859,"Hey there, Do you offer non-profit or educational discounts for team subscription accounts? Looking forward to hearing back",Product Inquiry,Low,synthetic
T01860,Plz help - Does product support dark mode? Appreciate a quick update on this,Product Inquiry,Low,synthetic
T01861,Wrong delivery address on order 71718. Looking forward to hearing back.,Shipping,Medium,synthetic
T01862,"Hello, Wrong delivery address on order 71567. Looking forward to hearing back.",Shipping,Medium,synthetic
T01863,Quick question - Is macOS Sequoia supported? Urgent attention required,Product Inquiry,High,synthetic
T01864,"FYI, I returned package for order 41990 two weeks ago but haven't seen the refund credited to my bank account. Contact me via email or phone.",Refund,Medium,synthetic
T01865,Urgent: Where to find user documentation? Plz respond asap.,Product Inquiry,High,synthetic
T01866,"I was billed $99.99 this month, but my plan is supposed to be $29.99. Plz respond asap.",Billing,Medium,synthetic
T01867,Kharaab service experience che. Looking forward to hearing back.,Complaint,Low,synthetic
T01868,"FYI, Unannounced platform outage during business hours caused direct revenue loss for our company. Urgent attention required.",Complaint,Critical,synthetic
T01869,Quick question - Tracking link shows package held at border customs clearance depot. Kindly look into this matter promptly.,Shipping,Low,synthetic
T01870,I would like to cancel my monthly subscription effective before the next billing cycle. Contact me via email or phone.,Cancellation,Low,synthetic
T01871,"Hello, Cannot log into account. Appreciate a quick update on this.",Account,High,synthetic
T01872,"Mera admin account locked ho gaya hai, plz reset karein. Appreciate a quick update on this",Account,Medium,synthetic
T01873,Password reset link kaam nahi kar raha. Appreciate a quick update on this,Account,Low,synthetic
T01874,"FYI, I paid my monthly invoice yesterday, but the account dashboard still shows payment pending",Billing,Medium,synthetic
T01875,Urgent: Why am I not receiving the SMS two-factor authentication verification code on my registered mobile number? Looking forward to hearing back,Account,High,synthetic
T01876,"Hi support team, Cannot log into account.",Account,High,synthetic
T01877,"Hello, Where is my parcel? Looking forward to hearing back",Shipping,Low,synthetic
T01878,Plz help - VPN connection repeatedly drops every few minutes when connected to office network. Plz respond asap.,Technical Support,High,synthetic
T01879,Next month billing se pehle mera plan cancel kar do please. Contact me via email or phone.,Cancellation,Low,synthetic
T01880,"Hi support team, Please help unlock my account after entering wrong password three times. Looking forward to hearing back.",Account,Low,synthetic
T01881,"Dear customer service, VPN connection repeatedly drops every few minutes when connected to office network. Contact me via email or phone",Technical Support,High,synthetic
T01882,"Hey there, Unrecognized login notification received. Plz respond asap",Account,Critical,synthetic
T01883,"FYI, We signed up under a free trial promotional banner, yet our company credit card was billed $19.99 on day one. We expect a full reversal of this unauthorized charge and correction of our subscription tier. Please advise as soon as possible.",Billing,Critical,synthetic
T01884,"FYI, Rude customer agent on call. Looking forward to hearing back",Complaint,Low,synthetic
T01885,Website completely crash ho gaya hai. Contact me via email or phone.,Technical Support,Critical,synthetic
T01886,Urgent: 2FA code not received. Urgent attention required.,Account,High,synthetic
T01887,"Hi support team, Why am I seeing two charges for the same order 82534 on my bank app? Appreciate a quick update on this.",Billing,Medium,synthetic
T01888,Plz help - I paid extra for guaranteed next-day air shipping on order 25198 because of an urgent event. It has now been 4 days and the tracking status shows the package is still sitting at the local distribution facility. Please expedite delivery or refund express fees.,Shipping,High,synthetic
T01889,"Hey there, Account locked after failed logins. Urgent attention required",Account,High,synthetic
T01890,"Dear customer service, Single Sign-On (SSO) authentication is throwing a redirect URI error for domain users. Thanks for your help!",Account,High,synthetic
T01891,"Hello, I placed order 46429 for an enterprise hardware component, but received a completely different consumer product model. Since this does not match the product specification or purchase order, I am returning the package and request a full refund including express shipping charges. Plz respond asap",Refund,High,synthetic
T01892,Does product support dark mode? Plz respond asap,Product Inquiry,High,synthetic
T01893,Website completely crash ho gaya hai. Urgent attention required.,Technical Support,Critical,synthetic
T01894,"Dear customer service, Wrong delivery address on order 43557. Urgent attention required.",Shipping,Medium,synthetic
T01895,Quick question - Single Sign-On (SSO) authentication is throwing a redirect URI error for domain users. Please advise as soon as possible.,Account,High,synthetic
T01896,"Hi support team, Where to find user documentation?",Product Inquiry,Low,synthetic
T01897,"Hi support team, The item arrived with broken glass and torn packaging. I demand an immediate full refund. Contact me via email or phone.",Refund,High,synthetic
T01898,"Dear customer service, Router blinking red, internet down. Contact me via email or phone.",Technical Support,High,synthetic
T01899,"Hi support team, No reply to urgent ticket for 48 hours despite paying for 24/7 premium support SLA. Please advise as soon as possible.",Complaint,High,synthetic
T01900,Pakka refund kab tak milega order 12526 ka? Urgent attention required.,Refund,Medium,synthetic
T01901,"Plz help - I am filing a formal complaint regarding misleading feature advertising on your pricing page. We purchased the business plan based on promised custom integration features, only to discover after onboarding that the API is not included. Thanks for your help!",Complaint,Medium,synthetic
T01902,"Hello, Tracking number 85837 has been stuck in transit at the hub for over 6 days without progress. Urgent attention required",Shipping,High,synthetic
T01903,Plan cancellation request. Kindly look into this matter promptly.,Cancellation,Low,synthetic
T01904,"FYI, My parcel box arrived completely crushed with contents damaged during transport. Plz respond asap.",Shipping,High,synthetic
T01905,System crash ho raha hai export click karte hi error code AUTH_DENIED ke saath,Technical Support,Medium,synthetic
T01906,"Urgent: Wrong item delivered, money back. Please advise as soon as possible.",Refund,High,synthetic
T01907,Delivery kab tak aayegi? Plz advise as soon as possible.,Shipping,Medium,synthetic
T01908,Urgent: Ticket closed without resolution. Kindly look into this matter promptly.,Complaint,High,synthetic
T01909,"Hello, Close my account. Urgent attention required.",Cancellation,Medium,synthetic
T01910,Our organization was charged a late fee penalty of $19.99 despite completing the wire transfer prior to the due date. Attached is our bank transaction confirmation for your accounts team to verify and credit back. Contact me via email or phone.,Billing,Medium,synthetic
T01911,"Hey there, Service downtime ruined our demo. Plz respond asap.",Complaint,Critical,synthetic
T01912,"Hey there, I am terminating our contract effective today because key features promised during sales onboarding remain unreleased. Please confirm cancellation of invoice 42679 and remove recorded credit card details. Contact me via email or phone.",Cancellation,Medium,synthetic
T01913,I accidentally renewed the wrong tier subscription yesterday. Is it possible to get a refund? Please advise as soon as possible.,Refund,Medium,synthetic
T01914,"Hi support team, Charged twice for order 24920. Urgent attention required.",Billing,Medium,synthetic
T01915,"Dear customer service, I returned package for order 86916 two weeks ago but haven't seen the refund credited to my bank account. Looking forward to hearing back.",Refund,Medium,synthetic
T01916,"Hey there, Bulk license pricing details? Please advise as soon as possible.",Product Inquiry,Medium,synthetic
T01917,Quick question - Database connection timeout. Thanks for your help!,Technical Support,Critical,synthetic
T01918,"FYI, Tracking not updating for order 38138. Appreciate a quick update on this.",Shipping,Low,synthetic
T01919,"Dear customer service, Wrong item delivered, money back. Contact me via email or phone.",Refund,Medium,synthetic
T01920,"FYI, Our organization was charged a late fee penalty of $49.0 despite completing the wire transfer prior to the due date. Attached is our bank transaction confirmation for your accounts team to verify and credit back. Appreciate a quick update on this.",Billing,Medium,synthetic
T01921,Urgent: Cannot log into account. Urgent attention required.,Account,High,synthetic
T01922,"Hi support team, Package marked delivered but missing. Kindly look into this matter promptly.",Shipping,Critical,synthetic
T01923,"FYI, Can I request a live demo session with a product specialist for model PRO-606? Kindly look into this matter promptly.",Product Inquiry,Low,synthetic
T01924,Urgent: Package marked delivered but missing. Looking forward to hearing back.,Shipping,High,synthetic
T01925,Plz help - Plan cancellation request. Plz respond asap,Cancellation,High,synthetic
T01926,"Dear customer service, I paid extra for guaranteed next-day air shipping on order 53716 because of an urgent event. It has now been 4 days and the tracking status shows the package is still sitting at the local distribution facility. Please expedite delivery or refund express fees. Urgent attention required.",Shipping,High,synthetic
T01927,"Hi support team, Double billing issue",Billing,Medium,synthetic
T01928,"FYI, Could you tell me if your platform supports SAML 2.0 Single Sign-On for enterprise users? Plz respond asap.",Product Inquiry,Low,synthetic
T01929,"Dear customer service, Wrong delivery address on order 42032. Please advise as soon as possible",Shipping,Medium,synthetic
T01930,"Hi support team, Our organization was charged a late fee penalty of $49.0 despite completing the wire transfer prior to the due date. Attached is our bank transaction confirmation for your accounts team to verify and credit back. Kindly look into this matter promptly.",Billing,Medium,synthetic
T01931,"Dear customer service, Tracking link shows package held at border customs clearance depot. Appreciate a quick update on this.",Shipping,Low,synthetic
T01932,Plz help - Does product support dark mode? Plz respond asap.,Product Inquiry,Low,synthetic
T01933,"Dear customer service, Do u offer non-profit or educational discounts for team subscription accounts? Thanks for your help!",Product Inquiry,Low,synthetic
T01934,"Dear customer service, The offline synchronization module fails to push local SQLite records to the cloud database when reconnecting to Wi-Fi. Data remains cached locally without throwing explicit log exceptions. Looking forward to hearing back.",Technical Support,Medium,synthetic
T01935,"Dear customer service, VPN connection repeatedly drops every few minutes when connected to office network. Looking forward to hearing back.",Technical Support,High,synthetic
T01936,Urgent: Rude customer agent on call. Kindly look into this matter promptly,Complaint,High,synthetic
T01937,"Hey there, VPN connection repeatedly drops every few minutes when connected to office network.",Technical Support,High,synthetic
T01938,Double billing issue. Looking forward to hearing back.,Billing,Medium,synthetic
T01939,"FYI, VPN connection repeatedly drops every few minutes when connected to office network. Plz respond asap.",Technical Support,High,synthetic
T01940,"Hey there, Forgot password link expired. Looking forward to hearing back.",Account,Low,synthetic
T01941,"Dear customer service, Rude customer agent on call. Urgent attention required",Complaint,High,synthetic
T01942,Refund process nahi hua abhi tak. Looking forward to hearing back,Refund,Medium,synthetic
T01943,Quick question - Our scheduled virtual event was ruined due to continuous platform outages on your side. We paid $99.99 for premium hosting and request an immediate pro-rated credit refund to our corporate account balance. Contact me via email or phone.,Refund,Medium,synthetic
T01944,"Hello, Why am I not receiving the SMS two-factor authentication verification code on my registered mobile number? Appreciate a quick update on this",Account,Medium,synthetic
T01945,"Hey there, Our backend production database server at 192.168.94.248 is refusing incoming connections with error SOCKET_TIMEOUT. Looking forward to hearing back.",Technical Support,Critical,synthetic
T01946,"Hey there, Turn off auto-renewal. Plz respond asap.",Cancellation,Low,synthetic
T01947,"FYI, Do you offer non-profit or educational discounts for team subscription accounts? Contact me via email or phone.",Product Inquiry,Low,synthetic
T01948,"Hello, I paid extra for guaranteed next-day air shipping on order 96932 because of an urgent event. It has now been 4 days and the tracking status shows the package is still sitting at the local distribution facility. Please expedite delivery or refund express fees. Contact me via email or phone.",Shipping,High,synthetic
T01949,"Hey there, Is macOS Sequoia supported? Plz respond asap.",Product Inquiry,Low,synthetic
T01950,"Quick question - I received an email stating my password was changed from an unknown location, but I did not initiate this. Please advise as soon as possible",Account,Critical,synthetic
T01951,Plz help - Your representative was dismissive and unhelpful when I asked for assistance with system errors. Plz respond asap.,Complaint,Low,synthetic
T01952,"Dear customer service, I have been on hold for over 45 minutes without anyone picking up my call. This service is terrible. Appreciate a quick update on this.",Complaint,Medium,synthetic
T01953,"Plz help - I placed order 92656 for an enterprise hardware component, but received a completely different consumer product model. Since this does not match the product specification or purchase order, I am returning the package and request a full refund including express shipping charges. Plz respond asap.",Refund,High,synthetic
T01954,"Hey there, Page loading times have degraded significantly after the latest patch, causing request timeouts. Plz respond asap.",Technical Support,Medium,synthetic
T01955,Urgent: I am terminating our contract effective today because key features promised during sales onboarding remain unreleased. Please confirm cancellation of invoice 13339 and remove recorded credit card details. Kindly look into this matter promptly.,Cancellation,High,synthetic
T01956,"Dear customer service, The item arrived with broken glass and torn packaging. I demand an immediate full refund.",Refund,High,synthetic
T01957,"Hi support team, I checked my credit card account this morning and noticed two separate line items for $19.99 on order 93744. I only submitted the checkout form once, so one of these transactions is clearly an error. Please reverse the duplicate billing immediately. Appreciate a quick update on this.",Billing,High,synthetic
T01958,Urgent: Our scheduled virtual event was ruined due to continuous platform outages on your side. We paid $19.99 for premium hosting and request an immediate pro-rated credit refund to our corporate account balance. Appreciate a quick update on this.,Refund,High,synthetic
T01959,"Dear customer service, We are currently evaluating software solutions for a 300-person engineering team. Could you provide a comprehensive comparison document outlining feature differences between the Professional and Enterprise plans, along with volume discount schedules? Kindly look into this matter promptly.",Product Inquiry,Low,synthetic
T01960,"Hey there, Why am I not receiving the SMS two-factor authentication verification code on my registered mobile number? Contact me via email or phone.",Account,Medium,synthetic
T01961,"Dear customer service, The courier marked my parcel as delivered on the porch, but there is no package outside my house. Thanks for your help!",Shipping,High,synthetic
T01962,"Plz help - Due to budget cuts in our organization, we can no longer maintain our active subscription plan. Please process account cancellation immediately and send written confirmation that auto-renew has been disabled. Plz respond asap.",Cancellation,High,synthetic
T01963,Plz help - Need tax invoice for order 36588.,Billing,Low,synthetic
T01964,"Hello, I returned package for order 74901 two weeks ago but haven't seen the refund credited to my bank account. Urgent attention required.",Refund,Medium,synthetic
T01965,"Hi support team, We are currently evaluating software solutions for a 300-person engineering team. Could you provide a comprehensive comparison document outlining feature differences between the Professional and Enterprise plans, along with volume discount schedules? Contact me via email or phone.",Product Inquiry,Low,synthetic
T01966,Quick question - VPN connection repeatedly drops every few minutes when connected to office network. Plz respond asap.,Technical Support,High,synthetic
T01967,"Hello, Where is my parcel? Appreciate a quick update on this.",Shipping,Low,synthetic
T01968,"FYI, Account locked after failed logins. Contact me via email or phone",Account,High,synthetic
T01969,"Urgent: We are currently evaluating software solutions for a 300-person engineering team. Could you provide a comprehensive comparison document outlining feature differences between the Professional and Enterprise plans, along with volume discount schedules?",Product Inquiry,High,synthetic
T01970,Pakka refund kab tak milega order 95563 ka? Contact me via email or phone.,Refund,Medium,synthetic
T01971,Pakka refund kab tak milega order 89260 ka? Urgent attention required,Refund,High,synthetic
T01972,Plz help - Package marked delivered but missing.,Shipping,Critical,synthetic
T01973,Quick question - I paid extra for guaranteed next-day air shipping on order 60140 because of an urgent event. It has now been 4 days and the tracking status shows the package is still sitting at the local distribution facility. Please expedite delivery or refund express fees. Contact me via email or phone.,Shipping,High,synthetic
T01974,Our organization was charged a late fee penalty of $19.99 despite completing the wire transfer prior to the due date. Attached is our bank transaction confirmation for your accounts team to verify and credit back. Kindly look into this matter promptly.,Billing,Medium,synthetic
T01975,"FYI, Wrong item delivered, money back. Thanks for ur help!",Refund,Medium,synthetic
T01976,"Hey there, Requesting refund for order 25022. Thanks for your help!",Refund,Medium,synthetic
T01977,"Hello, Due to budget cuts in our organization, we can no longer maintain our active subscription plan. Please process account cancellation immediately and send written confirmation that auto-renew has been disabled. Looking forward to hearing back.",Cancellation,High,synthetic
T01978,Plz help - We are migrating to a different vendor and request complete contract termination. Kindly look into this matter promptly.,Cancellation,Medium,synthetic
T01979,"Hey there, I am requesting complete account closure and permanent deletion of all personal stored data from your servers in compliance with privacy regulations. Thanks for your help!",Account,Medium,synthetic
T01980,"Hello, Desktop software freezing. Urgent attention required.",Technical Support,Medium,synthetic
T01981,"Hey there, Router blinking red, internet down. Appreciate a quick update on this",Technical Support,High,synthetic
T01982,"Hello, Database connection timeout. Kindly look into this matter promptly.",Technical Support,Critical,synthetic
T01983,"Hey there, VPN connection repeatedly drops every few minutes when connected to office network. Appreciate a quick update on this.",Technical Support,High,synthetic
T01984,"Hey there, What are the minimum hardware and RAM requirements for running the server software on Linux? Contact me via email or phone",Product Inquiry,Low,synthetic
T01985,"Hi support team, The cancellation button is missing from my account billing settings page. Please cancel for me.",Cancellation,Medium,synthetic
T01986,Aa product ma discount milse? Plz respond asap.,Product Inquiry,Low,synthetic
T01987,Plz help - VPN connection repeatedly drops every few minutes when connected to office network. Contact me via email or phone.,Technical Support,High,synthetic
T01988,"Hey there, Plz help unlock my account after entering wrong password three times. Please advise as soon as possible.",Account,Medium,synthetic
T01989,Quick question - Account locked after failed logins. Please advise as soon as possible,Account,High,synthetic
T01990,"FYI, Could you tell me if your platform supports SAML 2.0 Single Sign-On for enterprise users? Appreciate a quick update on this.",Product Inquiry,Low,synthetic
T01991,"Dear customer service, Tracking link shows package held at border customs clearance depot. Looking forward to hearing back",Shipping,Low,synthetic
T01992,Urgent: Where to find user documentation? Please advise as soon as possible.,Product Inquiry,High,synthetic
T01993,Quick question - Could u tell me if your platform supports SAML 2.0 Single Sign-On for enterprise users? Kindly look into this matter promptly,Product Inquiry,Low,synthetic
T01994,"FYI, My parcel box arrived completely crushed with contents damaged during transport. Urgent attention required",Shipping,High,synthetic
T01995,App chalne ma problem aave che. Contact me via email or phone.,Technical Support,Medium,synthetic
T01996,"Dear customer service, The cancellation button is missing from my account billing settings page. Please cancel for me. Contact me via email or phone.",Cancellation,Medium,synthetic
T01997,"Hey there, Tracking number 37290 has been stuck in transit at the hub for over 6 days without progress. Plz respond asap",Shipping,High,synthetic
T01998,"Quick question - The courier marked my parcel as delivered on the porch, but there is no package outside my house.",Shipping,High,synthetic
T01999,"Hi support team, I paid extra for guaranteed next-day air shipping on order 46629 because of an urgent event. It has now been 4 days and the tracking status shows the package is still sitting at the local distribution facility. Please expedite delivery or refund express fees. Thanks for your help!",Shipping,High,synthetic
T02000,"Hi support team, Why does the mobile application crash every time I try to open the camera or upload a document? Thanks for your help!",Technical Support,Medium,synthetic
T02001,Urgent: I accidentally renewed the wrong tier subscription yesterday. Is it possible to get a refund? Thanks for your help!,Refund,High,synthetic
T02002,"FYI, Ticket closed without resolution. Thanks for your help!",Complaint,Medium,synthetic
T02003,"I received an email stating my password was changed from an unknown location, but I did not initiate this. Thanks for your help!",Account,Critical,synthetic
T02004,"Hello, Bulk license pricing details?",Product Inquiry,Low,synthetic
T02005,"Hello, Our scheduled virtual event was ruined due to continuous platform outages on ur side. We paid $49.0 for premium hosting and request an immediate pro-rated credit refund to our corporate account balance.",Refund,Medium,synthetic
T02006,"Dear customer service, Service downtime ruined our demo. Contact me via email or phone.",Complaint,Critical,synthetic
T02007,Next month billing se pehle mera plan cancel kar do plz. Looking forward to hearing back.,Cancellation,Low,synthetic
T02008,"Hi support team, Worst support experience ever.",Complaint,Low,synthetic
T02009,Cancel subscription immediately. Appreciate a quick update on this,Cancellation,High,synthetic
T02010,"Hey there, Is macOS Sequoia supported?",Product Inquiry,Low,synthetic
T02011,"Hey there, Why am I not receiving the SMS two-factor authentication verification code on my registered mobile number? Plz respond asap.",Account,Medium,synthetic
T02012,"FYI, Close my account. Urgent attention required.",Cancellation,Medium,synthetic
T02013,"Hi support team, Does the cloud storage infrastructure comply w/ SOC2 and HIPAA security certifications? Urgent attention required.",Product Inquiry,Medium,synthetic
T02014,"Hey there, I was billed $249.5 this month, but my plan is supposed to be $29.99. Looking forward to hearing back",Billing,Medium,synthetic
T02015,Urgent: Our backend production database server at 192.168.108.171 is refusing incoming connections w/ error SOCKET_TIMEOUT. Kindly look into this matter promptly.,Technical Support,High,synthetic
T02016,"Hey there, Ur representative was dismissive and unhelpful when I asked for assistance with system errors. Looking forward to hearing back.",Complaint,Low,synthetic
T02017,"Hi support team, Rude customer agent on call.",Complaint,Low,synthetic
T02018,Quick question - Cancel subscription immediately. Plz respond asap.,Cancellation,High,synthetic
T02019,Next month billing se pehle mera plan cancel kar do please. Kindly look into this matter promptly.,Cancellation,Low,synthetic
T02020,Kripya invoice receipt email ID par bhej dijiye. Urgent attention required.,Billing,Medium,synthetic
T02021,"Hi support team, Requesting refund for order 30856. Appreciate a quick update on this.",Refund,Medium,synthetic
T02022,"Plz help - We are currently evaluating software solutions for a 300-person engineering team. Could you provide a comprehensive comparison document outlining feature differences between the Professional and Enterprise plans, along with volume discount schedules?",Product Inquiry,Low,synthetic
T02023,"Hello, Cancel subscription immediately. Urgent attention required.",Cancellation,High,synthetic
T02024,"Quick question - We are observing consistent memory leaks in the background daemon process on node 192.168.36.135. Memory utilization climbs to 99% within two hours of service start, eventually forcing a kernel panic and abrupt system reboot.",Technical Support,Critical,synthetic
T02025,"Dear customer service, The courier marked my parcel as delivered on the porch, but there is no package outside my house. Plz respond asap.",Shipping,High,synthetic
T02026,"Hey there, Please turn off automatic renewal for account 44929 so I am not charged next month. Kindly look into this matter promptly.",Cancellation,Low,synthetic
T02027,Urgent: Worst support experience ever. Urgent attention required.,Complaint,High,synthetic
T02028,Order cancel hone ke baad bhi refund credit nahi hua account mein. Please advise as soon as possible.,Refund,Medium,synthetic
T02029,"FYI, Bulk license pricing details? Appreciate a quick update on this.",Product Inquiry,Low,synthetic
T02030,Kya is software mein custom reporting export option available hai? Looking forward to hearing back,Product Inquiry,Low,synthetic
T02031,Urgent: Our backend production database server at 192.168.38.150 is refusing incoming connections with error SOCKET_TIMEOUT. Kindly look into this matter promptly.,Technical Support,High,synthetic
T02032,"Plz help - We signed up under a free trial promotional banner, yet our company credit card was billed $249.5 on day one. We expect a full reversal of this unauthorized charge and correction of our subscription tier. Thanks for your help!",Billing,Critical,synthetic
T02033,Quick question - Service downtime ruined our demo. Thanks for your help!,Complaint,Critical,synthetic
T02034,"Plz help - I checked my credit card account this morning and noticed two separate line items for $49.0 on order 16764. I only submitted the checkout form once, so one of these transactions is clearly an error. Please reverse the duplicate billing immediately. Thanks for your help!",Billing,High,synthetic
T02035,"Quick question - I paid my monthly invoice yesterday, but the account dashboard still shows payment pending. Plz respond asap.",Billing,Medium,synthetic
T02036,"Dear customer service, We are migrating to a different vendor and request complete contract termination.",Cancellation,Medium,synthetic
T02037,"Hi support team, Requesting refund for order 83188. Kindly look into this matter promptly.",Refund,Medium,synthetic
T02038,"Hello, Our team administrator suddenly lost access to the master workspace account after enabling SAML 2.0 SSO. The login screen loops indefinitely between the identity provider and portal without authenticating. We need urgent admin intervention. Looking forward to hearing back.",Account,Critical,synthetic
T02039,"Hi support team, I returned package for order 12142 two weeks ago but haven't seen the refund credited to my bank account. Plz respond asap.",Refund,Medium,synthetic
T02040,I am requesting complete account closure and permanent deletion of all personal stored data from your servers in compliance with privacy regulations. Looking forward to hearing back.,Account,Medium,synthetic
T02041,"FYI, Our team administrator suddenly lost access to the master workspace account after enabling SAML 2.0 SSO. The login screen loops indefinitely between the identity provider and portal without authenticating. We need urgent admin intervention. Thanks for your help!",Account,Critical,synthetic
T02042,"Hey there, I was billed $49.0 this month, but my plan is supposed to be $79.99. Plz advise as soon as possible",Billing,Medium,synthetic
T02043,Quick question - Database connection timeout. Plz respond asap,Technical Support,Critical,synthetic
T02044,Urgent: I am terminating our contract effective today because key features promised during sales onboarding remain unreleased. Please confirm cancellation of invoice 63971 and remove recorded credit card details. Contact me via email or phone.,Cancellation,High,synthetic
T02045,Tracking number 95459 has been stuck in transit at the hub for over 6 days without progress. Appreciate a quick update on this.,Shipping,Medium,synthetic
T02046,"Mera admin account locked ho gaya hai, plz reset karein. Thanks for your help!",Account,Medium,synthetic
T02047,"Hey there, My parcel box arrived completely crushed with contents damaged during transport. Kindly look into this matter promptly.",Shipping,High,synthetic
T02048,Urgent: No reply to urgent ticket for 48 hours despite paying for 24/7 premium support SLA. Please advise as soon as possible.,Complaint,High,synthetic
T02049,Plz help - Double billing issue. Please advise as soon as possible.,Billing,Medium,synthetic
T02050,"Urgent: I was billed $149.0 this month, but my plan is supposed to be $29.99. Urgent attention required",Billing,High,synthetic
T02051,"Urgent: Wrong item delivered, money back. Contact me via email or phone.",Refund,High,synthetic
T02052,"FYI, Duplicate charge on statement. Plz respond asap.",Billing,Medium,synthetic
T02053,"Dear customer service, I am terminating our contract effective today because key features promised during sales onboarding remain unreleased. Please confirm cancellation of invoice 75526 and remove recorded credit card details. Plz respond asap",Cancellation,High,synthetic
T02054,Plz help - 2FA code not received.,Account,Medium,synthetic
T02055,Plz help - My parcel box arrived completely crushed with contents damaged during transport. Appreciate a quick update on this.,Shipping,High,synthetic
T02056,"Hello, The item arrived with broken glass and torn packaging. I demand an immediate full refund. Kindly look into this matter promptly.",Refund,High,synthetic
T02057,Plz help - Your representative was dismissive and unhelpful when I asked for assistance with system errors. Appreciate a quick update on this.,Complaint,Low,synthetic
T02058,Plz help - Our organization was charged a late fee penalty of $149.0 despite completing the wire transfer prior to the due date. Attached is our bank transaction confirmation for your accounts team to verify and credit back. Looking forward to hearing back.,Billing,Medium,synthetic
T02059,"We are currently evaluating software solutions for a 300-person engineering team. Could you provide a comprehensive comparison document outlining feature differences between the Professional and Enterprise plans, along with volume discount schedules? Thanks for your help!",Product Inquiry,Low,synthetic
T02060,Plz help - Our team administrator suddenly lost access to the master workspace account after enabling SAML 2.0 SSO. The login screen loops indefinitely between the identity provider and portal without authenticating. We need urgent admin intervention. Urgent attention required.,Account,Critical,synthetic
T02061,Quick question - Tracking number 20967 has been stuck in transit at the hub for over 6 days without progress. Kindly look into this matter promptly.,Shipping,Medium,synthetic
T02062,Pakka refund kab tak milega order 30207 ka? Please advise as soon as possible,Refund,Medium,synthetic
T02063,Plz help - Charged twice for order 57089. Kindly look into this matter promptly.,Billing,Medium,synthetic
T02064,Repeated system downtime and unannounced maintenance windows over the past month have disrupted our operations three times. We demand an immediate explanation from management and SLA service credits. Looking forward to hearing back.,Complaint,Critical,synthetic
T02065,Plz help - Account locked after failed logins. Please advise as soon as possible.,Account,High,synthetic
T02066,Urgent: The cancellation button is missing from my account billing settings page. Please cancel for me. Thanks for your help!,Cancellation,High,synthetic
T02067,"Hi support team, What are the minimum hardware and RAM requirements for running the server software on Linux? Contact me via email or phone.",Product Inquiry,Low,synthetic
T02068,"Dear customer service, Tracking link shows package held at border customs clearance depot. Contact me via email or phone",Shipping,Low,synthetic
T02069,"Dear customer service, I am terminating our contract effective today because key features promised during sales onboarding remain unreleased. Please confirm cancellation of invoice 21397 and remove recorded credit card details. Kindly look into this matter promptly.",Cancellation,Medium,synthetic
T02070,"Dear customer service, Worst support experience ever. Please advise as soon as possible.",Complaint,Medium,synthetic
T02071,"Quick question - Wrong item delivered, money back. Thanks for your help!",Refund,Medium,synthetic
T02072,Quick question - Bulk license pricing details? Contact me via email or phone.,Product Inquiry,Low,synthetic
T02073,I returned package for order 21417 two weeks ago but haven't seen the refund credited to my bank account. Plz respond asap.,Refund,Medium,synthetic
T02074,"Hey there, Account locked after failed logins. Plz respond asap.",Account,High,synthetic
T02075,Kharaab service experience che. Contact me via email or phone.,Complaint,Low,synthetic
T02076,"Hi support team, Bulk license pricing details? Please advise as soon as possible.",Product Inquiry,Medium,synthetic
T02077,"Hello, Server error 500 on submit. Plz respond asap.",Technical Support,Critical,synthetic
T02078,"Hey there, Where is my pending refund? Looking forward to hearing back.",Refund,Medium,synthetic
T02079,"Dear customer service, Our team administrator suddenly lost access to the master workspace account after enabling SAML 2.0 SSO. The login screen loops indefinitely between the identity provider and portal without authenticating. We need urgent admin intervention. Appreciate a quick update on this.",Account,Critical,synthetic
T02080,Password reset link kaam nahi kar raha. Plz respond asap.,Account,Low,synthetic
T02081,"Dear customer service, Why am I not receiving the SMS two-factor authentication verification code on my registered mobile number? Plz respond asap.",Account,Medium,synthetic
T02082,"Dear customer service, The item arrived w/ broken glass and torn packaging. I demand an immediate full refund. Kindly look into this matter promptly.",Refund,High,synthetic
T02083,Plz help - Charged twice for order 14141. Plz respond asap.,Billing,Medium,synthetic
T02084,"Mera admin account locked ho gaya hai, please reset karein. Please advise as soon as possible.",Account,Medium,synthetic
T02085,Rude customer agent on call. Appreciate a quick update on this.,Complaint,Low,synthetic
T02086,There is an unrecognized charge of $99.99 on my credit card statement. Urgent attention required.,Billing,Critical,synthetic
T02087,Quick question - Payment failed but money deducted. Urgent attention required.,Billing,High,synthetic
T02088,Urgent: Database connection timeout. Appreciate a quick update on this.,Technical Support,Critical,synthetic
T02089,"Urgent: We are currently evaluating software solutions for a 300-person engineering team. Could you provide a comprehensive comparison document outlining feature differences between the Professional and Enterprise plans, along with volume discount schedules? Urgent attention required.",Product Inquiry,High,synthetic
T02090,Quick question - What are the minimum hardware and RAM requirements for running the server software on Linux? Plz respond asap,Product Inquiry,High,synthetic
T02091,"Hello, Unrecognized login notification received. Looking forward to hearing back.",Account,Critical,synthetic
T02092,Quick question - What are the minimum hardware and RAM requirements for running the server software on Linux? Urgent attention required.,Product Inquiry,Medium,synthetic
T02093,"Hello, Support agent closed my ticket 28363 marking it resolved, even though the bug is still happening! Plz respond asap.",Complaint,High,synthetic
T02094,Plz help - I paid extra for guaranteed next-day air shipping on order 10042 because of an urgent event. It has now been 4 days and the tracking status shows the package is still sitting at the local distribution facility. Please expedite delivery or refund express fees. Contact me via email or phone.,Shipping,High,synthetic
T02095,Quick question - Does the cloud storage infrastructure comply with SOC2 and HIPAA security certifications? Appreciate a quick update on this.,Product Inquiry,Medium,synthetic
T02096,Our backend production database server at 192.168.13.145 is refusing incoming connections with error SOCKET_TIMEOUT.,Technical Support,Critical,synthetic
T02097,"Dear customer service, Does product support dark mode? Urgent attention required.",Product Inquiry,Medium,synthetic
T02098,Payment failed but money deducted. Urgent attention required.,Billing,High,synthetic
T02099,Quick question - Tracking number 46409 has been stuck in transit at the hub for over 6 days without progress. Plz respond asap.,Shipping,Medium,synthetic
T02100,"Urgent: I received an email stating my password was changed from an unknown location, but I did not initiate this. Appreciate a quick update on this.",Account,High,synthetic
T02101,"FYI, Does product support dark mode? Urgent attention required.",Product Inquiry,Medium,synthetic
T02102,"Dear customer service, I paid my monthly invoice yesterday, but the account dashboard still shows payment pending. Appreciate a quick update on this",Billing,Medium,synthetic
T02103,"FYI, Router blinking red, internet down. Thanks for ur help!",Technical Support,High,synthetic
T02104,"Dear customer service, There is an unrecognized charge of $99.99 on my credit card statement. Thanks for your help!",Billing,Critical,synthetic
T02105,We are migrating to a different vendor and request complete contract termination. Contact me via email or phone.,Cancellation,Medium,synthetic
T02106,"Hello, Desktop software freezing. Appreciate a quick update on this.",Technical Support,Medium,synthetic
T02107,Urgent: Where is my parcel? Looking forward to hearing back.,Shipping,High,synthetic
T02108,Courier status update nathi thayo. Plz respond asap,Shipping,High,synthetic
T02109,"Mera admin account locked ho gaya hai, plz reset karein. Appreciate a quick update on this.",Account,Medium,synthetic
T02110,Plz help - Plan cancellation request. Please advise as soon as possible.,Cancellation,Medium,synthetic
T02111,Quick question - Why does the mobile application crash every time I try to open the camera or upload a document? Kindly look into this matter promptly.,Technical Support,Medium,synthetic
T02112,"Hey there, Our scheduled virtual event was ruined due to continuous platform outages on your side. We paid $249.5 for premium hosting and request an immediate pro-rated credit refund to our corporate account balance.",Refund,Medium,synthetic
T02113,"Hello, Tracking number 49366 has been stuck in transit at the hub for over 6 days without progress.",Shipping,Medium,synthetic
T02114,Plz help - Please turn off automatic renewal for account 41708 so I am not charged next month. Appreciate a quick update on this.,Cancellation,Low,synthetic
T02115,Plz help - There is an unrecognized charge of $19.99 on my credit card statement.,Billing,Critical,synthetic
T02116,Urgent: I accidentally renewed the wrong tier subscription yesterday. Is it possible to get a refund? Plz respond asap.,Refund,High,synthetic
T02117,Quick question - Bulk license pricing details? Looking forward to hearing back.,Product Inquiry,Low,synthetic
T02118,"Hi support team, Need tax invoice for order 57578. Please advise as soon as possible.",Billing,Medium,synthetic
T02119,"FYI, Where is my pending refund? Urgent attention required",Refund,High,synthetic
T02120,Tracking not updating for order 71646,Shipping,Low,synthetic
T02121,Pakka refund kab tak milega order 12556 ka? Please advise as soon as possible.,Refund,Medium,synthetic
T02122,Urgent: The cancellation button is missing from my account billing settings page. Please cancel for me. Plz respond asap.,Cancellation,High,synthetic
T02123,Urgent: Need tax invoice for order 45697.,Billing,High,synthetic
T02124,"Hi support team, Please help unlock my account after entering wrong password three times.",Account,Low,synthetic
T02125,"FYI, We are currently evaluating software solutions for a 300-person engineering team. Could you provide a comprehensive comparison document outlining feature differences between the Professional and Enterprise plans, along with volume discount schedules?",Product Inquiry,Low,synthetic
T02126,"Hello, Where is my pending refund? Looking forward to hearing back.",Refund,Medium,synthetic
T02127,"Hello, Why am I not receiving the SMS two-factor authentication verification code on my registered mobile number? Thanks for your help!",Account,Medium,synthetic
T02128,"Hi support team, Double billing issue. Plz respond asap",Billing,High,synthetic
T02129,Plz help - Do u offer non-profit or educational discounts for team subscription accounts? Urgent attention required.,Product Inquiry,Medium,synthetic
T02130,Plz help - Can you please send me an official VAT receipt and tax invoice for billing period Jan 2026? Appreciate a quick update on this,Billing,Low,synthetic
T02131,Urgent: What are the minimum hardware and RAM requirements for running the server software on Linux? Plz respond asap.,Product Inquiry,High,synthetic
T02132,Plz help - Cannot log into account. Thanks for ur help!,Account,High,synthetic
T02133,"Hey there, System cancelled my order due to stock shortage, but the money has not been refunded yet. Urgent attention required.",Refund,Medium,synthetic
T02134,"Dear customer service, The courier marked my parcel as delivered on the porch, but there is no package outside my house. Contact me via email or phone.",Shipping,High,synthetic
T02135,"Quick question - Does your REST API support webhook event subscriptions for real-time order status updates, and where can we access the OpenAPI / Swagger documentation for testing? Kindly look into this matter promptly",Product Inquiry,Low,synthetic
T02136,Quick question - We are migrating to a different vendor and request complete contract termination. Please advise as soon as possible.,Cancellation,Medium,synthetic
T02137,"FYI, Tracking number 66112 has been stuck in transit at the hub for over 6 days without progress. Urgent attention required.",Shipping,Medium,synthetic
T02138,"Hey there, Tracking link shows package held at border customs clearance depot. Contact me via email or phone.",Shipping,Low,synthetic
T02139,Plz help - Charged twice for order 48426. Please advise as soon as possible,Billing,Medium,synthetic
T02140,Plz help - Bulk license pricing details?,Product Inquiry,Low,synthetic
T02141,"Hi support team, The courier marked my parcel as delivered on the porch, but there is no package outside my house. Plz respond asap.",Shipping,High,synthetic
T02142,"Hey there, We signed up under a free trial promotional banner, yet our company credit card was billed $49.0 on day one. We expect a full reversal of this unauthorized charge and correction of our subscription tier. Appreciate a quick update on this.",Billing,Critical,synthetic
T02143,"Hello, Requesting refund for order 21174. Urgent attention required.",Refund,Medium,synthetic
T02144,Plz help - The cancellation button is missing from my account billing settings page. Plz cancel for me,Cancellation,Medium,synthetic
T02145,Your representative was dismissive and unhelpful when I asked for assistance with system errors. Appreciate a quick update on this,Complaint,Low,synthetic
T02146,"Hello, Double billing issue. Looking forward to hearing back.",Billing,Medium,synthetic
T02147,"FYI, Cancel subscription immediately. Thanks for your help!",Cancellation,High,synthetic
T02148,"Dear customer service, Cannot log into account. Thanks for your help!",Account,High,synthetic
T02149,"Hi support team, There is an unrecognized charge of $99.99 on my credit card statement. Contact me via email or phone.",Billing,Critical,synthetic
T02150,Plz help - Where to find user documentation? Urgent attention required.,Product Inquiry,Medium,synthetic
T02151,"Urgent: Ever since updating to version 4.2 yesterday, our entire telemetry team has been unable to access the web portal. The page loads infinitely before displaying an internal server error (HTTP 500). This is blocking active customer operations.",Technical Support,High,synthetic
T02152,Quick question - Server error 500 on submit. Kindly look into this matter promptly.,Technical Support,Critical,synthetic
T02153,"Hey there, Can you please send me an official VAT receipt and tax invoice for billing period Feb 2026? Contact me via email or phone.",Billing,Low,synthetic
T02154,Server error 500 on submit. Contact me via email or phone,Technical Support,Critical,synthetic
T02155,"Hi support team, Tracking link shows package held at border customs clearance depot. Looking forward to hearing back.",Shipping,Low,synthetic
T02156,Urgent: Wrong delivery address on order 43738. Looking forward to hearing back.,Shipping,High,synthetic
T02157,"Quick question - We signed up under a free trial promotional banner, yet our company credit card was billed $149.0 on day one. We expect a full reversal of this unauthorized charge and correction of our subscription tier. Appreciate a quick update on this.",Billing,Critical,synthetic
T02158,"Hi support team, I am requesting complete account closure and permanent deletion of all personal stored data from your servers in compliance with privacy regulations. Urgent attention required.",Account,Medium,synthetic
T02159,Unrecognized login notification received.,Account,Critical,synthetic
T02160,Can you please send me an official VAT receipt and tax invoice for billing period Jan 2026? Kindly look into this matter promptly.,Billing,Low,synthetic
T02161,Urgent: The delivery driver left our electronic equipment package in heavy rain outside the warehouse gate without ringing the bell or getting a signature. Water soaked through the box. Plz respond asap.,Shipping,High,synthetic
T02162,Quick question - Tracking not updating for order 37362. Please advise as soon as possible.,Shipping,Medium,synthetic
T02163,"Dear customer service, There is an unrecognized charge of $499.0 on my credit card statement. Thanks for your help!",Billing,Critical,synthetic
T02164,"FYI, Router blinking red, internet down",Technical Support,High,synthetic
T02165,Quick question - Tracking not updating for order 43775. Kindly look into this matter promptly.,Shipping,Low,synthetic
T02166,"Hi support team, I am terminating our contract effective today because key features promised during sales onboarding remain unreleased. Please confirm cancellation of invoice 86774 and remove recorded credit card details. Appreciate a quick update on this.",Cancellation,Medium,synthetic
T02167,Charged twice for order 98940. Looking forward to hearing back.,Billing,Medium,synthetic
T02168,"Hey there, Our organization was charged a late fee penalty of $149.0 despite completing the wire transfer prior to the due date. Attached is our bank transaction confirmation for your accounts team to verify and credit back. Thanks for your help!",Billing,Medium,synthetic
T02169,"Dear customer service, Forgot password link expired. Contact me via email or phone.",Account,Low,synthetic
T02170,"Hello, Repeated system downtime and unannounced maintenance windows over the past month have disrupted our operations three times. We demand an immediate explanation from management and SLA service credits. Appreciate a quick update on this",Complaint,Critical,synthetic
T02171,Urgent: No reply to urgent ticket for 48 hours despite paying for 24/7 premium support SLA. Appreciate a quick update on this.,Complaint,High,synthetic
T02172,"FYI, I am terminating our contract effective today because key features promised during sales onboarding remain unreleased. Please confirm cancellation of invoice 22500 and remove recorded credit card details. Plz respond asap.",Cancellation,Medium,synthetic
T02173,"I was billed $19.99 this month, but my plan is supposed to be $9.99. Looking forward to hearing back.",Billing,Medium,synthetic
T02174,"FYI, Due to budget cuts in our organization, we can no longer maintain our active subscription plan. Please process account cancellation immediately and send written confirmation that auto-renew has been disabled. Kindly look into this matter promptly.",Cancellation,High,synthetic
T02175,"Hi support team, Can you please send me an official VAT receipt and tax invoice for billing period Q1 2026? Thanks for your help!",Billing,Low,synthetic
T02176,Pakka refund kab tak milega order 92129 ka?,Refund,Medium,synthetic
T02177,"Hey there, Does your REST API support webhook event subscriptions for real-time order status updates, and where can we access the OpenAPI / Swagger documentation for testing? Kindly look into this matter promptly.",Product Inquiry,Low,synthetic
T02178,"Hello, I placed order 15300 for an enterprise hardware component, but received a completely different consumer product model. Since this doesnt match the product specification or purchase order, I am returning the package and request a full refund including express shipping charges. Kindly look into this matter promptly.",Refund,High,synthetic
T02179,Quick question - Where to find user documentation?,Product Inquiry,Low,synthetic
T02180,Quick question - Unannounced platform outage during business hours caused direct revenue loss for our company. Kindly look into this matter promptly.,Complaint,Critical,synthetic
T02181,"Dear customer service, I placed order 70378 for an enterprise hardware component, but received a completely different consumer product model. Since this does not match the product specification or purchase order, I am returning the package and request a full refund including express shipping charges. Urgent attention required.",Refund,High,synthetic
T02182,Please turn off automatic renewal for account 57892 so I am not charged next month. Appreciate a quick update on this.,Cancellation,Low,synthetic
T02183,Quick question - Worst support experience ever. Looking forward to hearing back.,Complaint,Low,synthetic
T02184,"Hey there, Database connection timeout. Thanks for your help!",Technical Support,Critical,synthetic
T02185,"Hello, The courier marked my parcel as delivered on the porch, but there is no package outside my house. Urgent attention required.",Shipping,High,synthetic
T02186,Aa product ma discount milse? Urgent attention required.,Product Inquiry,Medium,synthetic
T02187,Urgent: Cancel subscription immediately. Appreciate a quick update on this.,Cancellation,High,synthetic
T02188,"Hey there, Package marked delivered but missing. Contact me via email or phone.",Shipping,Critical,synthetic
T02189,Delivery kab tak aayegi? Contact me via email or phone,Shipping,Low,synthetic
T02190,"Dear customer service, Wrong delivery address on order 58339. Contact me via email or phone.",Shipping,Medium,synthetic
T02191,"Dear customer service, Our team administrator suddenly lost access to the master workspace account after enabling SAML 2.0 SSO. The login screen loops indefinitely between the identity provider and portal without authenticating. We need urgent admin intervention. Thanks for your help!",Account,Critical,synthetic
T02192,"Ever since updating to version 4.2 yesterday, our entire telemetry team has been unable to access the web portal. The page loads infinitely before displaying an internal server error (HTTP 500). This is blocking active customer operations. Contact me via email or phone.",Technical Support,Critical,synthetic
T02193,Quick question - Duplicate charge on statement. Contact me via email or phone.,Billing,Medium,synthetic
T02194,Plz help - I paid extra for guaranteed next-day air shipping on order 73444 because of an urgent event. It has now been 4 days and the tracking status shows the package is still sitting at the local distribution facility. Please expedite delivery or refund express fees. Plz respond asap.,Shipping,High,synthetic
T02195,Plz help - Duplicate charge on statement. Contact me via email or phone.,Billing,Medium,synthetic
T02196,Quick question - I am terminating our contract effective today because key features promised during sales onboarding remain unreleased. Please confirm cancellation of invoice 60692 and remove recorded credit card details. Looking forward to hearing back,Cancellation,Medium,synthetic
T02197,"Hi support team, I received an email stating my password was changed from an unknown location, but I did not initiate this. Thanks for your help!",Account,Critical,synthetic
T02198,"Dear customer service, The item arrived with broken glass and torn packaging. I demand an immediate full refund. Urgent attention required",Refund,High,synthetic
T02199,"Hi support team, Why am I seeing two charges for the same order 90623 on my bank app? Plz respond asap.",Billing,Medium,synthetic
T02200,Plz help - Can I update my shipping delivery address to apartment 4B before the order dispatches? Contact me via email or phone.,Shipping,Medium,synthetic
T02201,"FYI, Why am I not receiving the SMS two-factor authentication verification code on my registered mobile number? Contact me via email or phone.",Account,Medium,synthetic
T02202,Quick question - I am terminating our contract effective today because key features promised during sales onboarding remain unreleased. Please confirm cancellation of invoice 45208 and remove recorded credit card details. Kindly look into this matter promptly.,Cancellation,Medium,synthetic
T02203,Please turn off automatic renewal for account 16719 so I am not charged next month. Thanks for your help!,Cancellation,Low,synthetic
T02204,"Hello, I returned package for order 77931 two weeks ago but haven't seen the refund credited to my bank account. Urgent attention required.",Refund,Medium,synthetic
T02205,"FYI, Worst support experience ever. Thanks for ur help!",Complaint,Low,synthetic
T02206,Urgent: I accidentally renewed the wrong tier subscription yesterday. Is it possible to get a refund? Urgent attention required.,Refund,High,synthetic
T02207,"Hello, Where is my pending refund?",Refund,Medium,synthetic
T02208,Why am I not receiving the SMS two-factor authentication verification code on my registered mobile number? Plz respond asap.,Account,Medium,synthetic
T02209,Mera payment duplicate kat gaya hai. Urgent attention required.,Billing,Medium,synthetic
T02210,Quick question - Service downtime ruined our demo. Appreciate a quick update on this.,Complaint,Critical,synthetic
T02211,Quick question - I would like to cancel my monthly subscription effective before the next billing cycle. Appreciate a quick update on this,Cancellation,Low,synthetic
T02212,"FYI, Does the cloud storage infrastructure comply with SOC2 and HIPAA security certifications? Urgent attention required",Product Inquiry,High,synthetic
T02213,"FYI, Ever since updating to version 4.2 yesterday, our entire telemetry team has been unable to access the web portal. The page loads infinitely before displaying an internal server error (HTTP 500). This is blocking active customer operations. Urgent attention required",Technical Support,High,synthetic
T02214,Plz help - Where is my parcel? Looking forward to hearing back.,Shipping,Low,synthetic
T02215,"Hey there, Desktop software freezing. Plz respond asap",Technical Support,High,synthetic
T02216,Plz help - The cancellation button is missing from my account billing settings page. Please cancel for me.,Cancellation,Medium,synthetic
T02217,Plz help - I would like to cancel my monthly subscription effective before the next billing cycle. Kindly look into this matter promptly.,Cancellation,Low,synthetic
T02218,"Dear customer service, I paid extra for guaranteed next-day air shipping on order 56749 because of an urgent event. It has now been 4 days and the tracking status shows the package is still sitting at the local distribution facility. Please expedite delivery or refund express fees.",Shipping,High,synthetic
T02219,"Hello, The cancellation button is missing from my account billing settings page. Please cancel for me.",Cancellation,Medium,synthetic
T02220,"FYI, I checked my credit card account this morning and noticed two separate line items for $99.99 on order 28726. I only submitted the checkout form once, so one of these transactions is clearly an error. Please reverse the duplicate billing immediately. Kindly look into this matter promptly.",Billing,High,synthetic
T02221,"Hi support team, I paid extra for guaranteed next-day air shipping on order 16079 because of an urgent event. It has now been 4 days and the tracking status shows the package is still sitting at the local distribution facility. Please expedite delivery or refund express fees. Plz respond asap.",Shipping,High,synthetic
T02222,Plz help - Forgot password link expired. Appreciate a quick update on this.,Account,Low,synthetic
T02223,"FYI, Need tax invoice for order 52838. Plz respond asap.",Billing,Low,synthetic
T02224,"Hi support team, Wrong item delivered, money back. Kindly look into this matter promptly.",Refund,Medium,synthetic
T02225,"Hey there, Can you please send me an official VAT receipt and tax invoice for billing period Jan 2026? Urgent attention required.",Billing,Medium,synthetic
T02226,"Hey there, Please help unlock my account after entering wrong password three times. Appreciate a quick update on this.",Account,Low,synthetic
T02227,Urgent: Can I update my shipping delivery address to apartment 4B before the order dispatches? Kindly look into this matter promptly.,Shipping,High,synthetic
T02228,"Quick question - System cancelled my order due to stock shortage, but the money has not been refunded yet. Appreciate a quick update on this.",Refund,Medium,synthetic
T02229,"Dear customer service, Due to budget cuts in our organization, we can no longer maintain our active subscription plan. Please process account cancellation immediately and send written confirmation that auto-renew has been disabled. Please advise as soon as possible.",Cancellation,High,synthetic
T02230,"FYI, Support agent closed my ticket 71215 marking it resolved, even though the bug is still happening! Appreciate a quick update on this",Complaint,High,synthetic
T02231,Quick question - How do I cancel my pending order before it moves to the warehouse packing stage? Please advise as soon as possible,Cancellation,Medium,synthetic
T02232,"Hello, Please turn off automatic renewal for account 19425 so I am not charged next month. Urgent attention required.",Cancellation,Medium,synthetic
T02233,Quick question - How do I cancel my pending order before it moves to the warehouse packing stage? Plz respond asap.,Cancellation,Low,synthetic
T02234,"Hello, We are migrating to a different vendor and request complete contract termination. Plz advise as soon as possible.",Cancellation,Medium,synthetic
T02235,"Hello, Wrong item delivered, money back. Thanks for your help!",Refund,Medium,synthetic
T02236,"Hi support team, Repeated system downtime and unannounced maintenance windows over the past month have disrupted our operations three times. We demand an immediate explanation from management and SLA service credits. Please advise as soon as possible.",Complaint,Critical,synthetic
T02237,"Hi support team, Can someone help resolve the DLL loading error on Windows 11 when starting the client application? Plz respond asap",Technical Support,High,synthetic
T02238,"Dear customer service, Account locked after failed logins. Appreciate a quick update on this.",Account,High,synthetic
T02239,"FYI, Do you offer non-profit or educational discounts for team subscription accounts? Appreciate a quick update on this.",Product Inquiry,Low,synthetic
T02240,Urgent: Can I request a live demo session with a product specialist for model PRO-993? Appreciate a quick update on this.,Product Inquiry,High,synthetic
T02241,Plz help - Duplicate charge on statement. Appreciate a quick update on this.,Billing,Medium,synthetic
T02242,"Hello, Can I update my shipping delivery address to apartment 4B before the order dispatches? Plz advise as soon as possible.",Shipping,Medium,synthetic
T02243,"Mera admin account locked ho gaya hai, please reset karein. Thanks for your help!",Account,Medium,synthetic
T02244,Plz help - We are migrating to a different vendor and request complete contract termination. Appreciate a quick update on this.,Cancellation,Medium,synthetic
T02245,"Plz help - I received an email stating my password was changed from an unknown location, but I did not initiate this. Please advise as soon as possible.",Account,Critical,synthetic
T02246,Quick question - Tracking link shows package held at border customs clearance depot. Thanks for your help!,Shipping,Low,synthetic
T02247,"Dear customer service, I am filing a formal complaint regarding misleading feature advertising on your pricing page. We purchased the business plan based on promised custom integration features, only to discover after onboarding that the API is not included. Kindly look into this matter promptly.",Complaint,Medium,synthetic
T02248,"Dear customer service, I have been on hold for over 45 minutes without anyone picking up my call. This service is terrible. Looking forward to hearing back.",Complaint,Medium,synthetic
T02249,Plz help - Wrong delivery address on order 51679. Plz respond asap.,Shipping,Medium,synthetic
T02250,"Hello, Repeated system downtime and unannounced maintenance windows over the past month have disrupted our operations three times. We demand an immediate explanation from management and SLA service credits.",Complaint,Critical,synthetic
T02251,Plz help - Charged twice for order 29231. Contact me via email or phone.,Billing,Medium,synthetic
T02252,"Hi support team, Tracking link shows package held at border customs clearance depot. Contact me via email or phone",Shipping,Low,synthetic
T02253,"Hi support team, Account locked after failed logins. Please advise as soon as possible.",Account,High,synthetic
T02254,"FYI, I am filing a formal complaint regarding misleading feature advertising on your pricing page. We purchased the business plan based on promised custom integration features, only to discover after onboarding that the API is not included. Thanks for your help!",Complaint,Medium,synthetic
T02255,Urgent: Requesting refund for order 14766. Urgent attention required.,Refund,High,synthetic
T02256,Quick question - How can I change the primary administrator email address associated with our company portal? Looking forward to hearing back.,Account,Low,synthetic
T02257,"Dear customer service, Worst support experience ever.",Complaint,Low,synthetic
T02258,Urgent: Do you offer non-profit or educational discounts for team subscription accounts? Looking forward to hearing back.,Product Inquiry,High,synthetic
T02259,"FYI, Ever since updating to version 4.2 yesterday, our entire telemetry team has been unable to access the web portal. The page loads infinitely before displaying an internal server error (HTTP 500). This is blocking active customer operations. Please advise as soon as possible.",Technical Support,Critical,synthetic
T02260,Plz help - Service downtime ruined our demo.,Complaint,Critical,synthetic
T02261,Account delete karvu che. Looking forward to hearing back.,Cancellation,Medium,synthetic
T02262,"Ever since updating to version 4.2 yesterday, our entire telemetry team has been unable to access the web portal. The page loads infinitely before displaying an internal server error (HTTP 500). This is blocking active customer operations. Appreciate a quick update on this.",Technical Support,Critical,synthetic
T02263,"Hello, Repeated system downtime and unannounced maintenance windows over the past month have disrupted our operations three times. We demand an immediate explanation from management and SLA service credits. Appreciate a quick update on this.",Complaint,Critical,synthetic
T02264,"Hello, Rude customer agent on call. Please advise as soon as possible.",Complaint,Medium,synthetic
T02265,Urgent: Can I request a live demo session w/ a product specialist for model PRO-375? Kindly look into this matter promptly.,Product Inquiry,High,synthetic
T02266,Where is my pending refund? Kindly look into this matter promptly.,Refund,Medium,synthetic
T02267,Plz help - I paid extra for guaranteed next-day air shipping on order 76917 because of an urgent event. It has now been 4 days and the tracking status shows the package is still sitting at the local distribution facility. Please expedite delivery or refund express fees. Appreciate a quick update on this.,Shipping,High,synthetic
T02268,Agent ne bina answer kiye ticket close kar diya. Kindly look into this matter promptly,Complaint,Medium,synthetic
T02269,Quick question - Double billing issue.,Billing,Medium,synthetic
T02270,"Quick question - Support agent closed my ticket 48723 marking it resolved, even though the bug is still happening! Please advise as soon as possible.",Complaint,High,synthetic
T02271,Urgent: Can someone help resolve the DLL loading error on Windows 11 when starting the client application? Please advise as soon as possible.,Technical Support,High,synthetic
T02272,"Hi support team, I was billed $149.0 this month, but my plan is supposed to be $79.99.",Billing,Medium,synthetic
T02273,"Hey there, Desktop software freezing. Thanks for your help!",Technical Support,Medium,synthetic
T02274,Plz help - Turn off auto-renewal. Contact me via email or phone,Cancellation,Low,synthetic
T02275,Quick question - My parcel box arrived completely crushed with contents damaged during transport. Plz respond asap.,Shipping,High,synthetic
T02276,Quick question - Why does the mobile application crash every time I try to open the camera or upload a document? Contact me via email or phone.,Technical Support,Medium,synthetic
T02277,Pakka refund kab tak milega order 58471 ka? Thanks for your help!,Refund,Medium,synthetic
T02278,"Hello, Support agent closed my ticket 65457 marking it resolved, even though the bug is still happening! Looking forward to hearing back.",Complaint,High,synthetic
T02279,Cancel subscription immediately. Looking forward to hearing back.,Cancellation,High,synthetic
T02280,"Hello, I would like to cancel my monthly subscription effective before the next billing cycle. Please advise as soon as possible",Cancellation,Medium,synthetic
T02281,"Hello, Can I request a live demo session with a product specialist for model PRO-132? Looking forward to hearing back.",Product Inquiry,Low,synthetic
T02282,Server error 500 on submit. Thanks for your help!,Technical Support,Critical,synthetic
T02283,"Hello, Does the cloud storage infrastructure comply with SOC2 and HIPAA security certifications? Contact me via email or phone.",Product Inquiry,Medium,synthetic
T02284,"Hello, I accidentally renewed the wrong tier subscription yesterday. Is it possible to get a refund? Please advise as soon as possible.",Refund,Medium,synthetic
T02285,Plz help - Turn off auto-renewal. Appreciate a quick update on this.,Cancellation,Low,synthetic
T02286,"Hey there, Tracking not updating for order 53090. Looking forward to hearing back.",Shipping,Low,synthetic
T02287,"Dear customer service, Our scheduled virtual event was ruined due to continuous platform outages on your side. We paid $149.0 for premium hosting and request an immediate pro-rated credit refund to our corporate account balance. Thanks for your help!",Refund,Medium,synthetic
T02288,"Hey there, I am requesting complete account closure and permanent deletion of all personal stored data from ur servers in compliance with privacy regulations. Appreciate a quick update on this.",Account,Medium,synthetic
T02289,Plz help - Why am I seeing two charges for the same order 79993 on my bank app? Plz respond asap.,Billing,Medium,synthetic
T02290,Urgent: Our organization was charged a late fee penalty of $49.0 despite completing the wire transfer prior to the due date. Attached is our bank transaction confirmation for ur accounts team to verify and credit back. Urgent attention required,Billing,High,synthetic
T02291,"Plz help - We are observing consistent memory leaks in the background daemon process on node 192.168.32.223. Memory utilization climbs to 99% within two hours of service start, eventually forcing a kernel panic and abrupt system reboot. Kindly look into this matter promptly.",Technical Support,Critical,synthetic
T02292,"Dear customer service, Page loading times have degraded significantly after the latest patch, causing request timeouts. Thanks for your help!",Technical Support,Medium,synthetic
T02293,"Hi support team, Ticket closed without resolution. Plz respond asap.",Complaint,Medium,synthetic
T02294,Database connection timeout. Urgent attention required.,Technical Support,Critical,synthetic
T02295,"FYI, Where is my pending refund? Plz respond asap.",Refund,Medium,synthetic
T02296,"Hi support team, The cancellation button is missing from my account billing settings page. Please cancel for me. Kindly look into this matter promptly.",Cancellation,Medium,synthetic
T02297,Urgent: I am requesting complete account closure and permanent deletion of all personal stored data from your servers in compliance with privacy regulations. Kindly look into this matter promptly.,Account,High,synthetic
T02298,"Hi support team, Where to find user documentation? Plz respond asap.",Product Inquiry,Low,synthetic
T02299,Plz help - Can I request a live demo session with a product specialist for model PRO-982? Thanks for your help!,Product Inquiry,Low,synthetic
T02300,"Hello, We are observing consistent memory leaks in the background daemon process on node 192.168.217.137. Memory utilization climbs to 99% within two hours of service start, eventually forcing a kernel panic and abrupt system reboot. Urgent attention required.",Technical Support,Critical,synthetic
T02301,"Hi support team, No reply to urgent ticket for 48 hours despite paying for 24/7 premium support SLA. Kindly look into this matter promptly.",Complaint,High,synthetic
T02302,"FYI, Due to budget cuts in our organization, we can no longer maintain our active subscription plan. Please process account cancellation immediately and send written confirmation that auto-renew has been disabled. Please advise as soon as possible.",Cancellation,High,synthetic
T02303,Urgent: Double billing issue. Kindly look into this matter promptly,Billing,High,synthetic
T02304,"Urgent: We are observing consistent memory leaks in the background daemon process on node 192.168.242.187. Memory utilization climbs to 99% within two hours of service start, eventually forcing a kernel panic and abrupt system reboot. Please advise as soon as possible.",Technical Support,High,synthetic
T02305,"Hi support team, The delivery driver left our electronic equipment package in heavy rain outside the warehouse gate without ringing the bell or getting a signature. Water soaked through the box. Thanks for your help!",Shipping,High,synthetic
T02306,Quick question - Does product support dark mode? Plz respond asap.,Product Inquiry,Low,synthetic
T02307,Urgent: I am requesting complete account closure and permanent deletion of all personal stored data from your servers in compliance with privacy regulations. Appreciate a quick update on this.,Account,High,synthetic
T02308,App chalne ma problem aave che. Appreciate a quick update on this,Technical Support,Medium,synthetic
T02309,"FYI, I checked my credit card account this morning and noticed two separate line items for $19.99 on order 55820. I only submitted the checkout form once, so one of these transactions is clearly an error. Please reverse the duplicate billing immediately. Thanks for your help!",Billing,High,synthetic
T02310,Quick question - Repeated system downtime and unannounced maintenance windows over the past month have disrupted our operations three times. We demand an immediate explanation from management and SLA service credits. Appreciate a quick update on this.,Complaint,Critical,synthetic
T02311,"Quick question - System cancelled my order due to stock shortage, but the money has not been refunded yet.",Refund,Medium,synthetic
T02312,"FYI, The delivery driver left our electronic equipment package in heavy rain outside the warehouse gate without ringing the bell or getting a signature. Water soaked through the box. Kindly look into this matter promptly.",Shipping,High,synthetic
T02313,"Mera admin account locked ho gaya hai, plz reset karein. Kindly look into this matter promptly.",Account,Medium,synthetic
T02314,Quick question - Account locked after failed logins. Plz respond asap.,Account,High,synthetic
T02315,"Quick question - Wrong item delivered, money back. Looking forward to hearing back.",Refund,Medium,synthetic
T02316,"FYI, How can I change the primary administrator email address associated with our company portal? Contact me via email or phone.",Account,Low,synthetic
T02317,Kripya invoice receipt email ID par bhej dijiye. Kindly look into this matter promptly,Billing,Low,synthetic
T02318,"Hey there, The offline synchronization module fails to push local SQLite records to the cloud database when reconnecting to Wi-Fi. Data remains cached locally without throwing explicit log exceptions. Looking forward to hearing back",Technical Support,Medium,synthetic
T02319,"Hello, Your representative was dismissive and unhelpful when I asked for assistance with system errors. Looking forward to hearing back",Complaint,Low,synthetic
T02320,"Hey there, Our organization was charged a late fee penalty of $19.99 despite completing the wire transfer prior to the due date. Attached is our bank transaction confirmation for your accounts team to verify and credit back. Plz respond asap.",Billing,Medium,synthetic
T02321,"Hello, Charged twice for order 77552.",Billing,Medium,synthetic
T02322,Urgent: Forgot password link expired. Looking forward to hearing back.,Account,High,synthetic
T02323,"I was billed $49.0 this month, but my plan is supposed to be $79.99. Appreciate a quick update on this.",Billing,Medium,synthetic
T02324,"Hi support team, Charged twice for order 87292. Looking forward to hearing back.",Billing,Medium,synthetic
T02325,Plz help - Where is my pending refund? Plz respond asap.,Refund,Medium,synthetic
T02326,"FYI, Tracking link shows package held at border customs clearance depot. Please advise as soon as possible.",Shipping,Medium,synthetic
T02327,"Hey there, I received an email stating my password was changed from an unknown location, but I did not initiate this. Plz respond asap.",Account,Critical,synthetic
T02328,"Hello, We signed up under a free trial promotional banner, yet our company credit card was billed $49.0 on day one. We expect a full reversal of this unauthorized charge and correction of our subscription tier. Thanks for your help!",Billing,Critical,synthetic
T02329,"Hey there, Can you please send me an official VAT receipt and tax invoice for billing period Q1 2026? Thanks for your help!",Billing,Low,synthetic
T02330,I have been on hold for over 45 minutes without anyone picking up my call. This service is terrible. Thanks for your help!,Complaint,Medium,synthetic
T02331,App chalne ma problem aave che. Plz respond asap,Technical Support,High,synthetic
T02332,Website completely crash ho gaya hai. Contact me via email or phone,Technical Support,Critical,synthetic
T02333,"Quick question - I checked my credit card account this morning and noticed two separate line items for $499.0 on order 55252. I only submitted the checkout form once, so one of these transactions is clearly an error. Please reverse the duplicate billing immediately. Looking forward to hearing back.",Billing,High,synthetic
T02334,"Dear customer service, The cancellation button is missing from my account billing settings page. Plz cancel for me",Cancellation,Medium,synthetic
T02335,"FYI, Does product support dark mode?",Product Inquiry,Low,synthetic
T02336,"Hey there, Damaged product, refund needed. Contact me via email or phone",Refund,Medium,synthetic
T02337,"Hello, Where is my parcel? Kindly look into this matter promptly",Shipping,Low,synthetic
T02338,"Hey there, Is macOS Sequoia supported? Kindly look into this matter promptly.",Product Inquiry,Low,synthetic
T02339,"FYI, I accidentally renewed the wrong tier subscription yesterday. Is it possible to get a refund? Please advise as soon as possible.",Refund,Medium,synthetic
T02340,Urgent: Bulk license pricing details? Contact me via email or phone.,Product Inquiry,High,synthetic
T02341,Our scheduled virtual event was ruined due to continuous platform outages on your side. We paid $99.99 for premium hosting and request an immediate pro-rated credit refund to our corporate account balance. Kindly look into this matter promptly,Refund,Medium,synthetic
T02342,"Hello, I placed order 29299 for an enterprise hardware component, but received a completely different consumer product model. Since this does not match the product specification or purchase order, I am returning the package and request a full refund including express shipping charges.",Refund,High,synthetic
T02343,"Hey there, Cannot log into account.",Account,High,synthetic
T02344,"Dear customer service, Turn off auto-renewal. Kindly look into this matter promptly.",Cancellation,Low,synthetic
T02345,API documentation link chahiye. Please advise as soon as possible.,Product Inquiry,Medium,synthetic
T02346,"Urgent: Due to budget cuts in our organization, we can no longer maintain our active subscription plan. Please process account cancellation immediately and send written confirmation that auto-renew has been disabled. Contact me via email or phone.",Cancellation,High,synthetic
T02347,Quick question - Unrecognized login notification received. Looking forward to hearing back.,Account,Critical,synthetic
T02348,"Quick question - Router blinking red, internet down. Appreciate a quick update on this",Technical Support,High,synthetic
T02349,Urgent: Why does the mobile application crash every time I try to open the camera or upload a document? Looking forward to hearing back.,Technical Support,High,synthetic
T02350,"Hey there, Tracking link shows package held at border customs clearance depot",Shipping,Low,synthetic
T02351,"FYI, The item arrived with broken glass and torn packaging. I demand an immediate full refund. Contact me via email or phone.",Refund,High,synthetic
T02352,"Hey there, Close my account. Contact me via email or phone.",Cancellation,Medium,synthetic
T02353,System crash ho raha hai export click karte hi error code AUTH_DENIED ke saath. Urgent attention required.,Technical Support,Medium,synthetic
T02354,"Hey there, Our scheduled virtual event was ruined due to continuous platform outages on your side. We paid $19.99 for premium hosting and request an immediate pro-rated credit refund to our corporate account balance. Plz respond asap.",Refund,Medium,synthetic
T02355,"FYI, Unannounced platform outage during business hours caused direct revenue loss for our company. Thanks for your help!",Complaint,Critical,synthetic
T02356,"FYI, My parcel box arrived completely crushed with contents damaged during transport. Appreciate a quick update on this",Shipping,High,synthetic
T02357,Urgent: Where is my parcel? Contact me via email or phone.,Shipping,High,synthetic
T02358,"Hello, Can you please send me an official VAT receipt and tax invoice for billing period Jan 2026? Please advise as soon as possible.",Billing,Medium,synthetic
T02359,Urgent: I am terminating our contract effective today because key features promised during sales onboarding remain unreleased. Please confirm cancellation of invoice 77671 and remove recorded credit card details. Plz respond asap.,Cancellation,High,synthetic
T02360,"Hello, Can I update my shipping delivery address to apartment 4B before the order dispatches? Kindly look into this matter promptly.",Shipping,Medium,synthetic
T02361,"Hello, The courier marked my parcel as delivered on the porch, but there is no package outside my house.",Shipping,High,synthetic
T02362,"Hello, Unrecognized login notification received. Appreciate a quick update on this.",Account,Critical,synthetic
T02363,"Dear customer service, Damaged product, refund needed. Appreciate a quick update on this.",Refund,Medium,synthetic
T02364,"Hey there, Support agent closed my ticket 41959 marking it resolved, even though the bug is still happening! Please advise as soon as possible.",Complaint,High,synthetic
T02365,"Hi support team, Does product support dark mode? Plz advise as soon as possible.",Product Inquiry,Medium,synthetic
T02366,"Quick question - We are observing consistent memory leaks in the background daemon process on node 192.168.170.125. Memory utilization climbs to 99% w/in two hours of service start, eventually forcing a kernel panic and abrupt system reboot. Plz respond asap.",Technical Support,Critical,synthetic
T02367,"FYI, We are currently evaluating software solutions for a 300-person engineering team. Could you provide a comprehensive comparison document outlining feature differences between the Professional and Enterprise plans, along with volume discount schedules? Please advise as soon as possible.",Product Inquiry,Medium,synthetic
T02368,Plz help - I am terminating our contract effective today because key features promised during sales onboarding remain unreleased. Please confirm cancellation of invoice 66081 and remove recorded credit card details. Please advise as soon as possible.,Cancellation,Medium,synthetic
T02369,"Quick question - I checked my credit card account this morning and noticed two separate line items for $99.99 on order 40947. I only submitted the checkout form once, so one of these transactions is clearly an error. Please reverse the duplicate billing immediately. Please advise as soon as possible.",Billing,High,synthetic
T02370,"Dear customer service, I returned package for order 22492 two weeks ago but haven't seen the refund credited to my bank account. Please advise as soon as possible",Refund,Medium,synthetic
T02371,"Dear customer service, Our organization was charged a late fee penalty of $19.99 despite completing the wire transfer prior to the due date. Attached is our bank transaction confirmation for your accounts team to verify and credit back. Thanks for your help!",Billing,Medium,synthetic
T02372,"Hi support team, I paid my monthly invoice yesterday, but the account dashboard still shows payment pending. Appreciate a quick update on this.",Billing,Medium,synthetic
T02373,"Dear customer service, Cannot log into account. Appreciate a quick update on this.",Account,High,synthetic
T02374,"Hello, Unrecognized login notification received. Thanks for your help!",Account,Critical,synthetic
T02375,"Hey there, I checked my credit card account this morning and noticed two separate line items for $19.99 on order 11217. I only submitted the checkout form once, so one of these transactions is clearly an error. Plz reverse the duplicate billing immediately. Plz respond asap.",Billing,High,synthetic
T02376,"Hello, Where is my pending refund? Thanks for your help!",Refund,Medium,synthetic
T02377,"Mera admin account locked ho gaya hai, please reset karein. Plz respond asap.",Account,Medium,synthetic
T02378,I am terminating our contract effective today because key features promised during sales onboarding remain unreleased. Please confirm cancellation of invoice 47766 and remove recorded credit card details. Appreciate a quick update on this.,Cancellation,Medium,synthetic
T02379,Quick question - There is an unrecognized charge of $149.0 on my credit card statement. Plz respond asap.,Billing,Critical,synthetic
T02380,Kya is software mein custom reporting export option available hai? Plz respond asap.,Product Inquiry,Low,synthetic
T02381,"FYI, I received an email stating my password was changed from an unknown location, but I did not initiate this. Contact me via email or phone.",Account,Critical,synthetic
T02382,"Hello, App crashes on launch. Plz respond asap.",Technical Support,Medium,synthetic
T02383,Kya is software mein custom reporting export option available hai? Please advise as soon as possible.,Product Inquiry,Medium,synthetic
T02384,"Dear customer service, Unrecognized login notification received. Looking forward to hearing back",Account,Critical,synthetic
T02385,"FYI, Tracking link shows package held at border customs clearance depot.",Shipping,Low,synthetic
T02386,Quick question - Turn off auto-renewal. Thanks for ur help!,Cancellation,Low,synthetic
T02387,"I am filing a formal complaint regarding misleading feature advertising on ur pricing page. We purchased the business plan based on promised custom integration features, only to discover after onboarding that the API is not included. Contact me via email or phone",Complaint,Medium,synthetic
T02388,"Hi support team, The courier marked my parcel as delivered on the porch, but there is no package outside my house. Kindly look into this matter promptly.",Shipping,High,synthetic
T02389,Could you tell me if your platform supports SAML 2.0 Single Sign-On for enterprise users? Looking forward to hearing back.,Product Inquiry,Low,synthetic
T02390,"Hello, Package marked delivered but missing. Please advise as soon as possible.",Shipping,Critical,synthetic
T02391,"FYI, I returned package for order 20059 two weeks ago but haven't seen the refund credited to my bank account. Please advise as soon as possible.",Refund,Medium,synthetic
T02392,"Hi support team, Unrecognized login notification received. Appreciate a quick update on this",Account,Critical,synthetic
T02393,"FYI, Unannounced platform outage during business hours caused direct revenue loss for our company.",Complaint,Critical,synthetic
T02394,Pakka refund kab tak milega order 65358 ka? Urgent attention required.,Refund,Medium,synthetic
T02395,"FYI, Plan cancellation request. Kindly look into this matter promptly.",Cancellation,Low,synthetic
T02396,"Hi support team, Our backend production database server at 192.168.45.163 is refusing incoming connections with error AUTH_DENIED. Appreciate a quick update on this.",Technical Support,Critical,synthetic
T02397,"FYI, I checked my credit card account this morning and noticed two separate line items for $99.99 on order 26059. I only submitted the checkout form once, so one of these transactions is clearly an error. Please reverse the duplicate billing immediately. Looking forward to hearing back.",Billing,High,synthetic
T02398,"Dear customer service, Page loading times have degraded significantly after the latest patch, causing request timeouts. Urgent attention required",Technical Support,High,synthetic
T02399,"Hello, I paid my monthly invoice yesterday, but the account dashboard still shows payment pending. Kindly look into this matter promptly.",Billing,Medium,synthetic
T02400,"Hi support team, I paid my monthly invoice yesterday, but the account dashboard still shows payment pending. Urgent attention required.",Billing,Medium,synthetic
T02401,"Dear customer service, I am requesting complete account closure and permanent deletion of all personal stored data from your servers in compliance with privacy regulations. Urgent attention required.",Account,Medium,synthetic
T02402,"Hi support team, System cancelled my order due to stock shortage, but the money has not been refunded yet. Plz respond asap.",Refund,Medium,synthetic
T02403,"Hey there, I checked my credit card account this morning and noticed two separate line items for $99.99 on order 28772. I only submitted the checkout form once, so one of these transactions is clearly an error. Please reverse the duplicate billing immediately. Kindly look into this matter promptly",Billing,High,synthetic
T02404,"Dear customer service, There is an unrecognized charge of $249.5 on my credit card statement. Thanks for your help!",Billing,Critical,synthetic
T02405,2FA code not received. Thanks for ur help!,Account,Medium,synthetic
T02406,Urgent: Could u tell me if your platform supports SAML 2.0 Single Sign-On for enterprise users? Appreciate a quick update on this.,Product Inquiry,High,synthetic
T02407,"Hey there, Tracking not updating for order 92490. Contact me via email or phone",Shipping,Low,synthetic
T02408,"Hello, System cancelled my order due to stock shortage, but the money has not been refunded yet. Looking forward to hearing back.",Refund,Medium,synthetic
T02409,"Hello, Our organization was charged a late fee penalty of $49.0 despite completing the wire transfer prior to the due date. Attached is our bank transaction confirmation for your accounts team to verify and credit back. Please advise as soon as possible.",Billing,Medium,synthetic
T02410,Tracking not updating for order 56463. Contact me via email or phone,Shipping,Low,synthetic
T02411,"Dear customer service, 2FA code not received. Contact me via email or phone",Account,Medium,synthetic
T02412,"Hello, Our scheduled virtual event was ruined due to continuous platform outages on ur side. We paid $499.0 for premium hosting and request an immediate pro-rated credit refund to our corporate account balance. Urgent attention required.",Refund,Medium,synthetic
T02413,Quick question - Our scheduled virtual event was ruined due to continuous platform outages on your side. We paid $99.99 for premium hosting and request an immediate pro-rated credit refund to our corporate account balance. Please advise as soon as possible,Refund,Medium,synthetic
T02414,Urgent: Our backend production database server at 192.168.132.73 is refusing incoming connections with error AUTH_DENIED. Appreciate a quick update on this.,Technical Support,High,synthetic
T02415,"Hey there, Cannot log into account. Kindly look into this matter promptly",Account,High,synthetic
T02416,"Mera admin account locked ho gaya hai, please reset karein. Plz respond asap",Account,High,synthetic
T02417,"FYI, Ever since updating to version 4.2 yesterday, our entire telemetry team has been unable to access the web portal. The page loads infinitely before displaying an internal server error (HTTP 500). This is blocking active customer operations. Plz respond asap.",Technical Support,Critical,synthetic
T02418,"I received an email stating my password was changed from an unknown location, but I did not initiate this. Looking forward to hearing back",Account,Critical,synthetic
T02419,Duplicate charge on statement. Appreciate a quick update on this,Billing,Medium,synthetic
T02420,System crash ho raha hai export click karte hi error code AUTH_DENIED ke saath. Contact me via email or phone.,Technical Support,Medium,synthetic
T02421,"Urgent: We signed up under a free trial promotional banner, yet our company credit card was billed $249.5 on day one. We expect a full reversal of this unauthorized charge and correction of our subscription tier. Kindly look into this matter promptly.",Billing,Critical,synthetic
T02422,"Hi support team, Can I update my shipping delivery address to apartment 4B before the order dispatches? Looking forward to hearing back",Shipping,Medium,synthetic
T02423,Quick question - Bulk license pricing details? Thanks for ur help!,Product Inquiry,Low,synthetic
T02424,"Dear customer service, I would like to cancel my monthly subscription effective before the next billing cycle. Thanks for ur help!",Cancellation,Low,synthetic
T02425,Cancel subscription immediately. Kindly look into this matter promptly.,Cancellation,High,synthetic
T02426,Quick question - My parcel box arrived completely crushed with contents damaged during transport. Thanks for ur help!,Shipping,High,synthetic
T02427,Plz help - Why am I seeing two charges for the same order 74124 on my bank app? Plz advise as soon as possible.,Billing,Medium,synthetic
T02428,"Dear customer service, Charged twice for order 54993.",Billing,Medium,synthetic
T02429,Plz help - My parcel box arrived completely crushed with contents damaged during transport. Contact me via email or phone,Shipping,High,synthetic
T02430,"Hey there, Wrong delivery address on order 41841.",Shipping,Medium,synthetic
T02431,"FYI, Requesting refund for order 10440. Please advise as soon as possible.",Refund,Medium,synthetic
T02432,Courier status update nathi thayo. Contact me via email or phone,Shipping,Low,synthetic
T02433,Urgent: I paid extra for guaranteed next-day air shipping on order 65459 because of an urgent event. It has now been 4 days and the tracking status shows the package is still sitting at the local distribution facility. Please expedite delivery or refund express fees. Appreciate a quick update on this.,Shipping,High,synthetic
T02434,"System cancelled my order due to stock shortage, but the money has not been refunded yet. Contact me via email or phone.",Refund,Medium,synthetic
T02435,"Hi support team, I was billed $149.0 this month, but my plan is supposed to be $9.99. Thanks for your help!",Billing,Medium,synthetic
T02436,"Hey there, Plan cancellation request. Plz respond asap.",Cancellation,Low,synthetic
T02437,"Hello, Repeated system downtime and unannounced maintenance windows over the past month have disrupted our operations three times. We demand an immediate explanation from management and SLA service credits. Urgent attention required.",Complaint,Critical,synthetic
T02438,Package marked delivered but missing. Urgent attention required.,Shipping,Critical,synthetic
T02439,"Plz help - Router blinking red, internet down. Looking forward to hearing back.",Technical Support,High,synthetic
T02440,How can I change the primary administrator email address associated with our company portal? Contact me via email or phone.,Account,Low,synthetic
T02441,Quick question - Repeated system downtime and unannounced maintenance windows over the past month have disrupted our operations three times. We demand an immediate explanation from management and SLA service credits. Please advise as soon as possible.,Complaint,Critical,synthetic
T02442,Plz help - Unrecognized login notification received. Appreciate a quick update on this.,Account,Critical,synthetic
T02443,"Urgent: System cancelled my order due to stock shortage, but the money has not been refunded yet. Looking forward to hearing back",Refund,High,synthetic
T02444,"Hey there, I would like to cancel my monthly subscription effective before the next billing cycle. Kindly look into this matter promptly.",Cancellation,Low,synthetic
T02445,"Plz help - We are observing consistent memory leaks in the background daemon process on node 192.168.161.206. Memory utilization climbs to 99% within two hours of service start, eventually forcing a kernel panic and abrupt system reboot. Urgent attention required.",Technical Support,Critical,synthetic
T02446,"Hi support team, Double billing issue. Thanks for your help!",Billing,Medium,synthetic
T02447,"FYI, Database connection timeout. Please advise as soon as possible.",Technical Support,Critical,synthetic
T02448,"Dear customer service, Our backend production database server at 192.168.142.150 is refusing incoming connections with error ERR_502. Urgent attention required.",Technical Support,Critical,synthetic
T02449,"Dear customer service, Unrecognized login notification received. Please advise as soon as possible.",Account,Critical,synthetic
T02450,Quick question - No reply to urgent ticket for 48 hours despite paying for 24/7 premium support SLA. Contact me via email or phone,Complaint,High,synthetic
T02451,"FYI, Support agent closed my ticket 39679 marking it resolved, even though the bug is still happening! Looking forward to hearing back.",Complaint,High,synthetic
T02452,"48 ghante se koi response nahi aaya, service bohot badhiya nahi hai. Kindly look into this matter promptly",Complaint,Medium,synthetic
T02453,"Hello, Due to budget cuts in our organization, we can no longer maintain our active subscription plan. Please process account cancellation immediately and send written confirmation that auto-renew has been disabled. Appreciate a quick update on this",Cancellation,High,synthetic
T02454,"Hello, Bulk license pricing details? Please advise as soon as possible.",Product Inquiry,Medium,synthetic
T02455,Requesting refund for order 39713. Thanks for your help!,Refund,Medium,synthetic
T02456,"Dear customer service, The offline synchronization module fails to push local SQLite records to the cloud database when reconnecting to Wi-Fi. Data remains cached locally without throwing explicit log exceptions. Urgent attention required.",Technical Support,Medium,synthetic
T02457,"FYI, We are currently evaluating software solutions for a 300-person engineering team. Could you provide a comprehensive comparison document outlining feature differences between the Professional and Enterprise plans, along with volume discount schedules? Urgent attention required",Product Inquiry,High,synthetic
T02458,"I was billed $149.0 this month, but my plan is supposed to be $29.99. Looking forward to hearing back",Billing,Medium,synthetic
T02459,Our backend production database server at 192.168.164.90 is refusing incoming connections with error NULL_POINTER_EXC. Urgent attention required.,Technical Support,Critical,synthetic
T02460,"Hello, Tracking not updating for order 15933.",Shipping,Low,synthetic
T02461,"FYI, Tracking not updating for order 51996. Urgent attention required.",Shipping,Medium,synthetic
T02462,"Dear customer service, Tracking not updating for order 49408.",Shipping,Low,synthetic
T02463,"Dear customer service, Ticket closed without resolution. Contact me via email or phone.",Complaint,Medium,synthetic
T02464,"Hi support team, Unrecognized login notification received. Contact me via email or phone.",Account,Critical,synthetic
T02465,"Hi support team, Router blinking red, internet down.",Technical Support,High,synthetic
T02466,"Plz help - I checked my credit card account this morning and noticed two separate line items for $99.99 on order 54676. I only submitted the checkout form once, so one of these transactions is clearly an error. Please reverse the duplicate billing immediately. Kindly look into this matter promptly",Billing,High,synthetic
T02467,"Dear customer service, The courier marked my parcel as delivered on the porch, but there is no package outside my house. Appreciate a quick update on this",Shipping,High,synthetic
T02468,Urgent: Where to find user documentation? Urgent attention required,Product Inquiry,High,synthetic
T02469,Pakka refund kab tak milega order 52125 ka? Contact me via email or phone.,Refund,Medium,synthetic
T02470,Plz help - Need tax invoice for order 31249. Appreciate a quick update on this,Billing,Low,synthetic
T02471,API documentation link chahiye.,Product Inquiry,Low,synthetic
T02472,Urgent: Does the cloud storage infrastructure comply with SOC2 and HIPAA security certifications? Contact me via email or phone.,Product Inquiry,High,synthetic
T02473,"Hello, Please help unlock my account after entering wrong password three times. Please advise as soon as possible.",Account,Medium,synthetic
T02474,Account login nahi ho raha hai. Looking forward to hearing back.,Account,High,synthetic
T02475,"Quick question - Damaged product, refund needed.",Refund,Medium,synthetic
T02476,Urgent: Need tax invoice for order 10679. Kindly look into this matter promptly,Billing,High,synthetic
T02477,"FYI, We are currently evaluating software solutions for a 300-person engineering team. Could you provide a comprehensive comparison document outlining feature differences between the Professional and Enterprise plans, along with volume discount schedules? Appreciate a quick update on this.",Product Inquiry,Low,synthetic
T02478,"Plz help - I checked my credit card account this morning and noticed two separate line items for $49.0 on order 84421. I only submitted the checkout form once, so one of these transactions is clearly an error. Plz reverse the duplicate billing immediately. Plz respond asap.",Billing,High,synthetic
T02479,"Dear customer service, We are migrating to a different vendor and request complete contract termination. Thanks for ur help!",Cancellation,Medium,synthetic
T02480,"FYI, The item arrived with broken glass and torn packaging. I demand an immediate full refund. Urgent attention required.",Refund,High,synthetic
T02481,"Hey there, Cancel subscription immediately. Contact me via email or phone.",Cancellation,High,synthetic
T02482,"Hello, Service downtime ruined our demo. Kindly look into this matter promptly.",Complaint,Critical,synthetic
T02483,Urgent: Cancel subscription immediately,Cancellation,High,synthetic
T02484,"Hey there, Package marked delivered but missing. Urgent attention required.",Shipping,Critical,synthetic
T02485,"Dear customer service, We are migrating to a different vendor and request complete contract termination. Plz respond asap.",Cancellation,Medium,synthetic
T02486,"Hello, Our scheduled virtual event was ruined due to continuous platform outages on your side. We paid $49.0 for premium hosting and request an immediate pro-rated credit refund to our corporate account balance. Kindly look into this matter promptly.",Refund,Medium,synthetic
T02487,"FYI, Due to budget cuts in our organization, we can no longer maintain our active subscription plan. Please process account cancellation immediately and send written confirmation that auto-renew has been disabled. Plz respond asap.",Cancellation,High,synthetic
T02488,"Dear customer service, No reply to urgent ticket for 48 hours despite paying for 24/7 premium support SLA.",Complaint,High,synthetic
T02489,"Dear customer service, How can I change the primary administrator email address associated with our company portal? Looking forward to hearing back.",Account,Low,synthetic
T02490,Quick question - Where is my pending refund? Contact me via email or phone.,Refund,Medium,synthetic
T02491,"FYI, I returned package for order 25306 two weeks ago but haven't seen the refund credited to my bank account.",Refund,Medium,synthetic
T02492,Next month billing se pehle mera plan cancel kar do please. Looking forward to hearing back.,Cancellation,Low,synthetic
T02493,Pakka refund kab tak milega order 41671 ka? Contact me via email or phone.,Refund,Medium,synthetic
T02494,"Hi support team, I would like to cancel my monthly subscription effective before the next billing cycle. Kindly look into this matter promptly.",Cancellation,Low,synthetic
T02495,"FYI, Support agent closed my ticket 76433 marking it resolved, even though the bug is still happening! Contact me via email or phone.",Complaint,High,synthetic
T02496,"Hello, Can someone help resolve the DLL loading error on Windows 11 when starting the client application? Please advise as soon as possible",Technical Support,Medium,synthetic
T02497,Quick question - Unannounced platform outage during business hours caused direct revenue loss for our company. Thanks for ur help!,Complaint,Critical,synthetic
T02498,Quick question - Bulk license pricing details? Urgent attention required,Product Inquiry,High,synthetic
T02499,"FYI, Does the cloud storage infrastructure comply with SOC2 and HIPAA security certifications? Urgent attention required.",Product Inquiry,Medium,synthetic
T02500,Urgent: Why am I not receiving the SMS two-factor authentication verification code on my registered mobile number? Kindly look into this matter promptly.,Account,High,synthetic
T02501,"FYI, Need tax invoice for order 70689. Contact me via email or phone.",Billing,Low,synthetic
T02502,"Hello, Double billing issue. Appreciate a quick update on this.",Billing,Medium,synthetic
T02503,"Hey there, Server error 500 on submit. Contact me via email or phone.",Technical Support,Critical,synthetic
T02504,"FYI, The offline synchronization module fails to push local SQLite records to the cloud database when reconnecting to Wi-Fi. Data remains cached locally w/out throwing explicit log exceptions. Please advise as soon as possible.",Technical Support,Medium,synthetic
T02505,"Hi support team, Desktop software freezing. Appreciate a quick update on this",Technical Support,Medium,synthetic
T02506,Paisa refund karo jaldi. Contact me via email or phone.,Refund,Medium,synthetic
T02507,"Quick question - I placed order 12396 for an enterprise hardware component, but received a completely different consumer product model. Since this does not match the product specification or purchase order, I am returning the package and request a full refund including express shipping charges. Appreciate a quick update on this",Refund,High,synthetic
T02508,"Hello, Does the cloud storage infrastructure comply with SOC2 and HIPAA security certifications? Thanks for your help!",Product Inquiry,Medium,synthetic
T02509,Urgent: Close my account. Contact me via email or phone.,Cancellation,High,synthetic
T02510,Order cancel hone ke baad bhi refund credit nahi hua account mein. Contact me via email or phone.,Refund,Medium,synthetic
T02511,"Hi support team, Is macOS Sequoia supported? Urgent attention required.",Product Inquiry,Medium,synthetic
T02512,"Hey there, Package marked delivered but missing. Looking forward to hearing back.",Shipping,Critical,synthetic
T02513,Urgent: Wrong delivery address on order 15470. Looking forward to hearing back.,Shipping,High,synthetic
T02514,"Hello, Tracking link shows package held at border customs clearance depot. Plz respond asap.",Shipping,Low,synthetic
T02515,"FYI, I checked my credit card account this morning and noticed two separate line items for $249.5 on order 99143. I only submitted the checkout form once, so one of these transactions is clearly an error. Please reverse the duplicate billing immediately",Billing,High,synthetic
T02516,I returned package for order 24213 two weeks ago but haven't seen the refund credited to my bank account.,Refund,Medium,synthetic
T02517,Quick question - Unrecognized login notification received. Kindly look into this matter promptly.,Account,Critical,synthetic
T02518,"FYI, Package marked delivered but missing. Contact me via email or phone.",Shipping,Critical,synthetic
T02519,"Dear customer service, Do you offer non-profit or educational discounts for team subscription accounts? Contact me via email or phone",Product Inquiry,Low,synthetic
T02520,"Hey there, Our organization was charged a late fee penalty of $499.0 despite completing the wire transfer prior to the due date. Attached is our bank transaction confirmation for your accounts team to verify and credit back",Billing,Medium,synthetic
T02521,"Hi support team, Damaged product, refund needed. Looking forward to hearing back.",Refund,Medium,synthetic
T02522,"Hello, I accidentally renewed the wrong tier subscription yesterday. Is it possible to get a refund? Plz advise as soon as possible.",Refund,Medium,synthetic
T02523,Urgent: Unannounced platform outage during business hours caused direct revenue loss for our company. Kindly look into this matter promptly.,Complaint,Critical,synthetic
T02524,"Dear customer service, Rude customer agent on call. Plz respond asap.",Complaint,Low,synthetic
T02525,"Hey there, System cancelled my order due to stock shortage, but the money has not been refunded yet. Appreciate a quick update on this.",Refund,Medium,synthetic
T02526,Parcel delivered bol raha hai par gate pe koi item nahi hai. Please advise as soon as possible.,Shipping,High,synthetic
T02527,Pakka refund kab tak milega order 92716 ka? Thanks for your help!,Refund,Medium,synthetic
T02528,API documentation link chahiye. Appreciate a quick update on this,Product Inquiry,Low,synthetic
T02529,Urgent: Your representative was dismissive and unhelpful when I asked for assistance with system errors. Appreciate a quick update on this,Complaint,High,synthetic
T02530,"Dear customer service, Where is my parcel? Please advise as soon as possible.",Shipping,Medium,synthetic
T02531,Urgent: My parcel box arrived completely crushed with contents damaged during transport. Plz respond asap.,Shipping,High,synthetic
T02532,"Hello, Our team administrator suddenly lost access to the master workspace account after enabling SAML 2.0 SSO. The login screen loops indefinitely between the identity provider and portal without authenticating. We need urgent admin intervention. Kindly look into this matter promptly.",Account,Critical,synthetic
T02533,"Hey there, System cancelled my order due to stock shortage, but the money has not been refunded yet. Plz advise as soon as possible.",Refund,Medium,synthetic
T02534,"Hello, How can I change the primary administrator email address associated with our company portal? Thanks for your help!",Account,Low,synthetic
T02535,"FYI, The courier marked my parcel as delivered on the porch, but there is no package outside my house.",Shipping,High,synthetic
T02536,"Hey there, Server error 500 on submit. Urgent attention required.",Technical Support,Critical,synthetic
T02537,"Quick question - I placed order 69234 for an enterprise hardware component, but received a completely different consumer product model. Since this does not match the product specification or purchase order, I am returning the package and request a full refund including express shipping charges. Thanks for your help!",Refund,High,synthetic
T02538,Urgent: Where is my pending refund? Thanks for ur help!,Refund,High,synthetic
T02539,"Plz help - We signed up under a free trial promotional banner, yet our company credit card was billed $49.0 on day one. We expect a full reversal of this unauthorized charge and correction of our subscription tier. Appreciate a quick update on this.",Billing,Critical,synthetic
T02540,"Hello, The cancellation button is missing from my account billing settings page. Please cancel for me. Urgent attention required.",Cancellation,Medium,synthetic
T02541,"Hi support team, My parcel box arrived completely crushed with contents damaged during transport. Thanks for ur help!",Shipping,High,synthetic
T02542,Urgent: Double billing issue. Contact me via email or phone.,Billing,High,synthetic
T02543,"FYI, Why am I seeing two charges for the same order 79621 on my bank app? Contact me via email or phone.",Billing,Medium,synthetic
T02544,"Dear customer service, Why am I not receiving the SMS two-factor authentication verification code on my registered mobile number? Please advise as soon as possible.",Account,Medium,synthetic
T02545,"Hi support team, Requesting refund for order 69631. Appreciate a quick update on this.",Refund,Medium,synthetic
T02546,"Dear customer service, My parcel box arrived completely crushed with contents damaged during transport. Thanks for your help!",Shipping,High,synthetic
T02547,"Hey there, I was billed $249.5 this month, but my plan is supposed to be $29.99. Urgent attention required.",Billing,Medium,synthetic
T02548,"Hello, Does the cloud storage infrastructure comply with SOC2 and HIPAA security certifications? Plz respond asap.",Product Inquiry,Medium,synthetic
T02549,"FYI, Where is my pending refund? Looking forward to hearing back.",Refund,Medium,synthetic
T02550,"Dear customer service, The delivery driver left our electronic equipment package in heavy rain outside the warehouse gate without ringing the bell or getting a signature. Water soaked through the box. Please advise as soon as possible.",Shipping,High,synthetic
T02551,"FYI, Service downtime ruined our demo. Kindly look into this matter promptly.",Complaint,Critical,synthetic
T02552,Pakka refund kab tak milega order 73648 ka? Plz respond asap.,Refund,Medium,synthetic
T02553,Quick question - How can I change the primary administrator email address associated with our company portal? Contact me via email or phone.,Account,Low,synthetic
T02554,Plz help - Ticket closed without resolution. Kindly look into this matter promptly.,Complaint,Medium,synthetic
T02555,Quick question - No reply to urgent ticket for 48 hours despite paying for 24/7 premium support SLA. Appreciate a quick update on this.,Complaint,High,synthetic
T02556,Urgent: Charged twice for order 31473. Thanks for your help!,Billing,High,synthetic
T02557,"Hi support team, Package marked delivered but missing. Looking forward to hearing back.",Shipping,Critical,synthetic
T02558,Quick question - Our backend production database server at 192.168.87.95 is refusing incoming connections with error AUTH_DENIED. Kindly look into this matter promptly.,Technical Support,Critical,synthetic
T02559,Agent ne bina answer kiye ticket close kar diya. Please advise as soon as possible,Complaint,Medium,synthetic
T02560,"Hey there, Where to find user documentation? Plz respond asap.",Product Inquiry,Low,synthetic
T02561,Quick question - Cannot log into account. Thanks for your help!,Account,High,synthetic
T02562,Pakka refund kab tak milega order 45643 ka? Kindly look into this matter promptly.,Refund,Medium,synthetic
T02563,"Dear customer service, Wrong delivery address on order 99523",Shipping,Medium,synthetic
T02564,"Dear customer service, Please turn off automatic renewal for account 78084 so I am not charged next month. Please advise as soon as possible.",Cancellation,Medium,synthetic
T02565,Quick question - Unannounced platform outage during business hours caused direct revenue loss for our company. Please advise as soon as possible.,Complaint,Critical,synthetic
T02566,"Hey there, There is an unrecognized charge of $149.0 on my credit card statement. Kindly look into this matter promptly.",Billing,Critical,synthetic
T02567,Quick question - Turn off auto-renewal. Contact me via email or phone.,Cancellation,Low,synthetic
T02568,Plz help - Tracking number 97697 has been stuck in transit at the hub for over 6 days w/out progress. Plz respond asap.,Shipping,Medium,synthetic
T02569,"Hi support team, Due to budget cuts in our organization, we can no longer maintain our active subscription plan. Plz process account cancellation immediately and send written confirmation that auto-renew has been disabled. Plz respond asap.",Cancellation,High,synthetic
T02570,Urgent: Can I update my shipping delivery address to apartment 4B before the order dispatches? Contact me via email or phone.,Shipping,High,synthetic
T02571,Plz help - We are migrating to a different vendor and request complete contract termination. Looking forward to hearing back,Cancellation,Medium,synthetic
T02572,Wrong delivery address on order 52464. Looking forward to hearing back.,Shipping,Medium,synthetic
T02573,Urgent: I would like to cancel my monthly subscription effective before the next billing cycle. Kindly look into this matter promptly,Cancellation,High,synthetic
T02574,"Dear customer service, Close my account. Urgent attention required.",Cancellation,Medium,synthetic
T02575,"Dear customer service, We are currently evaluating software solutions for a 300-person engineering team. Could you provide a comprehensive comparison document outlining feature differences between the Professional and Enterprise plans, along with volume discount schedules? Plz respond asap.",Product Inquiry,Low,synthetic
T02576,"Hello, The delivery driver left our electronic equipment package in heavy rain outside the warehouse gate without ringing the bell or getting a signature. Water soaked through the box. Contact me via email or phone.",Shipping,High,synthetic
T02577,"Hello, Is macOS Sequoia supported? Appreciate a quick update on this.",Product Inquiry,Low,synthetic
T02578,"Urgent: I am filing a formal complaint regarding misleading feature advertising on ur pricing page. We purchased the business plan based on promised custom integration features, only to discover after onboarding that the API is not included. Urgent attention required.",Complaint,High,synthetic
T02579,"Hey there, My parcel box arrived completely crushed with contents damaged during transport. Contact me via email or phone.",Shipping,High,synthetic
T02580,"FYI, Due to budget cuts in our organization, we can no longer maintain our active subscription plan. Please process account cancellation immediately and send written confirmation that auto-renew has been disabled. Appreciate a quick update on this.",Cancellation,High,synthetic
T02581,Quick question - Wrong delivery address on order 97031. Please advise as soon as possible.,Shipping,Medium,synthetic
T02582,"FYI, Turn off auto-renewal. Plz respond asap.",Cancellation,Low,synthetic
T02583,"Hello, Page loading times have degraded significantly after the latest patch, causing request timeouts. Urgent attention required.",Technical Support,Medium,synthetic
T02584,"FYI, Could you tell me if your platform supports SAML 2.0 Single Sign-On for enterprise users? Kindly look into this matter promptly.",Product Inquiry,Low,synthetic
T02585,Plz help - Does the cloud storage infrastructure comply with SOC2 and HIPAA security certifications? Plz respond asap.,Product Inquiry,Medium,synthetic
T02586,System crash ho raha hai export click karte hi error code ERR_502 ke saath. Urgent attention required,Technical Support,High,synthetic
T02587,Plz help - Ticket closed without resolution.,Complaint,Medium,synthetic
T02588,"Hey there, Ticket closed without resolution. Contact me via email or phone.",Complaint,Medium,synthetic
T02589,"Hi support team, Bulk license pricing details? Kindly look into this matter promptly.",Product Inquiry,Low,synthetic
T02590,"Hi support team, Wrong item delivered, money back. Urgent attention required.",Refund,Medium,synthetic
T02591,"FYI, Bulk license pricing details? Kindly look into this matter promptly.",Product Inquiry,Low,synthetic
T02592,"Dear customer service, Bulk license pricing details? Kindly look into this matter promptly.",Product Inquiry,Low,synthetic
T02593,"FYI, I paid extra for guaranteed next-day air shipping on order 65993 because of an urgent event. It has now been 4 days and the tracking status shows the package is still sitting at the local distribution facility. Please expedite delivery or refund express fees. Kindly look into this matter promptly.",Shipping,High,synthetic
T02594,Do you offer non-profit or educational discounts for team subscription accounts?,Product Inquiry,Low,synthetic
T02595,"Hey there, Plan cancellation request. Thanks for your help!",Cancellation,Low,synthetic
T02596,"Dear customer service, Can I update my shipping delivery address to apartment 4B before the order dispatches? Please advise as soon as possible.",Shipping,Medium,synthetic
T02597,"Dear customer service, Cancel subscription immediately. Urgent attention required.",Cancellation,High,synthetic
T02598,"Hi support team, I am requesting complete account closure and permanent deletion of all personal stored data from ur servers in compliance with privacy regulations. Contact me via email or phone.",Account,Medium,synthetic
T02599,Plz help - What are the minimum hardware and RAM requirements for running the server software on Linux? Kindly look into this matter promptly,Product Inquiry,Low,synthetic
T02600,We are migrating to a different vendor and request complete contract termination. Urgent attention required.,Cancellation,Medium,synthetic
T02601,Plz help - Do you offer non-profit or educational discounts for team subscription accounts? Plz respond asap,Product Inquiry,High,synthetic
T02602,"Hello, Cannot log into account. Urgent attention required.",Account,High,synthetic
T02603,"Hi support team, I placed order 20191 for an enterprise hardware component, but received a completely different consumer product model. Since this doesnt match the product specification or purchase order, I am returning the package and request a full refund including express shipping charges. Contact me via email or phone.",Refund,High,synthetic
T02604,"FYI, I paid extra for guaranteed next-day air shipping on order 95852 because of an urgent event. It has now been 4 days and the tracking status shows the package is still sitting at the local distribution facility. Please expedite delivery or refund express fees. Contact me via email or phone.",Shipping,High,synthetic
T02605,"48 ghante se koi response nahi aaya, service bohot badhiya nahi hai. Appreciate a quick update on this",Complaint,Medium,synthetic
T02606,Urgent: I am requesting complete account closure and permanent deletion of all personal stored data from your servers in compliance with privacy regulations. Looking forward to hearing back.,Account,High,synthetic
T02607,Urgent: Tracking number 14080 has been stuck in transit at the hub for over 6 days without progress. Urgent attention required.,Shipping,High,synthetic
T02608,"Hello, Desktop software freezing",Technical Support,Medium,synthetic
T02609,"Hi support team, Where is my pending refund? Kindly look into this matter promptly.",Refund,Medium,synthetic
T02610,"Hello, Cancel subscription immediately. Kindly look into this matter promptly.",Cancellation,High,synthetic
T02611,"FYI, Account locked after failed logins. Urgent attention required.",Account,High,synthetic
T02612,"Hey there, Does your REST API support webhook event subscriptions for real-time order status updates, and where can we access the OpenAPI / Swagger documentation for testing? Kindly look into this matter promptly",Product Inquiry,Low,synthetic
T02613,"Hi support team, Unrecognized login notification received. Urgent attention required.",Account,Critical,synthetic
T02614,"Hi support team, The offline synchronization module fails to push local SQLite records to the cloud database when reconnecting to Wi-Fi. Data remains cached locally without throwing explicit log exceptions.",Technical Support,Medium,synthetic
T02615,Urgent: I returned package for order 57672 two weeks ago but haven't seen the refund credited to my bank account. Thanks for your help!,Refund,High,synthetic
T02616,"Hello, Where is my parcel? Thanks for ur help!",Shipping,Low,synthetic
T02617,"Hi support team, Where is my parcel? Contact me via email or phone.",Shipping,Low,synthetic
T02618,"We are currently evaluating software solutions for a 300-person engineering team. Could you provide a comprehensive comparison document outlining feature differences between the Professional and Enterprise plans, along with volume discount schedules? Plz advise as soon as possible.",Product Inquiry,Medium,synthetic
T02619,"I placed order 60298 for an enterprise hardware component, but received a completely different consumer product model. Since this does not match the product specification or purchase order, I am returning the package and request a full refund including express shipping charges.",Refund,High,synthetic
T02620,Quick question - Plan cancellation request. Looking forward to hearing back.,Cancellation,Low,synthetic
T02621,Plz help - Forgot password link expired. Please advise as soon as possible.,Account,Medium,synthetic
T02622,"Hey there, We are migrating to a different vendor and request complete contract termination.",Cancellation,Medium,synthetic
T02623,"Hey there, Unannounced platform outage during business hours caused direct revenue loss for our company. Thanks for your help!",Complaint,Critical,synthetic
T02624,Quick question - Where to find user documentation? Plz respond asap.,Product Inquiry,Low,synthetic
T02625,"Hey there, Forgot password link expired. Appreciate a quick update on this.",Account,Low,synthetic
T02626,"FYI, The cancellation button is missing from my account billing settings page. Please cancel for me. Looking forward to hearing back",Cancellation,Medium,synthetic
T02627,Quick question - Plan cancellation request. Kindly look into this matter promptly.,Cancellation,Low,synthetic
T02628,"Hello, There is an unrecognized charge of $19.99 on my credit card statement",Billing,Critical,synthetic
T02629,"Hey there, Bulk license pricing details? Looking forward to hearing back",Product Inquiry,Low,synthetic
T02630,"FYI, Can you please send me an official VAT receipt and tax invoice for billing period Q1 2026? Plz respond asap.",Billing,Low,synthetic
T02631,Urgent: Tracking not updating for order 24182. Looking forward to hearing back.,Shipping,High,synthetic
T02632,"Dear customer service, Account locked after failed logins. Looking forward to hearing back.",Account,High,synthetic
T02633,Quick question - Desktop software freezing. Appreciate a quick update on this.,Technical Support,Medium,synthetic
T02634,"Hi support team, I would like to cancel my monthly subscription effective before the next billing cycle. Plz advise as soon as possible",Cancellation,Medium,synthetic
T02635,"Hi support team, Our organization was charged a late fee penalty of $19.99 despite completing the wire transfer prior to the due date. Attached is our bank transaction confirmation for your accounts team to verify and credit back. Looking forward to hearing back.",Billing,Medium,synthetic
T02636,"Hey there, Plz help unlock my account after entering wrong password three times. Kindly look into this matter promptly",Account,Low,synthetic
T02637,Urgent: I returned package for order 44359 two weeks ago but haven't seen the refund credited to my bank account. Urgent attention required.,Refund,High,synthetic
T02638,"Page loading times have degraded significantly after the latest patch, causing request timeouts. Thanks for your help!",Technical Support,Medium,synthetic
T02639,"Hi support team, Single Sign-On (SSO) authentication is throwing a redirect URI error for domain users. Urgent attention required.",Account,High,synthetic
T02640,"FYI, Tracking link shows package held at border customs clearance depot. Kindly look into this matter promptly.",Shipping,Low,synthetic
T02641,"Hello, I placed order 44848 for an enterprise hardware component, but received a completely different consumer product model. Since this does not match the product specification or purchase order, I am returning the package and request a full refund including express shipping charges. Thanks for ur help!",Refund,High,synthetic
T02642,"Dear customer service, I paid extra for guaranteed next-day air shipping on order 40978 because of an urgent event. It has now been 4 days and the tracking status shows the package is still sitting at the local distribution facility. Please expedite delivery or refund express fees. Kindly look into this matter promptly.",Shipping,High,synthetic
T02643,Urgent: The offline synchronization module fails to push local SQLite records to the cloud database when reconnecting to Wi-Fi. Data remains cached locally without throwing explicit log exceptions. Thanks for your help!,Technical Support,High,synthetic
T02644,"Dear customer service, I am requesting complete account closure and permanent deletion of all personal stored data from your servers in compliance with privacy regulations. Plz respond asap.",Account,Medium,synthetic
T02645,"Hi support team, The offline synchronization module fails to push local SQLite records to the cloud database when reconnecting to Wi-Fi. Data remains cached locally without throwing explicit log exceptions. Thanks for ur help!",Technical Support,Medium,synthetic
T02646,Quick question - Plan cancellation request. Plz respond asap.,Cancellation,Low,synthetic
T02647,Unannounced platform outage during business hours caused direct revenue loss for our company. Plz respond asap.,Complaint,Critical,synthetic
T02648,"Dear customer service, Where is my parcel? Appreciate a quick update on this.",Shipping,Low,synthetic
T02649,Plz help - Cannot log into account. Plz respond asap.,Account,High,synthetic
T02650,"Quick question - Due to budget cuts in our organization, we can no longer maintain our active subscription plan. Plz process account cancellation immediately and send written confirmation that auto-renew has been disabled. Kindly look into this matter promptly.",Cancellation,High,synthetic
T02651,"Quick question - Support agent closed my ticket 65319 marking it resolved, even though the bug is still happening! Thanks for ur help!",Complaint,High,synthetic
T02652,"Dear customer service, Tracking number 23273 has been stuck in transit at the hub for over 6 days without progress",Shipping,Medium,synthetic
T02653,"Hello, Can I request a live demo session with a product specialist for model PRO-752? Looking forward to hearing back.",Product Inquiry,Low,synthetic
T02654,Service downtime ruined our demo. Looking forward to hearing back.,Complaint,Critical,synthetic
T02655,"Dear customer service, Why am I seeing two charges for the same order 22415 on my bank app? Urgent attention required.",Billing,Medium,synthetic
T02656,"Hi support team, Single Sign-On (SSO) authentication is throwing a redirect URI error for domain users. Kindly look into this matter promptly.",Account,High,synthetic
T02657,"Plz help - We are currently evaluating software solutions for a 300-person engineering team. Could u provide a comprehensive comparison document outlining feature differences between the Professional and Enterprise plans, along with volume discount schedules? Plz respond asap.",Product Inquiry,Low,synthetic
T02658,Quick question - Where is my pending refund? Urgent attention required.,Refund,Medium,synthetic
T02659,Website completely crash ho gaya hai. Urgent attention required,Technical Support,High,synthetic
T02660,Quick question - Could you tell me if your platform supports SAML 2.0 Single Sign-On for enterprise users? Thanks for your help!,Product Inquiry,Low,synthetic
T02661,"Hello, Can I update my shipping delivery address to apartment 4B before the order dispatches?",Shipping,Medium,synthetic
T02662,"FYI, I would like to cancel my monthly subscription effective before the next billing cycle. Plz respond asap.",Cancellation,Low,synthetic
T02663,"FYI, Ever since updating to version 4.2 yesterday, our entire telemetry team has been unable to access the web portal. The page loads infinitely before displaying an internal server error (HTTP 500). This is blocking active customer operations. Contact me via email or phone.",Technical Support,Critical,synthetic
T02664,Urgent: Unrecognized login notification received. Thanks for ur help!,Account,Critical,synthetic
T02665,"Hey there, Is macOS Sequoia supported? Urgent attention required.",Product Inquiry,Medium,synthetic
T02666,"Hello, Due to budget cuts in our organization, we can no longer maintain our active subscription plan. Please process account cancellation immediately and send written confirmation that auto-renew has been disabled.",Cancellation,High,synthetic
T02667,Pakka refund kab tak milega order 66280 ka? Please advise as soon as possible.,Refund,Medium,synthetic
T02668,"Hi support team, Plan cancellation request.",Cancellation,Low,synthetic
T02669,"The courier marked my parcel as delivered on the porch, but there is no package outside my house. Thanks for your help!",Shipping,High,synthetic
T02670,Quick question - Wrong delivery address on order 35519. Thanks for your help!,Shipping,Medium,synthetic
T02671,Next month billing se pehle mera plan cancel kar do please. Appreciate a quick update on this,Cancellation,Low,synthetic
T02672,Quick question - I would like to cancel my monthly subscription effective before the next billing cycle. Plz advise as soon as possible.,Cancellation,Medium,synthetic
T02673,Urgent: I accidentally renewed the wrong tier subscription yesterday. Is it possible to get a refund? Please advise as soon as possible.,Refund,High,synthetic
T02674,"Hey there, Your representative was dismissive and unhelpful when I asked for assistance with system errors. Contact me via email or phone",Complaint,Low,synthetic
T02675,"Hello, My parcel box arrived completely crushed with contents damaged during transport. Thanks for your help!",Shipping,High,synthetic
T02676,"Hey there, Does product support dark mode? Please advise as soon as possible.",Product Inquiry,Medium,synthetic
T02677,"FYI, Do you offer non-profit or educational discounts for team subscription accounts? Urgent attention required.",Product Inquiry,Medium,synthetic
T02678,"Dear customer service, I am requesting complete account closure and permanent deletion of all personal stored data from your servers in compliance with privacy regulations. Please advise as soon as possible.",Account,Medium,synthetic
T02679,"FYI, Repeated system downtime and unannounced maintenance windows over the past month have disrupted our operations three times. We demand an immediate explanation from management and SLA service credits. Kindly look into this matter promptly.",Complaint,Critical,synthetic
T02680,"Urgent: Support agent closed my ticket 51429 marking it resolved, even though the bug is still happening! Plz respond asap.",Complaint,High,synthetic
T02681,"FYI, I paid my monthly invoice yesterday, but the account dashboard still shows payment pending. Appreciate a quick update on this.",Billing,Medium,synthetic
T02682,Plz help - Our organization was charged a late fee penalty of $499.0 despite completing the wire transfer prior to the due date. Attached is our bank transaction confirmation for your accounts team to verify and credit back.,Billing,Medium,synthetic
T02683,"FYI, Where to find user documentation? Urgent attention required.",Product Inquiry,Medium,synthetic
T02684,Urgent: Is macOS Sequoia supported?,Product Inquiry,High,synthetic
T02685,"Plz help - I placed order 55617 for an enterprise hardware component, but received a completely different consumer product model. Since this doesnt match the product specification or purchase order, I am returning the package and request a full refund including express shipping charges. Thanks for your help!",Refund,High,synthetic
T02686,"Dear customer service, Wrong delivery address on order 87771. Plz respond asap.",Shipping,Medium,synthetic
T02687,"Hello, Damaged product, refund needed. Thanks for your help!",Refund,Medium,synthetic
T02688,Plz help - Need tax invoice for order 47957. Contact me via email or phone.,Billing,Low,synthetic
T02689,"Hello, Unannounced platform outage during business hours caused direct revenue loss for our company. Urgent attention required.",Complaint,Critical,synthetic
T02690,"Dear customer service, Payment failed but money deducted. Kindly look into this matter promptly.",Billing,High,synthetic
T02691,I returned package for order 19528 two weeks ago but haven't seen the refund credited to my bank account. Appreciate a quick update on this.,Refund,Medium,synthetic
T02692,Kripya invoice receipt email ID par bhej dijiye. Contact me via email or phone.,Billing,Low,synthetic
T02693,"Hey there, Charged twice for order 53178. Contact me via email or phone.",Billing,Medium,synthetic
T02694,"FYI, Support agent closed my ticket 63645 marking it resolved, even though the bug is still happening! Kindly look into this matter promptly",Complaint,High,synthetic
T02695,"Dear customer service, System cancelled my order due to stock shortage, but the money has not been refunded yet. Contact me via email or phone.",Refund,Medium,synthetic
T02696,"Urgent: The courier marked my parcel as delivered on the porch, but there is no package outside my house. Thanks for your help!",Shipping,High,synthetic
T02697,"FYI, Why does the mobile application crash every time I try to open the camera or upload a document? Looking forward to hearing back.",Technical Support,Medium,synthetic
T02698,"Hi support team, Package marked delivered but missing. Contact me via email or phone.",Shipping,Critical,synthetic
T02699,"Dear customer service, Desktop software freezing. Looking forward to hearing back",Technical Support,Medium,synthetic
T02700,"Hello, Rude customer agent on call. Plz advise as soon as possible.",Complaint,Medium,synthetic
T02701,"The courier marked my parcel as delivered on the porch, but there is no package outside my house. Appreciate a quick update on this",Shipping,High,synthetic
T02702,"Hey there, Repeated system downtime and unannounced maintenance windows over the past month have disrupted our operations three times. We demand an immediate explanation from management and SLA service credits. Appreciate a quick update on this.",Complaint,Critical,synthetic
T02703,"Hey there, I am filing a formal complaint regarding misleading feature advertising on your pricing page. We purchased the business plan based on promised custom integration features, only to discover after onboarding that the API is not included. Appreciate a quick update on this",Complaint,Medium,synthetic
T02704,"FYI, We are migrating to a different vendor and request complete contract termination.",Cancellation,Medium,synthetic
T02705,"Urgent: I was billed $49.0 this month, but my plan is supposed to be $9.99. Urgent attention required.",Billing,High,synthetic
T02706,"FYI, We are currently evaluating software solutions for a 300-person engineering team. Could you provide a comprehensive comparison document outlining feature differences between the Professional and Enterprise plans, along with volume discount schedules? Urgent attention required.",Product Inquiry,Medium,synthetic
T02707,"Dear customer service, I placed order 89494 for an enterprise hardware component, but received a completely different consumer product model. Since this does not match the product specification or purchase order, I am returning the package and request a full refund including express shipping charges. Thanks for your help!",Refund,High,synthetic
T02708,"Hi support team, Charged twice for order 80702. Please advise as soon as possible.",Billing,Medium,synthetic
T02709,"Plz help - I placed order 88492 for an enterprise hardware component, but received a completely different consumer product model. Since this does not match the product specification or purchase order, I am returning the package and request a full refund including express shipping charges. Thanks for your help!",Refund,High,synthetic
T02710,Quick question - Why am I not receiving the SMS two-factor authentication verification code on my registered mobile number? Looking forward to hearing back.,Account,Medium,synthetic
T02711,Urgent: I returned package for order 53554 two weeks ago but haven't seen the refund credited to my bank account. Kindly look into this matter promptly.,Refund,High,synthetic
T02712,"Hey there, My parcel box arrived completely crushed with contents damaged during transport. Thanks for your help!",Shipping,High,synthetic
T02713,"Hi support team, Damaged product, refund needed. Looking forward to hearing back",Refund,Medium,synthetic
T02714,"Hi support team, Cannot log into account. Plz respond asap.",Account,High,synthetic
T02715,"Urgent: I checked my credit card account this morning and noticed two separate line items for $249.5 on order 55293. I only submitted the checkout form once, so one of these transactions is clearly an error. Please reverse the duplicate billing immediately. Contact me via email or phone.",Billing,High,synthetic
T02716,"FYI, Why am I seeing two charges for the same order 45860 on my bank app?",Billing,Medium,synthetic
T02717,"Hello, Why am I seeing two charges for the same order 68429 on my bank app? Appreciate a quick update on this.",Billing,Medium,synthetic
T02718,"FYI, Why does the mobile application crash every time I try to open the camera or upload a document? Kindly look into this matter promptly.",Technical Support,Medium,synthetic
T02719,"FYI, Duplicate charge on statement. Kindly look into this matter promptly.",Billing,Medium,synthetic
T02720,"Dear customer service, We signed up under a free trial promotional banner, yet our company credit card was billed $249.5 on day one. We expect a full reversal of this unauthorized charge and correction of our subscription tier. Appreciate a quick update on this",Billing,Critical,synthetic
T02721,"Hello, I am filing a formal complaint regarding misleading feature advertising on your pricing page. We purchased the business plan based on promised custom integration features, only to discover after onboarding that the API is not included",Complaint,Medium,synthetic
T02722,"Hi support team, Does the cloud storage infrastructure comply with SOC2 and HIPAA security certifications? Looking forward to hearing back.",Product Inquiry,Medium,synthetic
T02723,Quick question - Why am I not receiving the SMS two-factor authentication verification code on my registered mobile number? Contact me via email or phone.,Account,Medium,synthetic
T02724,Quick question - VPN connection repeatedly drops every few minutes when connected to office network. Plz advise as soon as possible,Technical Support,High,synthetic
T02725,Is macOS Sequoia supported? Thanks for your help!,Product Inquiry,Low,synthetic
T02726,Plz help - I am requesting complete account closure and permanent deletion of all personal stored data from your servers in compliance with privacy regulations. Plz respond asap,Account,High,synthetic
T02727,Quick question - The delivery driver left our electronic equipment package in heavy rain outside the warehouse gate without ringing the bell or getting a signature. Water soaked through the box. Plz respond asap,Shipping,High,synthetic
T02728,Urgent: I accidentally renewed the wrong tier subscription yesterday. Is it possible to get a refund?,Refund,High,synthetic
T02729,"Hey there, Charged twice for order 82384. Plz respond asap.",Billing,Medium,synthetic
T02730,Plz help - Service downtime ruined our demo. Urgent attention required.,Complaint,Critical,synthetic
T02731,"Hi support team, Double billing issue. Looking forward to hearing back",Billing,Medium,synthetic
T02732,"Hey there, Tracking number 85223 has been stuck in transit at the hub for over 6 days without progress. Thanks for your help!",Shipping,Medium,synthetic
T02733,"Dear customer service, We are observing consistent memory leaks in the background daemon process on node 192.168.2.241. Memory utilization climbs to 99% within two hours of service start, eventually forcing a kernel panic and abrupt system reboot.",Technical Support,Critical,synthetic
T02734,"Urgent: We are observing consistent memory leaks in the background daemon process on node 192.168.250.248. Memory utilization climbs to 99% within two hours of service start, eventually forcing a kernel panic and abrupt system reboot. Plz respond asap.",Technical Support,High,synthetic
T02735,Can I request a live demo session with a product specialist for model PRO-841? Appreciate a quick update on this.,Product Inquiry,Low,synthetic
T02736,"Dear customer service, Our organization was charged a late fee penalty of $49.0 despite completing the wire transfer prior to the due date. Attached is our bank transaction confirmation for your accounts team to verify and credit back. Urgent attention required",Billing,High,synthetic
T02737,Service downtime ruined our demo. Contact me via email or phone.,Complaint,Critical,synthetic
T02738,"Hello, Single Sign-On (SSO) authentication is throwing a redirect URI error for domain users",Account,High,synthetic
T02739,"Urgent: We are currently evaluating software solutions for a 300-person engineering team. Could you provide a comprehensive comparison document outlining feature differences between the Professional and Enterprise plans, along with volume discount schedules? Please advise as soon as possible",Product Inquiry,High,synthetic
T02740,"Hi support team, Forgot password link expired. Kindly look into this matter promptly",Account,Low,synthetic
T02741,"FYI, Our backend production database server at 192.168.36.91 is refusing incoming connections with error NULL_POINTER_EXC. Please advise as soon as possible.",Technical Support,Critical,synthetic
T02742,"Hey there, Ticket closed without resolution. Please advise as soon as possible.",Complaint,Medium,synthetic
T02743,"FYI, Bulk license pricing details? Please advise as soon as possible.",Product Inquiry,Medium,synthetic
T02744,"Hi support team, Wrong delivery address on order 85905.",Shipping,Medium,synthetic
T02745,"Dear customer service, What are the minimum hardware and RAM requirements for running the server software on Linux? Kindly look into this matter promptly.",Product Inquiry,Low,synthetic
T02746,Next month billing se pehle mera plan cancel kar do plz.,Cancellation,Low,synthetic
T02747,"Plz help - Wrong item delivered, money back. Looking forward to hearing back.",Refund,Medium,synthetic
T02748,"Hello, Can I request a live demo session with a product specialist for model PRO-732? Plz respond asap.",Product Inquiry,Low,synthetic
T02749,"Urgent: I checked my credit card account this morning and noticed two separate line items for $99.99 on order 92756. I only submitted the checkout form once, so one of these transactions is clearly an error. Please reverse the duplicate billing immediately. Plz respond asap",Billing,High,synthetic
T02750,"Hey there, Can I request a live demo session with a product specialist for model PRO-976? Appreciate a quick update on this",Product Inquiry,Low,synthetic
T02751,"Hello, I paid my monthly invoice yesterday, but the account dashboard still shows payment pending. Appreciate a quick update on this.",Billing,Medium,synthetic
T02752,"Dear customer service, Why does the mobile application crash every time I try to open the camera or upload a document? Contact me via email or phone.",Technical Support,Medium,synthetic
T02753,"Dear customer service, My parcel box arrived completely crushed with contents damaged during transport. Looking forward to hearing back",Shipping,High,synthetic
T02754,"Hello, I am filing a formal complaint regarding misleading feature advertising on ur pricing page. We purchased the business plan based on promised custom integration features, only to discover after onboarding that the API is not included. Contact me via email or phone.",Complaint,Medium,synthetic
T02755,"Mera admin account locked ho gaya hai, please reset karein. Appreciate a quick update on this",Account,Medium,synthetic
T02756,"Hey there, Can you please send me an official VAT receipt and tax invoice for billing period Jan 2026? Please advise as soon as possible",Billing,Medium,synthetic
T02757,"FYI, How do I cancel my pending order before it moves to the warehouse packing stage? Kindly look into this matter promptly.",Cancellation,Low,synthetic
T02758,"FYI, Payment failed but money deducted. Please advise as soon as possible",Billing,High,synthetic
T02759,"Hello, Need tax invoice for order 15482. Kindly look into this matter promptly.",Billing,Low,synthetic
T02760,"Hi support team, Please help unlock my account after entering wrong password three times. Please advise as soon as possible.",Account,Medium,synthetic
T02761,"Hey there, Our backend production database server at 192.168.175.96 is refusing incoming connections with error ERR_502. Please advise as soon as possible.",Technical Support,Critical,synthetic
T02762,"Dear customer service, Forgot password link expired. Kindly look into this matter promptly",Account,Low,synthetic
T02763,I returned package for order 98705 two weeks ago but haven't seen the refund credited to my bank account. Looking forward to hearing back.,Refund,Medium,synthetic
T02764,"Urgent: Damaged product, refund needed. Appreciate a quick update on this.",Refund,High,synthetic
T02765,Urgent: Single Sign-On (SSO) authentication is throwing a redirect URI error for domain users.,Account,High,synthetic
T02766,"Hello, Can you please send me an official VAT receipt and tax invoice for billing period Feb 2026? Thanks for your help!",Billing,Low,synthetic
T02767,"Hi support team, Does the cloud storage infrastructure comply with SOC2 and HIPAA security certifications? Plz respond asap.",Product Inquiry,Medium,synthetic
T02768,Account delete karvu che. Contact me via email or phone,Cancellation,Medium,synthetic
T02769,"Urgent: System cancelled my order due to stock shortage, but the money has not been refunded yet.",Refund,High,synthetic
T02770,"FYI, The offline synchronization module fails to push local SQLite records to the cloud database when reconnecting to Wi-Fi. Data remains cached locally without throwing explicit log exceptions. Plz respond asap.",Technical Support,Medium,synthetic
T02771,"Hey there, The offline synchronization module fails to push local SQLite records to the cloud database when reconnecting to Wi-Fi. Data remains cached locally without throwing explicit log exceptions. Appreciate a quick update on this",Technical Support,Medium,synthetic
T02772,Urgent: Close my account. Please advise as soon as possible.,Cancellation,High,synthetic
T02773,"Plz help - Does your REST API support webhook event subscriptions for real-time order status updates, and where can we access the OpenAPI / Swagger documentation for testing? Contact me via email or phone.",Product Inquiry,Low,synthetic
T02774,Plz help - Ticket closed w/out resolution. Urgent attention required.,Complaint,Medium,synthetic
T02775,Quick question - Can I request a live demo session with a product specialist for model PRO-341? Please advise as soon as possible.,Product Inquiry,Medium,synthetic
T02776,"Due to budget cuts in our organization, we can no longer maintain our active subscription plan. Please process account cancellation immediately and send written confirmation that auto-renew has been disabled. Looking forward to hearing back.",Cancellation,High,synthetic
T02777,"Dear customer service, Service downtime ruined our demo. Contact me via email or phone",Complaint,Critical,synthetic
T02778,Urgent: How can I change the primary administrator email address associated w/ our company portal? Contact me via email or phone.,Account,High,synthetic
T02779,Ticket closed without resolution. Looking forward to hearing back.,Complaint,Medium,synthetic
T02780,"FYI, Can I update my shipping delivery address to apartment 4B before the order dispatches? Urgent attention required.",Shipping,Medium,synthetic
T02781,"Hello, VPN connection repeatedly drops every few minutes when connected to office network. Looking forward to hearing back.",Technical Support,High,synthetic
T02782,I would like to cancel my monthly subscription effective before the next billing cycle. Kindly look into this matter promptly.,Cancellation,Low,synthetic
T02783,Urgent: Our organization was charged a late fee penalty of $49.0 despite completing the wire transfer prior to the due date. Attached is our bank transaction confirmation for your accounts team to verify and credit back. Appreciate a quick update on this.,Billing,High,synthetic
T02784,Next month billing se pehle mera plan cancel kar do please. Appreciate a quick update on this.,Cancellation,Low,synthetic
T02785,Quick question - Cancel subscription immediately. Plz advise as soon as possible.,Cancellation,High,synthetic
T02786,"Hi support team, The courier marked my parcel as delivered on the porch, but there is no package outside my house. Contact me via email or phone.",Shipping,High,synthetic
T02787,Quick question - Can I request a live demo session with a product specialist for model PRO-762?,Product Inquiry,Low,synthetic
T02788,Urgent: I would like to cancel my monthly subscription effective before the next billing cycle. Kindly look into this matter promptly.,Cancellation,High,synthetic
T02789,"Urgent: The courier marked my parcel as delivered on the porch, but there is no package outside my house. Appreciate a quick update on this.",Shipping,High,synthetic
T02790,"Hi support team, How can I change the primary administrator email address associated with our company portal? Contact me via email or phone.",Account,Low,synthetic
T02791,"FYI, Bulk license pricing details? Plz respond asap.",Product Inquiry,Low,synthetic
T02792,"Dear customer service, I checked my credit card account this morning and noticed two separate line items for $99.99 on order 70031. I only submitted the checkout form once, so one of these transactions is clearly an error. Please reverse the duplicate billing immediately. Plz respond asap.",Billing,High,synthetic
T02793,"Dear customer service, We are observing consistent memory leaks in the background daemon process on node 192.168.17.212. Memory utilization climbs to 99% within two hours of service start, eventually forcing a kernel panic and abrupt system reboot.",Technical Support,Critical,synthetic
T02794,"Hello, Requesting refund for order 95427. Plz respond asap.",Refund,Medium,synthetic
T02795,"Dear customer service, Package marked delivered but missing. Contact me via email or phone.",Shipping,Critical,synthetic
T02796,Kripya invoice receipt email ID par bhej dijiye. Kindly look into this matter promptly.,Billing,Low,synthetic
T02797,"Plz help - We signed up under a free trial promotional banner, yet our company credit card was billed $19.99 on day one. We expect a full reversal of this unauthorized charge and correction of our subscription tier.",Billing,Critical,synthetic
T02798,"Dear customer service, Support agent closed my ticket 53640 marking it resolved, even though the bug is still happening! Looking forward to hearing back.",Complaint,High,synthetic
T02799,"FYI, Please turn off automatic renewal for account 37876 so I am not charged next month. Thanks for your help!",Cancellation,Low,synthetic
T02800,"Due to budget cuts in our organization, we can no longer maintain our active subscription plan. Please process account cancellation immediately and send written confirmation that auto-renew has been disabled. Plz respond asap.",Cancellation,High,synthetic
T02801,"Hey there, Could you tell me if your platform supports SAML 2.0 Single Sign-On for enterprise users? Contact me via email or phone.",Product Inquiry,Low,synthetic
T02802,"Mera admin account locked ho gaya hai, plz reset karein. Please advise as soon as possible.",Account,Medium,synthetic
T02803,"Hello, I paid my monthly invoice yesterday, but the account dashboard still shows payment pending. Looking forward to hearing back",Billing,Medium,synthetic
T02804,Urgent: Where to find user documentation? Kindly look into this matter promptly.,Product Inquiry,High,synthetic
T02805,"Hello, Is macOS Sequoia supported? Thanks for your help!",Product Inquiry,Low,synthetic
T02806,"Urgent: Router blinking red, internet down. Urgent attention required.",Technical Support,High,synthetic
T02807,"Urgent: I am filing a formal complaint regarding misleading feature advertising on your pricing page. We purchased the business plan based on promised custom integration features, only to discover after onboarding that the API is not included. Thanks for your help!",Complaint,High,synthetic
T02808,"Hi support team, Our organization was charged a late fee penalty of $499.0 despite completing the wire transfer prior to the due date. Attached is our bank transaction confirmation for ur accounts team to verify and credit back. Appreciate a quick update on this",Billing,Medium,synthetic
T02809,Quick question - I returned package for order 27013 two weeks ago but haven't seen the refund credited to my bank account. Contact me via email or phone.,Refund,Medium,synthetic
T02810,Plz help - Our team administrator suddenly lost access to the master workspace account after enabling SAML 2.0 SSO. The login screen loops indefinitely between the identity provider and portal without authenticating. We need urgent admin intervention.,Account,Critical,synthetic
T02811,"Hello, Database connection timeout. Plz respond asap.",Technical Support,Critical,synthetic
T02812,"Dear customer service, 2FA code not received. Thanks for your help!",Account,Medium,synthetic
T02813,"Hello, Do u offer non-profit or educational discounts for team subscription accounts? Thanks for your help!",Product Inquiry,Low,synthetic
T02814,Quick question - Can I update my shipping delivery address to apartment 4B before the order dispatches? Plz respond asap.,Shipping,Medium,synthetic
T02815,"Dear customer service, Tracking link shows package held at border customs clearance depot. Please advise as soon as possible.",Shipping,Medium,synthetic
T02816,"Hi support team, Service downtime ruined our demo. Looking forward to hearing back.",Complaint,Critical,synthetic
T02817,Quick question - Wrong delivery address on order 17108. Please advise as soon as possible.,Shipping,Medium,synthetic
T02818,"Dear customer service, Why am I not receiving the SMS two-factor authentication verification code on my registered mobile number? Plz respond asap",Account,High,synthetic
T02819,"Hello, Package marked delivered but missing.",Shipping,Critical,synthetic
T02820,Turn off auto-renewal. Contact me via email or phone.,Cancellation,Low,synthetic
T02821,"Hey there, How can I change the primary administrator email address associated with our company portal? Urgent attention required.",Account,Medium,synthetic
T02822,"Hello, 2FA code not received. Appreciate a quick update on this",Account,Medium,synthetic
T02823,There is an unrecognized charge of $49.0 on my credit card statement. Urgent attention required.,Billing,Critical,synthetic
T02824,"FYI, The cancellation button is missing from my account billing settings page. Please cancel for me. Kindly look into this matter promptly.",Cancellation,Medium,synthetic
T02825,Plz help - I am terminating our contract effective today because key features promised during sales onboarding remain unreleased. Please confirm cancellation of invoice 40973 and remove recorded credit card details. Plz respond asap.,Cancellation,Medium,synthetic
T02826,Urgent: Please help unlock my account after entering wrong password three times. Please advise as soon as possible.,Account,High,synthetic
T02827,Why am I not receiving the SMS two-factor authentication verification code on my registered mobile number? Kindly look into this matter promptly,Account,Medium,synthetic
T02828,Kripya invoice receipt email ID par bhej dijiye. Looking forward to hearing back.,Billing,Low,synthetic
T02829,Plz help - Could you tell me if your platform supports SAML 2.0 Single Sign-On for enterprise users? Kindly look into this matter promptly.,Product Inquiry,Low,synthetic
T02830,"Hi support team, Please help unlock my account after entering wrong password three times. Contact me via email or phone",Account,Low,synthetic
T02831,Plz help - Ticket closed without resolution. Contact me via email or phone.,Complaint,Medium,synthetic
T02832,Plz help - Where is my pending refund?,Refund,Medium,synthetic
T02833,Quick question - Close my account. Kindly look into this matter promptly.,Cancellation,Medium,synthetic
T02834,"Hello, Please help unlock my account after entering wrong password three times. Looking forward to hearing back",Account,Low,synthetic
T02835,"Hey there, Can you please send me an official VAT receipt and tax invoice for billing period Q1 2026? Looking forward to hearing back.",Billing,Low,synthetic
T02836,"Hi support team, Forgot password link expired. Plz respond asap.",Account,Low,synthetic
T02837,"Hi support team, Wrong item delivered, money back.",Refund,Medium,synthetic
T02838,"Dear customer service, The item arrived with broken glass and torn packaging. I demand an immediate full refund. Kindly look into this matter promptly.",Refund,High,synthetic
T02839,"Hey there, I checked my credit card account this morning and noticed two separate line items for $149.0 on order 76308. I only submitted the checkout form once, so one of these transactions is clearly an error. Please reverse the duplicate billing immediately. Thanks for your help!",Billing,High,synthetic
T02840,"FYI, Database connection timeout. Thanks for your help!",Technical Support,Critical,synthetic
T02841,"Hey there, Cancel subscription immediately. Urgent attention required.",Cancellation,High,synthetic
T02842,Quick question - How can I change the primary administrator email address associated with our company portal? Please advise as soon as possible.,Account,Medium,synthetic
T02843,Quick question - Service downtime ruined our demo. Urgent attention required.,Complaint,Critical,synthetic
T02844,"FYI, No reply to urgent ticket for 48 hours despite paying for 24/7 premium support SLA. Contact me via email or phone.",Complaint,High,synthetic
T02845,"Hey there, Due to budget cuts in our organization, we can no longer maintain our active subscription plan. Please process account cancellation immediately and send written confirmation that auto-renew has been disabled.",Cancellation,High,synthetic
T02846,Account login nahi ho raha hai. Contact me via email or phone,Account,High,synthetic
T02847,Is macOS Sequoia supported? Urgent attention required,Product Inquiry,High,synthetic
T02848,"FYI, The item arrived with broken glass and torn packaging. I demand an immediate full refund.",Refund,High,synthetic
T02849,"Hi support team, I accidentally renewed the wrong tier subscription yesterday. Is it possible to get a refund? Urgent attention required.",Refund,Medium,synthetic
T02850,"Plz help - Support agent closed my ticket 41969 marking it resolved, even though the bug is still happening! Contact me via email or phone",Complaint,High,synthetic
T02851,"Dear customer service, I placed order 84852 for an enterprise hardware component, but received a completely different consumer product model. Since this does not match the product specification or purchase order, I am returning the package and request a full refund including express shipping charges. Please advise as soon as possible.",Refund,High,synthetic
T02852,"48 ghante se koi response nahi aaya, service bohot badhiya nahi hai. Urgent attention required",Complaint,High,synthetic
T02853,"Dear customer service, Unrecognized login notification received. Looking forward to hearing back.",Account,Critical,synthetic
T02854,"Urgent: Damaged product, refund needed. Please advise as soon as possible",Refund,High,synthetic
T02855,Quick question - Account locked after failed logins. Thanks for ur help!,Account,High,synthetic
T02856,Urgent: My parcel box arrived completely crushed with contents damaged during transport. Looking forward to hearing back.,Shipping,High,synthetic
T02857,Urgent: I would like to cancel my monthly subscription effective before the next billing cycle. Thanks for ur help!,Cancellation,High,synthetic
T02858,"Hi support team, I received an email stating my password was changed from an unknown location, but I did not initiate this. Please advise as soon as possible.",Account,Critical,synthetic
T02859,"Dear customer service, I am requesting complete account closure and permanent deletion of all personal stored data from your servers in compliance with privacy regulations. Kindly look into this matter promptly.",Account,Medium,synthetic
T02860,Quick question - Close my account. Looking forward to hearing back,Cancellation,Medium,synthetic
T02861,"Hey there, Requesting refund for order 40112. Please advise as soon as possible.",Refund,Medium,synthetic
T02862,"Hi support team, Can u please send me an official VAT receipt and tax invoice for billing period Feb 2026? Please advise as soon as possible.",Billing,Medium,synthetic
T02863,"Hello, I accidentally renewed the wrong tier subscription yesterday. Is it possible to get a refund? Kindly look into this matter promptly.",Refund,Low,synthetic
T02864,System crash ho raha hai export click karte hi error code AUTH_DENIED ke saath. Plz respond asap.,Technical Support,Medium,synthetic
T02865,Quick question - Service downtime ruined our demo.,Complaint,Critical,synthetic
T02866,"Hi support team, Our team administrator suddenly lost access to the master workspace account after enabling SAML 2.0 SSO. The login screen loops indefinitely between the identity provider and portal without authenticating. We need urgent admin intervention. Appreciate a quick update on this.",Account,Critical,synthetic
T02867,"Hello, Can you please send me an official VAT receipt and tax invoice for billing period Jan 2026? Thanks for your help!",Billing,Low,synthetic
T02868,"Urgent: Page loading times have degraded significantly after the latest patch, causing request timeouts.",Technical Support,High,synthetic
T02869,Urgent: Please turn off automatic renewal for account 62925 so I am not charged next month. Plz respond asap.,Cancellation,High,synthetic
T02870,Can you please send me an official VAT receipt and tax invoice for billing period Feb 2026? Contact me via email or phone.,Billing,Low,synthetic
T02871,"Hello, I accidentally renewed the wrong tier subscription yesterday. Is it possible to get a refund?",Refund,Low,synthetic
T02872,"Hey there, Support agent closed my ticket 13791 marking it resolved, even though the bug is still happening! Plz respond asap.",Complaint,High,synthetic
T02873,"Hello, Turn off auto-renewal. Looking forward to hearing back",Cancellation,Low,synthetic
T02874,Quick question - Why does the mobile application crash every time I try to open the camera or upload a document?,Technical Support,Medium,synthetic
T02875,"Hey there, I returned package for order 57199 two weeks ago but haven't seen the refund credited to my bank account. Contact me via email or phone.",Refund,Medium,synthetic
T02876,Password reset link kaam nahi kar raha.,Account,Low,synthetic
T02877,Plz help - Why am I seeing two charges for the same order 13517 on my bank app? Thanks for your help!,Billing,Medium,synthetic
T02878,Urgent: Repeated system downtime and unannounced maintenance windows over the past month have disrupted our operations three times. We demand an immediate explanation from management and SLA service credits. Urgent attention required.,Complaint,Critical,synthetic
T02879,"Account balance se double amount deduct ho gaya, please check billing statement.",Billing,Medium,synthetic
T02880,"Hey there, I was billed $249.5 this month, but my plan is supposed to be $9.99. Kindly look into this matter promptly.",Billing,Medium,synthetic
T02881,"Hello, What are the minimum hardware and RAM requirements for running the server software on Linux?",Product Inquiry,Low,synthetic
T02882,"Hey there, Our backend production database server at 192.168.139.92 is refusing incoming connections with error SOCKET_TIMEOUT. Kindly look into this matter promptly.",Technical Support,Critical,synthetic
T02883,How can I change the primary administrator email address associated with our company portal? Urgent attention required.,Account,Medium,synthetic
T02884,Plz help - Where to find user documentation? Contact me via email or phone.,Product Inquiry,Low,synthetic
T02885,Plz help - Our organization was charged a late fee penalty of $249.5 despite completing the wire transfer prior to the due date. Attached is our bank transaction confirmation for your accounts team to verify and credit back. Please advise as soon as possible.,Billing,Medium,synthetic
T02886,"Hey there, Wrong item delivered, money back. Contact me via email or phone.",Refund,Medium,synthetic
T02887,"FYI, Is macOS Sequoia supported? Thanks for your help!",Product Inquiry,Low,synthetic
T02888,"I placed order 20339 for an enterprise hardware component, but received a completely different consumer product model. Since this does not match the product specification or purchase order, I am returning the package and request a full refund including express shipping charges. Appreciate a quick update on this.",Refund,High,synthetic
T02889,"Urgent: Support agent closed my ticket 38947 marking it resolved, even though the bug is still happening! Urgent attention required.",Complaint,High,synthetic
T02890,"FYI, I paid my monthly invoice yesterday, but the account dashboard still shows payment pending. Looking forward to hearing back.",Billing,Medium,synthetic
T02891,Plz help - I have been on hold for over 45 minutes without anyone picking up my call. This service is terrible. Contact me via email or phone,Complaint,Medium,synthetic
T02892,"Dear customer service, Does ur REST API support webhook event subscriptions for real-time order status updates, and where can we access the OpenAPI / Swagger documentation for testing? Urgent attention required.",Product Inquiry,Medium,synthetic
T02893,"Hey there, I am terminating our contract effective today because key features promised during sales onboarding remain unreleased. Please confirm cancellation of invoice 55376 and remove recorded credit card details. Plz respond asap.",Cancellation,Medium,synthetic
T02894,"Dear customer service, Can I update my shipping delivery address to apartment 4B before the order dispatches? Plz advise as soon as possible.",Shipping,Medium,synthetic
T02895,Our backend production database server at 192.168.124.70 is refusing incoming connections with error AUTH_DENIED. Appreciate a quick update on this.,Technical Support,Critical,synthetic
T02896,Password reset link kaam nahi kar raha,Account,Low,synthetic
T02897,Tracking number 96216 has been stuck in transit at the hub for over 6 days without progress.,Shipping,Medium,synthetic
T02898,"Hello, My parcel box arrived completely crushed with contents damaged during transport. Please advise as soon as possible.",Shipping,High,synthetic
T02899,Cancel subscription immediately. Plz advise as soon as possible.,Cancellation,High,synthetic
T02900,Quick question - Single Sign-On (SSO) authentication is throwing a redirect URI error for domain users. Appreciate a quick update on this.,Account,High,synthetic
T02901,"Urgent: I placed order 62310 for an enterprise hardware component, but received a completely different consumer product model. Since this does not match the product specification or purchase order, I am returning the package and request a full refund including express shipping charges. Plz respond asap.",Refund,High,synthetic
T02902,"Hey there, Does your REST API support webhook event subscriptions for real-time order status updates, and where can we access the OpenAPI / Swagger documentation for testing? Plz respond asap.",Product Inquiry,Low,synthetic
T02903,"Hi support team, Worst support experience ever. Urgent attention required.",Complaint,Medium,synthetic
T02904,Plz help - Our organization was charged a late fee penalty of $49.0 despite completing the wire transfer prior to the due date. Attached is our bank transaction confirmation for your accounts team to verify and credit back. Urgent attention required.,Billing,Medium,synthetic
T02905,"Hello, Damaged product, refund needed. Urgent attention required",Refund,High,synthetic
T02906,"Hey there, Why am I seeing two charges for the same order 37450 on my bank app? Urgent attention required.",Billing,Medium,synthetic
T02907,"Hi support team, Unannounced platform outage during business hours caused direct revenue loss for our company. Thanks for your help!",Complaint,Critical,synthetic
T02908,Order cancel hone ke baad bhi refund credit nahi hua account mein. Kindly look into this matter promptly,Refund,Medium,synthetic
T02909,"Plz help - Does your REST API support webhook event subscriptions for real-time order status updates, and where can we access the OpenAPI / Swagger documentation for testing? Kindly look into this matter promptly",Product Inquiry,Low,synthetic
T02910,Plz help - Is macOS Sequoia supported? Please advise as soon as possible.,Product Inquiry,Medium,synthetic
T02911,"Hey there, The item arrived with broken glass and torn packaging. I demand an immediate full refund. Looking forward to hearing back.",Refund,High,synthetic
T02912,"FYI, Router blinking red, internet down. Appreciate a quick update on this.",Technical Support,High,synthetic
T02913,"Hey there, I am terminating our contract effective today because key features promised during sales onboarding remain unreleased. Please confirm cancellation of invoice 77534 and remove recorded credit card details. Contact me via email or phone.",Cancellation,Medium,synthetic
T02914,"Dear customer service, Forgot password link expired. Kindly look into this matter promptly.",Account,Low,synthetic
T02915,"Hello, Worst support experience ever. Contact me via email or phone.",Complaint,Low,synthetic
T02916,"Dear customer service, Support agent closed my ticket 31949 marking it resolved, even though the bug is still happening! Thanks for your help!",Complaint,High,synthetic
T02917,Quick question - Repeated system downtime and unannounced maintenance windows over the past month have disrupted our operations three times. We demand an immediate explanation from management and SLA service credits,Complaint,Critical,synthetic
T02918,"FYI, Package marked delivered but missing. Looking forward to hearing back.",Shipping,Critical,synthetic
T02919,Plz help - Account locked after failed logins. Thanks for your help!,Account,High,synthetic
T02920,"Wrong item delivered, money back. Appreciate a quick update on this.",Refund,Medium,synthetic
T02921,"Hey there, Package marked delivered but missing. Please advise as soon as possible.",Shipping,Critical,synthetic
T02922,"Hey there, I paid my monthly invoice yesterday, but the account dashboard still shows payment pending. Looking forward to hearing back.",Billing,Medium,synthetic
T02923,"Hey there, We are observing consistent memory leaks in the background daemon process on node 192.168.58.37. Memory utilization climbs to 99% within two hours of service start, eventually forcing a kernel panic and abrupt system reboot. Looking forward to hearing back.",Technical Support,Critical,synthetic
T02924,"Hi support team, Need tax invoice for order 99816. Kindly look into this matter promptly.",Billing,Low,synthetic
T02925,Why does the mobile application crash every time I try to open the camera or upload a document? Appreciate a quick update on this.,Technical Support,Medium,synthetic
T02926,"Hey there, Our organization was charged a late fee penalty of $249.5 despite completing the wire transfer prior to the due date. Attached is our bank transaction confirmation for ur accounts team to verify and credit back. Urgent attention required",Billing,High,synthetic
T02927,"Hi support team, We are migrating to a different vendor and request complete contract termination. Plz respond asap.",Cancellation,Medium,synthetic
T02928,Urgent: Duplicate charge on statement. Kindly look into this matter promptly,Billing,High,synthetic
T02929,"Hey there, I received an email stating my password was changed from an unknown location, but I did not initiate this. Contact me via email or phone.",Account,Critical,synthetic
T02930,"Dear customer service, Why am I not receiving the SMS two-factor authentication verification code on my registered mobile number? Appreciate a quick update on this.",Account,Medium,synthetic
T02931,"Plz help - Page loading times have degraded significantly after the latest patch, causing request timeouts. Appreciate a quick update on this",Technical Support,Medium,synthetic
T02932,"Hi support team, Our scheduled virtual event was ruined due to continuous platform outages on your side. We paid $99.99 for premium hosting and request an immediate pro-rated credit refund to our corporate account balance. Urgent attention required.",Refund,Medium,synthetic
T02933,"Hi support team, The offline synchronization module fails to push local SQLite records to the cloud database when reconnecting to Wi-Fi. Data remains cached locally w/out throwing explicit log exceptions. Contact me via email or phone.",Technical Support,Medium,synthetic
T02934,Quick question - Why does the mobile application crash every time I try to open the camera or upload a document? Thanks for your help!,Technical Support,Medium,synthetic
T02935,Paisa refund karo jaldi. Kindly look into this matter promptly,Refund,Medium,synthetic
T02936,"Hi support team, Cannot log into account. Appreciate a quick update on this.",Account,High,synthetic
T02937,Paisa refund karo jaldi. Contact me via email or phone,Refund,Medium,synthetic
T02938,"Hey there, Please help unlock my account after entering wrong password three times. Contact me via email or phone.",Account,Low,synthetic
T02939,"Hi support team, Cancel subscription immediately. Plz respond asap.",Cancellation,High,synthetic
T02940,"Hey there, Does the cloud storage infrastructure comply with SOC2 and HIPAA security certifications? Appreciate a quick update on this.",Product Inquiry,Medium,synthetic
T02941,"Hey there, Tracking not updating for order 43842. Appreciate a quick update on this",Shipping,Low,synthetic
T02942,2FA code not received. Appreciate a quick update on this.,Account,Medium,synthetic
T02943,"Hi support team, I placed order 92483 for an enterprise hardware component, but received a completely different consumer product model. Since this does not match the product specification or purchase order, I am returning the package and request a full refund including express shipping charges. Kindly look into this matter promptly.",Refund,High,synthetic
T02944,"Hi support team, Repeated system downtime and unannounced maintenance windows over the past month have disrupted our operations three times. We demand an immediate explanation from management and SLA service credits. Thanks for your help!",Complaint,Critical,synthetic
T02945,Quick question - Account locked after failed logins. Appreciate a quick update on this,Account,High,synthetic
T02946,"Dear customer service, I returned package for order 33672 two weeks ago but haven't seen the refund credited to my bank account. Urgent attention required",Refund,High,synthetic
T02947,"Urgent: Does your REST API support webhook event subscriptions for real-time order status updates, and where can we access the OpenAPI / Swagger documentation for testing? Urgent attention required",Product Inquiry,High,synthetic
T02948,Urgent: Tracking not updating for order 44028. Plz respond asap.,Shipping,High,synthetic
T02949,"Hi support team, How do I cancel my pending order before it moves to the warehouse packing stage? Please advise as soon as possible.",Cancellation,Medium,synthetic
T02950,"Quick question - I paid my monthly invoice yesterday, but the account dashboard still shows payment pending. Urgent attention required.",Billing,Medium,synthetic
T02951,"Hello, Plan cancellation request. Thanks for your help!",Cancellation,Low,synthetic
T02952,Plz help - VPN connection repeatedly drops every few minutes when connected to office network. Please advise as soon as possible.,Technical Support,High,synthetic
T02953,"Hi support team, How do I cancel my pending order before it moves to the warehouse packing stage?",Cancellation,Low,synthetic
T02954,"Hey there, The courier marked my parcel as delivered on the porch, but there is no package outside my house.",Shipping,High,synthetic
T02955,Urgent: 2FA code not received. Plz respond asap,Account,High,synthetic
T02956,"Hi support team, I returned package for order 22302 two weeks ago but haven't seen the refund credited to my bank account. Looking forward to hearing back",Refund,Medium,synthetic
T02957,"FYI, Unannounced platform outage during business hours caused direct revenue loss for our company. Please advise as soon as possible.",Complaint,Critical,synthetic
T02958,"Hello, Why am I seeing two charges for the same order 43158 on my bank app?",Billing,Medium,synthetic
T02959,"Dear customer service, The offline synchronization module fails to push local SQLite records to the cloud database when reconnecting to Wi-Fi. Data remains cached locally without throwing explicit log exceptions. Plz respond asap",Technical Support,High,synthetic
T02960,"Hi support team, Forgot password link expired. Please advise as soon as possible.",Account,Medium,synthetic
T02961,"Hello, Page loading times have degraded significantly after the latest patch, causing request timeouts. Looking forward to hearing back",Technical Support,Medium,synthetic
T02962,Urgent: Turn off auto-renewal. Urgent attention required.,Cancellation,High,synthetic
T02963,"Dear customer service, Plz turn off automatic renewal for account 53056 so I am not charged next month",Cancellation,Low,synthetic
T02964,Urgent: Please turn off automatic renewal for account 44282 so I am not charged next month. Plz respond asap.,Cancellation,High,synthetic
T02965,Urgent: Our team administrator suddenly lost access to the master workspace account after enabling SAML 2.0 SSO. The login screen loops indefinitely between the identity provider and portal without authenticating. We need urgent admin intervention. Urgent attention required.,Account,Critical,synthetic
T02966,Urgent: Where to find user documentation?,Product Inquiry,High,synthetic
T02967,"FYI, Ticket closed without resolution. Please advise as soon as possible",Complaint,Medium,synthetic
T02968,Can I request a live demo session with a product specialist for model PRO-290? Contact me via email or phone.,Product Inquiry,Low,synthetic
T02969,Plz help - Cannot log into account.,Account,High,synthetic
T02970,"FYI, Does your REST API support webhook event subscriptions for real-time order status updates, and where can we access the OpenAPI / Swagger documentation for testing? Plz respond asap.",Product Inquiry,Low,synthetic
T02971,"Hi support team, The cancellation button is missing from my account billing settings page. Please cancel for me. Thanks for your help!",Cancellation,Medium,synthetic
T02972,"Dear customer service, There is an unrecognized charge of $249.5 on my credit card statement. Plz respond asap.",Billing,Critical,synthetic
T02973,Plz help - Your representative was dismissive and unhelpful when I asked for assistance with system errors. Contact me via email or phone.,Complaint,Low,synthetic
T02974,API documentation link chahiye. Thanks for ur help!,Product Inquiry,Low,synthetic
T02975,Quick question - No reply to urgent ticket for 48 hours despite paying for 24/7 premium support SLA. Plz advise as soon as possible.,Complaint,High,synthetic
T02976,Account delete karvu che. Looking forward to hearing back,Cancellation,Medium,synthetic
T02977,"Hi support team, My parcel box arrived completely crushed with contents damaged during transport. Urgent attention required.",Shipping,High,synthetic
T02978,Plz help - Bulk license pricing details? Please advise as soon as possible.,Product Inquiry,Medium,synthetic
T02979,I returned package for order 64536 two weeks ago but haven't seen the refund credited to my bank account. Plz respond asap.,Refund,Medium,synthetic
T02980,"FYI, Can someone help resolve the DLL loading error on Windows 11 when starting the client application? Looking forward to hearing back.",Technical Support,Medium,synthetic
T02981,"FYI, Charged twice for order 40539. Appreciate a quick update on this.",Billing,Medium,synthetic
T02982,"Plz help - We signed up under a free trial promotional banner, yet our company credit card was billed $149.0 on day one. We expect a full reversal of this unauthorized charge and correction of our subscription tier. Kindly look into this matter promptly",Billing,Critical,synthetic
T02983,Plz help - Our scheduled virtual event was ruined due to continuous platform outages on ur side. We paid $49.0 for premium hosting and request an immediate pro-rated credit refund to our corporate account balance. Plz respond asap.,Refund,Medium,synthetic
T02984,"Urgent: The courier marked my parcel as delivered on the porch, but there is no package outside my house. Plz respond asap.",Shipping,High,synthetic
T02985,Urgent: Double billing issue.,Billing,High,synthetic
T02986,Quick question - Tracking link shows package held at border customs clearance depot. Contact me via email or phone.,Shipping,Low,synthetic
T02987,"Hi support team, Worst support experience ever. Looking forward to hearing back.",Complaint,Low,synthetic
T02988,Quick question - Can I request a live demo session with a product specialist for model PRO-563? Kindly look into this matter promptly.,Product Inquiry,Low,synthetic
T02989,"Hey there, I have been on hold for over 45 minutes without anyone picking up my call. This service is terrible. Appreciate a quick update on this.",Complaint,Medium,synthetic
T02990,"Hello, The cancellation button is missing from my account billing settings page. Plz cancel for me. Please advise as soon as possible.",Cancellation,Medium,synthetic
T02991,Quick question - Single Sign-On (SSO) authentication is throwing a redirect URI error for domain users. Thanks for your help!,Account,High,synthetic
T02992,Quick question - I accidentally renewed the wrong tier subscription yesterday. Is it possible to get a refund? Contact me via email or phone.,Refund,Low,synthetic
T02993,"Quick question - Damaged product, refund needed. Appreciate a quick update on this",Refund,Medium,synthetic
T02994,"Hey there, I am terminating our contract effective today because key features promised during sales onboarding remain unreleased. Please confirm cancellation of invoice 41324 and remove recorded credit card details. Appreciate a quick update on this.",Cancellation,Medium,synthetic
T02995,Plz help - Plan cancellation request. Appreciate a quick update on this.,Cancellation,Low,synthetic
T02996,"Hi support team, The delivery driver left our electronic equipment package in heavy rain outside the warehouse gate without ringing the bell or getting a signature. Water soaked through the box. Contact me via email or phone.",Shipping,High,synthetic
T02997,"FYI, Where is my parcel?",Shipping,Low,synthetic
T02998,"Hey there, Why am I seeing two charges for the same order 28818 on my bank app? Thanks for your help!",Billing,Medium,synthetic
T02999,"Hello, I paid my monthly invoice yesterday, but the account dashboard still shows payment pending. Thanks for your help!",Billing,Medium,synthetic
T03000,"Hello, Why does the mobile application crash every time I try to open the camera or upload a document? Thanks for ur help!",Technical Support,Medium,synthetic
T03001,"Hi support team, Our scheduled virtual event was ruined due to continuous platform outages on your side. We paid $19.99 for premium hosting and request an immediate pro-rated credit refund to our corporate account balance. Thanks for your help!",Refund,Medium,synthetic
T03002,"Dear customer service, Desktop software freezing. Please advise as soon as possible.",Technical Support,Medium,synthetic
T03003,"Hey there, How can I change the primary administrator email address associated with our company portal? Looking forward to hearing back.",Account,Low,synthetic
T03004,Urgent: Tracking number 40725 has been stuck in transit at the hub for over 6 days without progress. Contact me via email or phone.,Shipping,High,synthetic
T03005,"Wrong item delivered, money back. Plz respond asap.",Refund,Medium,synthetic
T03006,"Hey there, I placed order 89289 for an enterprise hardware component, but received a completely different consumer product model. Since this does not match the product specification or purchase order, I am returning the package and request a full refund including express shipping charges. Thanks for your help!",Refund,High,synthetic
T03007,Pakka refund kab tak milega order 21093 ka?,Refund,Medium,synthetic
T03008,"Hi support team, I accidentally renewed the wrong tier subscription yesterday. Is it possible to get a refund? Please advise as soon as possible.",Refund,Medium,synthetic
T03009,Urgent: Rude customer agent on call. Plz respond asap,Complaint,High,synthetic
T03010,"Hello, Where is my parcel? Kindly look into this matter promptly.",Shipping,Low,synthetic
T03011,"Hey there, Can I request a live demo session with a product specialist for model PRO-471? Appreciate a quick update on this.",Product Inquiry,Low,synthetic
T03012,"Hello, Need tax invoice for order 64896. Plz respond asap.",Billing,Low,synthetic
T03013,Quick question - Repeated system downtime and unannounced maintenance windows over the past month have disrupted our operations three times. We demand an immediate explanation from management and SLA service credits.,Complaint,Critical,synthetic
T03014,Urgent: Desktop software freezing. Kindly look into this matter promptly,Technical Support,High,synthetic
T03015,Quick question - Need tax invoice for order 73318. Please advise as soon as possible.,Billing,Medium,synthetic
T03016,"Hey there, We signed up under a free trial promotional banner, yet our company credit card was billed $499.0 on day one. We expect a full reversal of this unauthorized charge and correction of our subscription tier. Urgent attention required.",Billing,Critical,synthetic
T03017,Plz help - Account locked after failed logins. Contact me via email or phone,Account,High,synthetic
T03018,"I placed order 63382 for an enterprise hardware component, but received a completely different consumer product model. Since this does not match the product specification or purchase order, I am returning the package and request a full refund including express shipping charges. Urgent attention required.",Refund,High,synthetic
T03019,"Dear customer service, I have been on hold for over 45 minutes without anyone picking up my call. This service is terrible. Urgent attention required.",Complaint,Medium,synthetic
T03020,System crash ho raha hai export click karte hi error code ERR_502 ke saath. Kindly look into this matter promptly.,Technical Support,Medium,synthetic
T03021,"FYI, Can u please send me an official VAT receipt and tax invoice for billing period Jan 2026? Plz respond asap.",Billing,Low,synthetic
T03022,"FYI, I placed order 42633 for an enterprise hardware component, but received a completely different consumer product model. Since this does not match the product specification or purchase order, I am returning the package and request a full refund including express shipping charges. Appreciate a quick update on this.",Refund,High,synthetic
T03023,The offline synchronization module fails to push local SQLite records to the cloud database when reconnecting to Wi-Fi. Data remains cached locally without throwing explicit log exceptions. Thanks for ur help!,Technical Support,Medium,synthetic
T03024,Plz help - Does product support dark mode? Urgent attention required.,Product Inquiry,Medium,synthetic
T03025,"The courier marked my parcel as delivered on the porch, but there is no package outside my house. Looking forward to hearing back.",Shipping,High,synthetic
T03026,"48 ghante se koi response nahi aaya, service bohot badhiya nahi hai. Plz advise as soon as possible.",Complaint,Medium,synthetic
T03027,Urgent: Database connection timeout,Technical Support,Critical,synthetic
T03028,Plz help - Service downtime ruined our demo. Kindly look into this matter promptly.,Complaint,Critical,synthetic
T03029,Urgent: Unannounced platform outage during business hours caused direct revenue loss for our company. Thanks for your help!,Complaint,Critical,synthetic
T03030,"FYI, Cancel subscription immediately. Kindly look into this matter promptly.",Cancellation,High,synthetic
T03031,Single Sign-On (SSO) authentication is throwing a redirect URI error for domain users. Please advise as soon as possible,Account,High,synthetic
T03032,Plz help - We are migrating to a different vendor and request complete contract termination. Urgent attention required.,Cancellation,Medium,synthetic
T03033,"Hi support team, The item arrived with broken glass and torn packaging. I demand an immediate full refund. Please advise as soon as possible.",Refund,High,synthetic
T03034,"Dear customer service, Wrong delivery address on order 46271. Kindly look into this matter promptly.",Shipping,Medium,synthetic
T03035,"Dear customer service, Our scheduled virtual event was ruined due to continuous platform outages on your side. We paid $49.0 for premium hosting and request an immediate pro-rated credit refund to our corporate account balance. Please advise as soon as possible.",Refund,Medium,synthetic
T03036,"FYI, We signed up under a free trial promotional banner, yet our company credit card was billed $249.5 on day one. We expect a full reversal of this unauthorized charge and correction of our subscription tier. Please advise as soon as possible.",Billing,Critical,synthetic
T03037,Plz help - Does the cloud storage infrastructure comply with SOC2 and HIPAA security certifications? Plz respond asap,Product Inquiry,High,synthetic
T03038,"Quick question - I checked my credit card account this morning and noticed two separate line items for $499.0 on order 51373. I only submitted the checkout form once, so one of these transactions is clearly an error. Please reverse the duplicate billing immediately. Kindly look into this matter promptly.",Billing,High,synthetic
T03039,"Hi support team, We signed up under a free trial promotional banner, yet our company credit card was billed $99.99 on day one. We expect a full reversal of this unauthorized charge and correction of our subscription tier. Urgent attention required.",Billing,Critical,synthetic
T03040,"Hi support team, We are migrating to a different vendor and request complete contract termination. Appreciate a quick update on this.",Cancellation,Medium,synthetic
T03041,Rude customer agent on call.,Complaint,Low,synthetic
T03042,"Hello, I am terminating our contract effective today because key features promised during sales onboarding remain unreleased. Please confirm cancellation of invoice 80325 and remove recorded credit card details. Thanks for your help!",Cancellation,Medium,synthetic
T03043,Quick question - Duplicate charge on statement. Kindly look into this matter promptly,Billing,Medium,synthetic
T03044,"Hello, I have been on hold for over 45 minutes without anyone picking up my call. This service is terrible. Please advise as soon as possible",Complaint,Medium,synthetic
T03045,"Hello, I have been on hold for over 45 minutes w/out anyone picking up my call. This service is terrible. Kindly look into this matter promptly.",Complaint,Medium,synthetic
T03046,"Dear customer service, Tracking not updating for order 95447. Appreciate a quick update on this.",Shipping,Low,synthetic
T03047,How do I cancel my pending order before it moves to the warehouse packing stage? Thanks for your help!,Cancellation,Low,synthetic
T03048,"Ever since updating to version 4.2 yesterday, our entire telemetry team has been unable to access the web portal. The page loads infinitely before displaying an internal server error (HTTP 500). This is blocking active customer operations. Urgent attention required.",Technical Support,Critical,synthetic
T03049,"Hello, Requesting refund for order 78790. Kindly look into this matter promptly.",Refund,Medium,synthetic
T03050,"Plz help - System cancelled my order due to stock shortage, but the money has not been refunded yet. Thanks for your help!",Refund,Medium,synthetic
T03051,"Plz help - I received an email stating my password was changed from an unknown location, but I did not initiate this. Looking forward to hearing back.",Account,Critical,synthetic
T03052,"Dear customer service, Our backend production database server at 192.168.143.217 is refusing incoming connections with error ERR_502. Urgent attention required",Technical Support,High,synthetic
T03053,Urgent: How can I change the primary administrator email address associated w/ our company portal? Urgent attention required.,Account,High,synthetic
T03054,"Dear customer service, Your representative was dismissive and unhelpful when I asked for assistance with system errors. Plz respond asap",Complaint,High,synthetic
T03055,"Hey there, Database connection timeout. Urgent attention required.",Technical Support,Critical,synthetic
T03056,"Dear customer service, I would like to cancel my monthly subscription effective before the next billing cycle. Thanks for your help!",Cancellation,Low,synthetic
T03057,Plz help - Can I update my shipping delivery address to apartment 4B before the order dispatches? Please advise as soon as possible.,Shipping,Medium,synthetic
T03058,"FYI, Support agent closed my ticket 42252 marking it resolved, even though the bug is still happening! Please advise as soon as possible.",Complaint,High,synthetic
T03059,"Hey there, The cancellation button is missing from my account billing settings page. Please cancel for me. Thanks for your help!",Cancellation,Medium,synthetic
T03060,"Hello, I am terminating our contract effective today because key features promised during sales onboarding remain unreleased. Please confirm cancellation of invoice 26138 and remove recorded credit card details. Appreciate a quick update on this.",Cancellation,Medium,synthetic
T03061,"FYI, I accidentally renewed the wrong tier subscription yesterday. Is it possible to get a refund? Thanks for your help!",Refund,Low,synthetic
T03062,"FYI, Account locked after failed logins. Plz advise as soon as possible.",Account,High,synthetic
T03063,Quick question - Tracking not updating for order 55687. Contact me via email or phone.,Shipping,Low,synthetic
T03064,Plz help - Tracking not updating for order 13323. Contact me via email or phone.,Shipping,Low,synthetic
T03065,"Hey there, I returned package for order 43132 two weeks ago but haven't seen the refund credited to my bank account. Please advise as soon as possible.",Refund,Medium,synthetic
T03066,Quick question - Please turn off automatic renewal for account 42419 so I am not charged next month. Urgent attention required.,Cancellation,Medium,synthetic
T03067,"Hi support team, I would like to cancel my monthly subscription effective before the next billing cycle. Urgent attention required.",Cancellation,Medium,synthetic
T03068,Urgent: Can u please send me an official VAT receipt and tax invoice for billing period Feb 2026? Looking forward to hearing back.,Billing,High,synthetic
T03069,"Hey there, System cancelled my order due to stock shortage, but the money has not been refunded yet.",Refund,Medium,synthetic
T03070,"Dear customer service, Our organization was charged a late fee penalty of $49.0 despite completing the wire transfer prior to the due date. Attached is our bank transaction confirmation for your accounts team to verify and credit back. Appreciate a quick update on this.",Billing,Medium,synthetic
T03071,"Plz help - Due to budget cuts in our organization, we can no longer maintain our active subscription plan. Please process account cancellation immediately and send written confirmation that auto-renew has been disabled.",Cancellation,High,synthetic
T03072,"FYI, I paid my monthly invoice yesterday, but the account dashboard still shows payment pending. Appreciate a quick update on this",Billing,Medium,synthetic
T03073,"Hi support team, Forgot password link expired. Thanks for your help!",Account,Low,synthetic
T03074,Can you please send me an official VAT receipt and tax invoice for billing period Feb 2026? Kindly look into this matter promptly.,Billing,Low,synthetic
T03075,"Dear customer service, Our team administrator suddenly lost access to the master workspace account after enabling SAML 2.0 SSO. The login screen loops indefinitely between the identity provider and portal w/out authenticating. We need urgent admin intervention. Kindly look into this matter promptly",Account,Critical,synthetic
T03076,"FYI, Can I request a live demo session with a product specialist for model PRO-486? Please advise as soon as possible.",Product Inquiry,Medium,synthetic
T03077,Plz help - Charged twice for order 16310. Looking forward to hearing back.,Billing,Medium,synthetic
T03078,"Hi support team, How can I change the primary administrator email address associated with our company portal? Looking forward to hearing back.",Account,Low,synthetic
T03079,"Wrong item delivered, money back. Looking forward to hearing back.",Refund,Medium,synthetic
T03080,"Dear customer service, I paid extra for guaranteed next-day air shipping on order 69103 because of an urgent event. It has now been 4 days and the tracking status shows the package is still sitting at the local distribution facility. Please expedite delivery or refund express fees. Thanks for your help!",Shipping,High,synthetic
T03081,Plz help - Turn off auto-renewal. Urgent attention required.,Cancellation,Medium,synthetic
T03082,"Urgent: We signed up under a free trial promotional banner, yet our company credit card was billed $99.99 on day one. We expect a full reversal of this unauthorized charge and correction of our subscription tier. Please advise as soon as possible",Billing,Critical,synthetic
T03083,"Hello, Wrong item delivered, money back. Looking forward to hearing back.",Refund,Medium,synthetic
T03084,Urgent: How can I change the primary administrator email address associated with our company portal? Kindly look into this matter promptly.,Account,High,synthetic
T03085,Plz help - Unannounced platform outage during business hours caused direct revenue loss for our company. Appreciate a quick update on this.,Complaint,Critical,synthetic
T03086,Is macOS Sequoia supported? Plz respond asap.,Product Inquiry,Low,synthetic
T03087,"Plz help - We are currently evaluating software solutions for a 300-person engineering team. Could you provide a comprehensive comparison document outlining feature differences between the Professional and Enterprise plans, along with volume discount schedules? Kindly look into this matter promptly.",Product Inquiry,Low,synthetic
T03088,"Dear customer service, Router blinking red, internet down. Urgent attention required",Technical Support,High,synthetic
T03089,"FYI, Close my account",Cancellation,Medium,synthetic
T03090,Plz help - Close my account. Contact me via email or phone.,Cancellation,Medium,synthetic
T03091,Account locked after failed logins. Kindly look into this matter promptly.,Account,High,synthetic
T03092,Password reset link kaam nahi kar raha. Appreciate a quick update on this.,Account,Low,synthetic
T03093,"FYI, I am requesting complete account closure and permanent deletion of all personal stored data from ur servers in compliance with privacy regulations. Kindly look into this matter promptly.",Account,Medium,synthetic
T03094,"Dear customer service, Please turn off automatic renewal for account 12515 so I am not charged next month. Kindly look into this matter promptly.",Cancellation,Low,synthetic
T03095,"Quick question - I paid my monthly invoice yesterday, but the account dashboard still shows payment pending. Contact me via email or phone.",Billing,Medium,synthetic
T03096,"Plz help - I received an email stating my password was changed from an unknown location, but I did not initiate this. Appreciate a quick update on this.",Account,Critical,synthetic
T03097,"FYI, Why am I seeing two charges for the same order 66585 on my bank app? Looking forward to hearing back.",Billing,Medium,synthetic
T03098,Payment failed but money deducted. Thanks for your help!,Billing,High,synthetic
T03099,Quick question - Please turn off automatic renewal for account 23534 so I am not charged next month. Plz respond asap,Cancellation,High,synthetic
T03100,Plz help - Does the cloud storage infrastructure comply with SOC2 and HIPAA security certifications? Thanks for your help!,Product Inquiry,Medium,synthetic
T03101,"Urgent: Damaged product, refund needed. Please advise as soon as possible.",Refund,High,synthetic
T03102,Plz help - Desktop software freezing. Plz advise as soon as possible.,Technical Support,Medium,synthetic
T03103,"Dear customer service, Can you please send me an official VAT receipt and tax invoice for billing period Q1 2026? Please advise as soon as possible.",Billing,Medium,synthetic
T03104,Urgent: I am requesting complete account closure and permanent deletion of all personal stored data from your servers in compliance with privacy regulations. Contact me via email or phone.,Account,High,synthetic
T03105,"Hello, The offline synchronization module fails to push local SQLite records to the cloud database when reconnecting to Wi-Fi. Data remains cached locally without throwing explicit log exceptions. Contact me via email or phone.",Technical Support,Medium,synthetic
T03106,Urgent: Need tax invoice for order 44816. Plz respond asap.,Billing,High,synthetic
T03107,"Dear customer service, Why am I not receiving the SMS two-factor authentication verification code on my registered mobile number? Looking forward to hearing back.",Account,Medium,synthetic
T03108,"Hey there, Tracking not updating for order 26548. Kindly look into this matter promptly.",Shipping,Low,synthetic
T03109,"Hey there, Server error 500 on submit.",Technical Support,Critical,synthetic
T03110,Plz help - Please help unlock my account after entering wrong password three times. Please advise as soon as possible,Account,Medium,synthetic
T03111,Quick question - Requesting refund for order 69562. Looking forward to hearing back.,Refund,Medium,synthetic
T03112,Urgent: Tracking not updating for order 62488. Urgent attention required,Shipping,High,synthetic
T03113,"Dear customer service, Forgot password link expired.",Account,Low,synthetic
T03114,"FYI, Cannot log into account. Appreciate a quick update on this",Account,High,synthetic
T03115,"Quick question - We are currently evaluating software solutions for a 300-person engineering team. Could you provide a comprehensive comparison document outlining feature differences between the Professional and Enterprise plans, along with volume discount schedules? Looking forward to hearing back.",Product Inquiry,Low,synthetic
T03116,Quick question - Our backend production database server at 192.168.3.120 is refusing incoming connections with error AUTH_DENIED. Plz respond asap.,Technical Support,Critical,synthetic
T03117,"Hey there, Ever since updating to version 4.2 yesterday, our entire telemetry team has been unable to access the web portal. The page loads infinitely before displaying an internal server error (HTTP 500). This is blocking active customer operations. Plz respond asap.",Technical Support,Critical,synthetic
T03118,"Dear customer service, Does the cloud storage infrastructure comply with SOC2 and HIPAA security certifications?",Product Inquiry,Medium,synthetic
T03119,Plz help - Can I request a live demo session with a product specialist for model PRO-970? Contact me via email or phone.,Product Inquiry,Low,synthetic
T03120,My parcel box arrived completely crushed with contents damaged during transport. Thanks for your help!,Shipping,High,synthetic
T03121,"Hello, Please help unlock my account after entering wrong password three times.",Account,Low,synthetic
T03122,Our organization was charged a late fee penalty of $149.0 despite completing the wire transfer prior to the due date. Attached is our bank transaction confirmation for your accounts team to verify and credit back. Kindly look into this matter promptly.,Billing,Medium,synthetic
T03123,"Dear customer service, Turn off auto-renewal. Looking forward to hearing back.",Cancellation,Low,synthetic
T03124,Plz help - Unannounced platform outage during business hours caused direct revenue loss for our company. Urgent attention required.,Complaint,Critical,synthetic
T03125,"FYI, No reply to urgent ticket for 48 hours despite paying for 24/7 premium support SLA. Appreciate a quick update on this.",Complaint,High,synthetic
T03126,"We are observing consistent memory leaks in the background daemon process on node 192.168.91.68. Memory utilization climbs to 99% within two hours of service start, eventually forcing a kernel panic and abrupt system reboot. Thanks for your help!",Technical Support,Critical,synthetic
T03127,Quick question - I returned package for order 87505 two weeks ago but haven't seen the refund credited to my bank account. Contact me via email or phone.,Refund,Medium,synthetic
T03128,Quick question - Ticket closed without resolution. Thanks for your help!,Complaint,Medium,synthetic
T03129,"Dear customer service, Does product support dark mode? Contact me via email or phone.",Product Inquiry,Low,synthetic
T03130,"Hey there, Bulk license pricing details? Urgent attention required.",Product Inquiry,Medium,synthetic
T03131,Urgent: Bulk license pricing details? Urgent attention required.,Product Inquiry,High,synthetic
T03132,"Dear customer service, The offline synchronization module fails to push local SQLite records to the cloud database when reconnecting to Wi-Fi. Data remains cached locally without throwing explicit log exceptions. Please advise as soon as possible.",Technical Support,Medium,synthetic
T03133,"Dear customer service, Could you tell me if your platform supports SAML 2.0 Single Sign-On for enterprise users? Please advise as soon as possible",Product Inquiry,Medium,synthetic
T03134,"Dear customer service, Service downtime ruined our demo. Appreciate a quick update on this.",Complaint,Critical,synthetic
T03135,"Dear customer service, Our organization was charged a late fee penalty of $99.99 despite completing the wire transfer prior to the due date. Attached is our bank transaction confirmation for your accounts team to verify and credit back. Contact me via email or phone.",Billing,Medium,synthetic
T03136,"FYI, VPN connection repeatedly drops every few minutes when connected to office network. Appreciate a quick update on this.",Technical Support,High,synthetic
T03137,"Dear customer service, We signed up under a free trial promotional banner, yet our company credit card was billed $149.0 on day one. We expect a full reversal of this unauthorized charge and correction of our subscription tier. Kindly look into this matter promptly.",Billing,Critical,synthetic
T03138,"Hey there, No reply to urgent ticket for 48 hours despite paying for 24/7 premium support SLA.",Complaint,High,synthetic
T03139,Quick question - Turn off auto-renewal. Plz respond asap.,Cancellation,Low,synthetic
T03140,Urgent: Rude customer agent on call. Thanks for ur help!,Complaint,High,synthetic
T03141,"Plz help - Does your REST API support webhook event subscriptions for real-time order status updates, and where can we access the OpenAPI / Swagger documentation for testing? Thanks for your help!",Product Inquiry,Low,synthetic
T03142,"Hi support team, The offline synchronization module fails to push local SQLite records to the cloud database when reconnecting to Wi-Fi. Data remains cached locally without throwing explicit log exceptions. Please advise as soon as possible.",Technical Support,Medium,synthetic
T03143,"Dear customer service, Requesting refund for order 39627. Contact me via email or phone.",Refund,Medium,synthetic
T03144,"FYI, System cancelled my order due to stock shortage, but the money has not been refunded yet. Please advise as soon as possible.",Refund,Medium,synthetic
T03145,"Hi support team, Where to find user documentation? Urgent attention required.",Product Inquiry,Medium,synthetic
T03146,"Hi support team, 2FA code not received. Urgent attention required.",Account,Medium,synthetic
T03147,"Hello, I was billed $499.0 this month, but my plan is supposed to be $29.99.",Billing,Medium,synthetic
T03148,Payment failed but money deducted. Please advise as soon as possible.,Billing,High,synthetic
T03149,"Hello, Tracking not updating for order 94800. Please advise as soon as possible.",Shipping,Medium,synthetic
T03150,My parcel box arrived completely crushed with contents damaged during transport. Appreciate a quick update on this.,Shipping,High,synthetic
T03151,"Plz help - Support agent closed my ticket 63245 marking it resolved, even though the bug is still happening! Plz respond asap.",Complaint,High,synthetic
T03152,"Hey there, Our organization was charged a late fee penalty of $19.99 despite completing the wire transfer prior to the due date. Attached is our bank transaction confirmation for your accounts team to verify and credit back. Thanks for your help!",Billing,Medium,synthetic
T03153,Plz help - Could you tell me if your platform supports SAML 2.0 Single Sign-On for enterprise users? Appreciate a quick update on this.,Product Inquiry,Low,synthetic
T03154,Quick question - Where is my parcel? Contact me via email or phone.,Shipping,Low,synthetic
T03155,"Dear customer service, Charged twice for order 12979. Contact me via email or phone.",Billing,Medium,synthetic
T03156,"Hey there, Wrong delivery address on order 14933. Appreciate a quick update on this.",Shipping,Medium,synthetic
T03157,"Dear customer service, Where is my parcel? Urgent attention required.",Shipping,Medium,synthetic
T03158,"Hi support team, We signed up under a free trial promotional banner, yet our company credit card was billed $249.5 on day one. We expect a full reversal of this unauthorized charge and correction of our subscription tier. Looking forward to hearing back.",Billing,Critical,synthetic
T03159,Why am I not receiving the SMS two-factor authentication verification code on my registered mobile number? Urgent attention required.,Account,Medium,synthetic
T03160,"Dear customer service, Where is my parcel? Kindly look into this matter promptly.",Shipping,Low,synthetic
T03161,"Hey there, I accidentally renewed the wrong tier subscription yesterday. Is it possible to get a refund? Appreciate a quick update on this",Refund,Low,synthetic
T03162,"Hello, Our team administrator suddenly lost access to the master workspace account after enabling SAML 2.0 SSO. The login screen loops indefinitely between the identity provider and portal without authenticating. We need urgent admin intervention. Appreciate a quick update on this",Account,Critical,synthetic
T03163,Urgent: Need tax invoice for order 36117. Appreciate a quick update on this.,Billing,High,synthetic
T03164,"FYI, Double billing issue. Thanks for ur help!",Billing,Medium,synthetic
T03165,"Hi support team, System cancelled my order due to stock shortage, but the money has not been refunded yet. Appreciate a quick update on this.",Refund,Medium,synthetic
T03166,"Urgent: I paid my monthly invoice yesterday, but the account dashboard still shows payment pending. Thanks for your help!",Billing,High,synthetic
T03167,"Hi support team, Page loading times have degraded significantly after the latest patch, causing request timeouts. Kindly look into this matter promptly",Technical Support,Medium,synthetic
T03168,"Hi support team, Server error 500 on submit. Plz respond asap.",Technical Support,Critical,synthetic
T03169,"FYI, We are currently evaluating software solutions for a 300-person engineering team. Could u provide a comprehensive comparison document outlining feature differences between the Professional and Enterprise plans, along with volume discount schedules? Kindly look into this matter promptly.",Product Inquiry,Low,synthetic
T03170,Next month billing se pehle mera plan cancel kar do please. Urgent attention required,Cancellation,High,synthetic
T03171,Cancel subscription immediately. Urgent attention required.,Cancellation,High,synthetic
T03172,"Dear customer service, Package marked delivered but missing. Kindly look into this matter promptly.",Shipping,Critical,synthetic
T03173,"FYI, We are migrating to a different vendor and request complete contract termination. Looking forward to hearing back.",Cancellation,Medium,synthetic
T03174,Where is my parcel? Looking forward to hearing back,Shipping,Low,synthetic
T03175,Tracking not updating for order 99679. Contact me via email or phone.,Shipping,Low,synthetic
T03176,"Hey there, I have been on hold for over 45 minutes without anyone picking up my call. This service is terrible. Please advise as soon as possible.",Complaint,Medium,synthetic
T03177,"FYI, The courier marked my parcel as delivered on the porch, but there is no package outside my house. Thanks for your help!",Shipping,High,synthetic
T03178,"Hey there, The delivery driver left our electronic equipment package in heavy rain outside the warehouse gate without ringing the bell or getting a signature. Water soaked through the box. Appreciate a quick update on this.",Shipping,High,synthetic
T03179,"Hey there, Your representative was dismissive and unhelpful when I asked for assistance with system errors.",Complaint,Low,synthetic
T03180,"Hello, Cannot log into account. Looking forward to hearing back.",Account,High,synthetic
T03181,Plan cancellation request. Thanks for your help!,Cancellation,Low,synthetic
T03182,"Hello, Our organization was charged a late fee penalty of $99.99 despite completing the wire transfer prior to the due date. Attached is our bank transaction confirmation for your accounts team to verify and credit back. Plz respond asap.",Billing,Medium,synthetic
T03183,"Hi support team, The courier marked my parcel as delivered on the porch, but there is no package outside my house. Urgent attention required",Shipping,High,synthetic
T03184,"Hey there, Damaged product, refund needed. Looking forward to hearing back.",Refund,Medium,synthetic
T03185,"Hey there, Please turn off automatic renewal for account 69233 so I am not charged next month. Please advise as soon as possible.",Cancellation,Medium,synthetic
T03186,Worst support experience ever. Kindly look into this matter promptly.,Complaint,Low,synthetic
T03187,"Hey there, Could you tell me if your platform supports SAML 2.0 Single Sign-On for enterprise users? Appreciate a quick update on this.",Product Inquiry,Low,synthetic
T03188,Urgent: Can I update my shipping delivery address to apartment 4B before the order dispatches? Appreciate a quick update on this.,Shipping,High,synthetic
T03189,"Hi support team, I have been on hold for over 45 minutes without anyone picking up my call. This service is terrible. Looking forward to hearing back.",Complaint,Medium,synthetic
T03190,"Dear customer service, No reply to urgent ticket for 48 hours despite paying for 24/7 premium support SLA. Thanks for your help!",Complaint,High,synthetic
T03191,"Hi support team, Unrecognized login notification received. Urgent attention required",Account,Critical,synthetic
T03192,"FYI, Your representative was dismissive and unhelpful when I asked for assistance with system errors. Thanks for your help!",Complaint,Low,synthetic
T03193,Plz help - My parcel box arrived completely crushed with contents damaged during transport. Looking forward to hearing back,Shipping,High,synthetic
T03194,Quick question - My parcel box arrived completely crushed with contents damaged during transport. Thanks for your help!,Shipping,High,synthetic
T03195,"FYI, We are observing consistent memory leaks in the background daemon process on node 192.168.193.65. Memory utilization climbs to 99% within two hours of service start, eventually forcing a kernel panic and abrupt system reboot. Urgent attention required.",Technical Support,Critical,synthetic
T03196,"Hey there, Service downtime ruined our demo. Kindly look into this matter promptly.",Complaint,Critical,synthetic
T03197,Tracking number 45036 has been stuck in transit at the hub for over 6 days without progress. Urgent attention required.,Shipping,Medium,synthetic
T03198,"FYI, VPN connection repeatedly drops every few minutes when connected to office network. Thanks for ur help!",Technical Support,High,synthetic
T03199,"Plz help - We are currently evaluating software solutions for a 300-person engineering team. Could u provide a comprehensive comparison document outlining feature differences between the Professional and Enterprise plans, along with volume discount schedules? Contact me via email or phone.",Product Inquiry,Low,synthetic
T03200,"Hi support team, I returned package for order 55738 two weeks ago but haven't seen the refund credited to my bank account. Appreciate a quick update on this.",Refund,Medium,synthetic
T03201,Urgent: VPN connection repeatedly drops every few minutes when connected to office network.,Technical Support,High,synthetic
T03202,"FYI, Can I request a live demo session with a product specialist for model PRO-945?",Product Inquiry,Low,synthetic
T03203,"Dear customer service, 2FA code not received. Please advise as soon as possible.",Account,Medium,synthetic
T03204,Urgent: Does the cloud storage infrastructure comply with SOC2 and HIPAA security certifications? Please advise as soon as possible.,Product Inquiry,High,synthetic
T03205,API documentation link chahiye,Product Inquiry,Low,synthetic
T03206,Urgent: The cancellation button is missing from my account billing settings page. Please cancel for me. Plz respond asap,Cancellation,High,synthetic
T03207,Desktop software freezing. Urgent attention required.,Technical Support,Medium,synthetic
T03208,"Hi support team, Tracking not updating for order 87017. Please advise as soon as possible.",Shipping,Medium,synthetic
T03209,"Plz help - Ever since updating to version 4.2 yesterday, our entire telemetry team has been unable to access the web portal. The page loads infinitely before displaying an internal server error (HTTP 500). This is blocking active customer operations. Kindly look into this matter promptly.",Technical Support,Critical,synthetic
T03210,"Due to budget cuts in our organization, we can no longer maintain our active subscription plan. Please process account cancellation immediately and send written confirmation that auto-renew has been disabled. Please advise as soon as possible.",Cancellation,High,synthetic
T03211,"Hey there, What are the minimum hardware and RAM requirements for running the server software on Linux? Kindly look into this matter promptly.",Product Inquiry,Low,synthetic
T03212,"Hey there, Plz turn off automatic renewal for account 89369 so I am not charged next month. Thanks for your help!",Cancellation,Low,synthetic
T03213,"Hey there, The offline synchronization module fails to push local SQLite records to the cloud database when reconnecting to Wi-Fi. Data remains cached locally without throwing explicit log exceptions. Please advise as soon as possible",Technical Support,Medium,synthetic
T03214,Urgent: I paid extra for guaranteed next-day air shipping on order 28338 because of an urgent event. It has now been 4 days and the tracking status shows the package is still sitting at the local distribution facility. Plz expedite delivery or refund express fees. Urgent attention required.,Shipping,High,synthetic
T03215,Close my account.,Cancellation,Medium,synthetic
T03216,Quick question - Our backend production database server at 192.168.190.103 is refusing incoming connections with error SOCKET_TIMEOUT. Urgent attention required.,Technical Support,Critical,synthetic
T03217,Quick question - VPN connection repeatedly drops every few minutes when connected to office network.,Technical Support,High,synthetic
T03218,Urgent: Desktop software freezing.,Technical Support,High,synthetic
T03219,Quick question - I am terminating our contract effective today because key features promised during sales onboarding remain unreleased. Please confirm cancellation of invoice 57196 and remove recorded credit card details. Kindly look into this matter promptly.,Cancellation,Medium,synthetic
T03220,Wrong delivery address on order 43478. Appreciate a quick update on this.,Shipping,Medium,synthetic
T03221,Refund process nahi hua abhi tak. Thanks for ur help!,Refund,Medium,synthetic
T03222,"FYI, Rude customer agent on call. Please advise as soon as possible.",Complaint,Medium,synthetic
T03223,Delivery kab tak aayegi? Urgent attention required.,Shipping,Medium,synthetic
T03224,"Urgent: We are currently evaluating software solutions for a 300-person engineering team. Could you provide a comprehensive comparison document outlining feature differences between the Professional and Enterprise plans, along with volume discount schedules? Looking forward to hearing back.",Product Inquiry,High,synthetic
T03225,"Hey there, Account locked after failed logins. Looking forward to hearing back.",Account,High,synthetic
T03226,"Hi support team, Forgot password link expired. Kindly look into this matter promptly.",Account,Low,synthetic
T03227,Pakka refund kab tak milega order 24379 ka? Urgent attention required.,Refund,Medium,synthetic
T03228,Quick question - My parcel box arrived completely crushed with contents damaged during transport. Urgent attention required,Shipping,High,synthetic
T03229,"Plz help - I paid my monthly invoice yesterday, but the account dashboard still shows payment pending.",Billing,Medium,synthetic
T03230,"Hello, Database connection timeout. Please advise as soon as possible.",Technical Support,Critical,synthetic
T03231,I paid extra for guaranteed next-day air shipping on order 80968 because of an urgent event. It has now been 4 days and the tracking status shows the package is still sitting at the local distribution facility. Please expedite delivery or refund express fees. Please advise as soon as possible.,Shipping,High,synthetic
T03232,Plz help - Account locked after failed logins. Urgent attention required.,Account,High,synthetic
T03233,"Hello, We signed up under a free trial promotional banner, yet our company credit card was billed $19.99 on day one. We expect a full reversal of this unauthorized charge and correction of our subscription tier. Plz respond asap",Billing,Critical,synthetic
T03234,"Dear customer service, We are observing consistent memory leaks in the background daemon process on node 192.168.40.138. Memory utilization climbs to 99% within two hours of service start, eventually forcing a kernel panic and abrupt system reboot. Looking forward to hearing back.",Technical Support,Critical,synthetic
T03235,"FYI, Please help unlock my account after entering wrong password three times.",Account,Low,synthetic
T03236,"Hey there, Tracking number 15161 has been stuck in transit at the hub for over 6 days without progress. Appreciate a quick update on this.",Shipping,Medium,synthetic
T03237,"Plz help - Wrong item delivered, money back. Please advise as soon as possible.",Refund,Medium,synthetic
T03238,"FYI, VPN connection repeatedly drops every few minutes when connected to office network. Urgent attention required.",Technical Support,High,synthetic
T03239,"Dear customer service, Our team administrator suddenly lost access to the master workspace account after enabling SAML 2.0 SSO. The login screen loops indefinitely between the identity provider and portal without authenticating. We need urgent admin intervention. Plz respond asap.",Account,Critical,synthetic
T03240,"Hi support team, We are observing consistent memory leaks in the background daemon process on node 192.168.119.8. Memory utilization climbs to 99% w/in two hours of service start, eventually forcing a kernel panic and abrupt system reboot. Looking forward to hearing back.",Technical Support,Critical,synthetic
T03241,"Dear customer service, I accidentally renewed the wrong tier subscription yesterday. Is it possible to get a refund? Kindly look into this matter promptly.",Refund,Low,synthetic
T03242,"Dear customer service, No reply to urgent ticket for 48 hours despite paying for 24/7 premium support SLA. Appreciate a quick update on this.",Complaint,High,synthetic
T03243,"Hi support team, Could u tell me if your platform supports SAML 2.0 Single Sign-On for enterprise users? Urgent attention required.",Product Inquiry,Medium,synthetic
T03244,"Hello, Package marked delivered but missing. Contact me via email or phone.",Shipping,Critical,synthetic
T03245,"FYI, Can I update my shipping delivery address to apartment 4B before the order dispatches? Plz respond asap.",Shipping,Medium,synthetic
T03246,"Dear customer service, Server error 500 on submit. Looking forward to hearing back.",Technical Support,Critical,synthetic
T03247,"Hello, Rude customer agent on call.",Complaint,Low,synthetic
T03248,"FYI, Is macOS Sequoia supported? Appreciate a quick update on this.",Product Inquiry,Low,synthetic
T03249,"Hi support team, I received an email stating my password was changed from an unknown location, but I did not initiate this. Contact me via email or phone.",Account,Critical,synthetic
T03250,"Hello, We are migrating to a different vendor and request complete contract termination. Kindly look into this matter promptly.",Cancellation,Medium,synthetic
T03251,"Hey there, Where is my pending refund? Appreciate a quick update on this.",Refund,Medium,synthetic
T03252,Plz help - Ticket closed without resolution. Thanks for your help!,Complaint,Medium,synthetic
T03253,"Hi support team, Support agent closed my ticket 43244 marking it resolved, even though the bug is still happening! Plz respond asap.",Complaint,High,synthetic
T03254,"Hi support team, How can I change the primary administrator email address associated with our company portal? Please advise as soon as possible.",Account,Medium,synthetic
T03255,Plz help - Worst support experience ever. Contact me via email or phone.,Complaint,Low,synthetic
T03256,"Hey there, Forgot password link expired. Thanks for your help!",Account,Low,synthetic
T03257,"Dear customer service, Could you tell me if your platform supports SAML 2.0 Single Sign-On for enterprise users? Kindly look into this matter promptly.",Product Inquiry,Low,synthetic
T03258,"I was billed $49.0 this month, but my plan is supposed to be $29.99. Plz respond asap.",Billing,Medium,synthetic
T03259,Plz help - Can I request a live demo session w/ a product specialist for model PRO-506? Urgent attention required.,Product Inquiry,Medium,synthetic
T03260,"Hi support team, Where to find user documentation? Appreciate a quick update on this.",Product Inquiry,Low,synthetic
T03261,Plz help - Worst support experience ever. Please advise as soon as possible.,Complaint,Medium,synthetic
T03262,"Hi support team, I accidentally renewed the wrong tier subscription yesterday. Is it possible to get a refund? Thanks for ur help!",Refund,Low,synthetic
T03263,"FYI, The item arrived with broken glass and torn packaging. I demand an immediate full refund. Thanks for your help!",Refund,High,synthetic
T03264,"Hello, Please turn off automatic renewal for account 86928 so I am not charged next month. Kindly look into this matter promptly",Cancellation,Low,synthetic
T03265,Database connection timeout.,Technical Support,Critical,synthetic
T03266,Urgent: Database connection timeout. Looking forward to hearing back.,Technical Support,Critical,synthetic
T03267,There is an unrecognized charge of $49.0 on my credit card statement. Thanks for your help!,Billing,Critical,synthetic
T03268,"Hello, I would like to cancel my monthly subscription effective before the next billing cycle. Kindly look into this matter promptly",Cancellation,Low,synthetic
T03269,Urgent: Can someone help resolve the DLL loading error on Windows 11 when starting the client application? Urgent attention required.,Technical Support,High,synthetic
T03270,"Hi support team, VPN connection repeatedly drops every few minutes when connected to office network. Contact me via email or phone.",Technical Support,High,synthetic
T03271,"Dear customer service, Duplicate charge on statement. Urgent attention required.",Billing,Medium,synthetic
T03272,"FYI, The offline synchronization module fails to push local SQLite records to the cloud database when reconnecting to Wi-Fi. Data remains cached locally without throwing explicit log exceptions. Appreciate a quick update on this.",Technical Support,Medium,synthetic
T03273,Urgent: The cancellation button is missing from my account billing settings page. Please cancel for me. Looking forward to hearing back,Cancellation,High,synthetic
T03274,I am requesting complete account closure and permanent deletion of all personal stored data from your servers in compliance with privacy regulations. Contact me via email or phone.,Account,Medium,synthetic
T03275,"Hello, I returned package for order 58222 two weeks ago but haven't seen the refund credited to my bank account. Thanks for your help!",Refund,Medium,synthetic
T03276,"FYI, I placed order 12593 for an enterprise hardware component, but received a completely different consumer product model. Since this does not match the product specification or purchase order, I am returning the package and request a full refund including express shipping charges. Kindly look into this matter promptly.",Refund,High,synthetic
T03277,"Hello, My parcel box arrived completely crushed with contents damaged during transport. Kindly look into this matter promptly.",Shipping,High,synthetic
T03278,Plz help - Cannot log into account. Appreciate a quick update on this.,Account,High,synthetic
T03279,"FYI, There is an unrecognized charge of $49.0 on my credit card statement. Contact me via email or phone.",Billing,Critical,synthetic
T03280,"Plz help - Support agent closed my ticket 61306 marking it resolved, even though the bug is still happening! Thanks for your help!",Complaint,High,synthetic
T03281,"Quick question - Page loading times have degraded significantly after the latest patch, causing request timeouts. Contact me via email or phone.",Technical Support,Medium,synthetic
T03282,"Dear customer service, Router blinking red, internet down. Please advise as soon as possible.",Technical Support,High,synthetic
T03283,"Hi support team, I paid extra for guaranteed next-day air shipping on order 29225 because of an urgent event. It has now been 4 days and the tracking status shows the package is still sitting at the local distribution facility. Please expedite delivery or refund express fees. Looking forward to hearing back.",Shipping,High,synthetic
T03284,Plz help - How can I change the primary administrator email address associated with our company portal? Looking forward to hearing back.,Account,Low,synthetic
T03285,Urgent: Bulk license pricing details? Urgent attention required,Product Inquiry,High,synthetic
T03286,"Urgent: I paid my monthly invoice yesterday, but the account dashboard still shows payment pending. Contact me via email or phone.",Billing,High,synthetic
T03287,"Hi support team, I returned package for order 59729 two weeks ago but haven't seen the refund credited to my bank account.",Refund,Medium,synthetic
T03288,Where is my pending refund? Please advise as soon as possible.,Refund,Medium,synthetic
T03289,"Hello, Can you please send me an official VAT receipt and tax invoice for billing period Jan 2026? Please advise as soon as possible",Billing,Medium,synthetic
T03290,Quick question - I paid extra for guaranteed next-day air shipping on order 60371 because of an urgent event. It has now been 4 days and the tracking status shows the package is still sitting at the local distribution facility. Please expedite delivery or refund express fees. Kindly look into this matter promptly.,Shipping,High,synthetic
T03291,"Hi support team, How can I change the primary administrator email address associated with our company portal? Kindly look into this matter promptly.",Account,Low,synthetic
T03292,"Does your REST API support webhook event subscriptions for real-time order status updates, and where can we access the OpenAPI / Swagger documentation for testing? Plz respond asap.",Product Inquiry,Low,synthetic
T03293,"FYI, Does your REST API support webhook event subscriptions for real-time order status updates, and where can we access the OpenAPI / Swagger documentation for testing? Kindly look into this matter promptly.",Product Inquiry,Low,synthetic
T03294,"Hi support team, Router blinking red, internet down. Kindly look into this matter promptly.",Technical Support,High,synthetic
T03295,"Hey there, No reply to urgent ticket for 48 hours despite paying for 24/7 premium support SLA. Appreciate a quick update on this.",Complaint,High,synthetic
T03296,"Does your REST API support webhook event subscriptions for real-time order status updates, and where can we access the OpenAPI / Swagger documentation for testing? Please advise as soon as possible",Product Inquiry,Medium,synthetic
T03297,"Dear customer service, System cancelled my order due to stock shortage, but the money has not been refunded yet. Thanks for your help!",Refund,Medium,synthetic
T03298,"Hello, Tracking link shows package held at border customs clearance depot. Plz advise as soon as possible.",Shipping,Medium,synthetic
T03299,Pakka refund kab tak milega order 10833 ka? Contact me via email or phone.,Refund,Medium,synthetic
T03300,"Urgent: Page loading times have degraded significantly after the latest patch, causing request timeouts. Appreciate a quick update on this.",Technical Support,High,synthetic
T03301,I returned package for order 25789 two weeks ago but haven't seen the refund credited to my bank account. Appreciate a quick update on this,Refund,Medium,synthetic
T03302,"Hi support team, Server error 500 on submit. Urgent attention required.",Technical Support,Critical,synthetic
T03303,"Urgent: Damaged product, refund needed. Kindly look into this matter promptly.",Refund,High,synthetic
T03304,"Hey there, Tracking link shows package held at border customs clearance depot. Appreciate a quick update on this.",Shipping,Low,synthetic
T03305,"Urgent: I received an email stating my password was changed from an unknown location, but I did not initiate this. Contact me via email or phone.",Account,High,synthetic
T03306,"Hey there, We are migrating to a different vendor and request complete contract termination. Plz respond asap.",Cancellation,Medium,synthetic
T03307,"Dear customer service, Can I update my shipping delivery address to apartment 4B before the order dispatches? Appreciate a quick update on this.",Shipping,Medium,synthetic
T03308,Quick question - Our organization was charged a late fee penalty of $19.99 despite completing the wire transfer prior to the due date. Attached is our bank transaction confirmation for your accounts team to verify and credit back.,Billing,Medium,synthetic
T03309,"FYI, Router blinking red, internet down. Thanks for your help!",Technical Support,High,synthetic
T03310,"Dear customer service, Ever since updating to version 4.2 yesterday, our entire telemetry team has been unable to access the web portal. The page loads infinitely before displaying an internal server error (HTTP 500). This is blocking active customer operations. Thanks for your help!",Technical Support,Critical,synthetic
T03311,"Hey there, Tracking not updating for order 24637. Looking forward to hearing back.",Shipping,Low,synthetic
T03312,"Quick question - Damaged product, refund needed. Plz advise as soon as possible.",Refund,Medium,synthetic
T03313,Quick question - Repeated system downtime and unannounced maintenance windows over the past month have disrupted our operations three times. We demand an immediate explanation from management and SLA service credits. Contact me via email or phone.,Complaint,Critical,synthetic
T03314,"Dear customer service, Bulk license pricing details? Thanks for your help!",Product Inquiry,Low,synthetic
T03315,Plz help - Cancel subscription immediately. Looking forward to hearing back.,Cancellation,High,synthetic
T03316,"Hello, I placed order 93634 for an enterprise hardware component, but received a completely different consumer product model. Since this does not match the product specification or purchase order, I am returning the package and request a full refund including express shipping charges. Please advise as soon as possible.",Refund,High,synthetic
T03317,"Hi support team, What are the minimum hardware and RAM requirements for running the server software on Linux? Urgent attention required.",Product Inquiry,Medium,synthetic
T03318,"Hey there, Plz help unlock my account after entering wrong password three times.",Account,Low,synthetic
T03319,"Hello, How can I change the primary administrator email address associated with our company portal? Looking forward to hearing back.",Account,Low,synthetic
T03320,There is an unrecognized charge of $49.0 on my credit card statement. Contact me via email or phone.,Billing,Critical,synthetic
T03321,Kripya invoice receipt email ID par bhej dijiye. Thanks for your help!,Billing,Low,synthetic
T03322,Where to find user documentation? Contact me via email or phone.,Product Inquiry,Low,synthetic
T03323,Plz help - Our organization was charged a late fee penalty of $149.0 despite completing the wire transfer prior to the due date. Attached is our bank transaction confirmation for your accounts team to verify and credit back. Thanks for your help!,Billing,Medium,synthetic
T03324,"Dear customer service, VPN connection repeatedly drops every few minutes when connected to office network.",Technical Support,High,synthetic
T03325,Quick question - Do you offer non-profit or educational discounts for team subscription accounts? Contact me via email or phone.,Product Inquiry,Low,synthetic
T03326,"Mera admin account locked ho gaya hai, please reset karein. Please advise as soon as possible",Account,Medium,synthetic
T03327,Quick question - Desktop software freezing. Contact me via email or phone.,Technical Support,Medium,synthetic
T03328,Urgent: I accidentally renewed the wrong tier subscription yesterday. Is it possible to get a refund? Contact me via email or phone.,Refund,High,synthetic
T03329,"Quick question - Router blinking red, internet down. Appreciate a quick update on this.",Technical Support,High,synthetic
T03330,"FYI, I placed order 63787 for an enterprise hardware component, but received a completely different consumer product model. Since this doesnt match the product specification or purchase order, I am returning the package and request a full refund including express shipping charges. Appreciate a quick update on this",Refund,High,synthetic
T03331,"Dear customer service, I was billed $49.0 this month, but my plan is supposed to be $79.99. Looking forward to hearing back.",Billing,Medium,synthetic
T03332,Urgent: Cancel subscription immediately. Appreciate a quick update on this,Cancellation,High,synthetic
T03333,"Hi support team, I returned package for order 44339 two weeks ago but haven't seen the refund credited to my bank account.",Refund,Medium,synthetic
T03334,"Plz help - I placed order 93148 for an enterprise hardware component, but received a completely different consumer product model. Since this does not match the product specification or purchase order, I am returning the package and request a full refund including express shipping charges. Plz respond asap.",Refund,High,synthetic
T03335,Repeated system downtime and unannounced maintenance windows over the past month have disrupted our operations three times. We demand an immediate explanation from management and SLA service credits. Contact me via email or phone.,Complaint,Critical,synthetic
T03336,Urgent: Our scheduled virtual event was ruined due to continuous platform outages on your side. We paid $19.99 for premium hosting and request an immediate pro-rated credit refund to our corporate account balance. Plz respond asap.,Refund,High,synthetic
T03337,"Hi support team, Charged twice for order 34371. Contact me via email or phone",Billing,Medium,synthetic
T03338,Quick question - Does the cloud storage infrastructure comply with SOC2 and HIPAA security certifications? Contact me via email or phone.,Product Inquiry,Medium,synthetic
T03339,What are the minimum hardware and RAM requirements for running the server software on Linux? Please advise as soon as possible,Product Inquiry,Medium,synthetic
T03340,Parcel delivered bol raha hai par gate pe koi item nahi hai. Urgent attention required,Shipping,High,synthetic
T03341,"Hi support team, I am filing a formal complaint regarding misleading feature advertising on ur pricing page. We purchased the business plan based on promised custom integration features, only to discover after onboarding that the API is not included",Complaint,Medium,synthetic
T03342,"48 ghante se koi response nahi aaya, service bohot badhiya nahi hai. Thanks for ur help!",Complaint,Medium,synthetic
T03343,The item arrived with broken glass and torn packaging. I demand an immediate full refund. Urgent attention required.,Refund,High,synthetic
T03344,"FYI, My parcel box arrived completely crushed w/ contents damaged during transport. Urgent attention required.",Shipping,High,synthetic
T03345,Quick question - Ticket closed without resolution.,Complaint,Medium,synthetic
T03346,"Hello, The offline synchronization module fails to push local SQLite records to the cloud database when reconnecting to Wi-Fi. Data remains cached locally without throwing explicit log exceptions.",Technical Support,Medium,synthetic
T03347,"Hello, I placed order 73932 for an enterprise hardware component, but received a completely different consumer product model. Since this does not match the product specification or purchase order, I am returning the package and request a full refund including express shipping charges",Refund,High,synthetic
T03348,Quick question - Can u please send me an official VAT receipt and tax invoice for billing period Q1 2026? Urgent attention required.,Billing,Medium,synthetic
T03349,Urgent: I paid extra for guaranteed next-day air shipping on order 83185 because of an urgent event. It has now been 4 days and the tracking status shows the package is still sitting at the local distribution facility. Please expedite delivery or refund express fees. Kindly look into this matter promptly.,Shipping,High,synthetic
T03350,"FYI, Does the cloud storage infrastructure comply with SOC2 and HIPAA security certifications? Plz respond asap.",Product Inquiry,Medium,synthetic
T03351,Plz help - Unannounced platform outage during business hours caused direct revenue loss for our company. Contact me via email or phone.,Complaint,Critical,synthetic
T03352,"Mera admin account locked ho gaya hai, please reset karein. Thanks for ur help!",Account,Medium,synthetic
T03353,Urgent: Need tax invoice for order 17345. Looking forward to hearing back,Billing,High,synthetic
T03354,"Hello, Forgot password link expired. Plz respond asap.",Account,Low,synthetic
T03355,Pakka refund kab tak milega order 14725 ka? Appreciate a quick update on this.,Refund,Medium,synthetic
T03356,System crash ho raha hai export click karte hi error code NULL_POINTER_EXC ke saath. Plz advise as soon as possible,Technical Support,Medium,synthetic
T03357,"Quick question - Router blinking red, internet down. Kindly look into this matter promptly.",Technical Support,High,synthetic
T03358,"FYI, Payment failed but money deducted. Appreciate a quick update on this.",Billing,High,synthetic
T03359,"Dear customer service, Tracking number 87746 has been stuck in transit at the hub for over 6 days without progress. Please advise as soon as possible.",Shipping,Medium,synthetic
T03360,Quick question - Why am I seeing two charges for the same order 78107 on my bank app? Plz respond asap.,Billing,Medium,synthetic
T03361,Quick question - Worst support experience ever. Urgent attention required.,Complaint,Medium,synthetic
T03362,"Hey there, Wrong item delivered, money back. Urgent attention required",Refund,High,synthetic
T03363,Unrecognized login notification received,Account,Critical,synthetic
T03364,"Hey there, I was billed $149.0 this month, but my plan is supposed to be $79.99. Please advise as soon as possible.",Billing,Medium,synthetic
T03365,Quick question - The delivery driver left our electronic equipment package in heavy rain outside the warehouse gate without ringing the bell or getting a signature. Water soaked through the box.,Shipping,High,synthetic
T03366,Urgent: Your representative was dismissive and unhelpful when I asked for assistance with system errors. Looking forward to hearing back,Complaint,High,synthetic
T03367,Urgent: Requesting refund for order 86989. Looking forward to hearing back.,Refund,High,synthetic
T03368,"Hi support team, I paid extra for guaranteed next-day air shipping on order 40785 because of an urgent event. It has now been 4 days and the tracking status shows the package is still sitting at the local distribution facility. Please expedite delivery or refund express fees. Appreciate a quick update on this.",Shipping,High,synthetic
T03369,VPN connection repeatedly drops every few minutes when connected to office network. Contact me via email or phone.,Technical Support,High,synthetic
T03370,"Mera admin account locked ho gaya hai, please reset karein. Contact me via email or phone",Account,Medium,synthetic
T03371,The item arrived with broken glass and torn packaging. I demand an immediate full refund. Thanks for your help!,Refund,High,synthetic
T03372,Urgent: Close my account. Looking forward to hearing back.,Cancellation,High,synthetic
T03373,"FYI, Please turn off automatic renewal for account 45896 so I am not charged next month. Thanks for your help!",Cancellation,Low,synthetic
T03374,Account locked after failed logins.,Account,High,synthetic
T03375,"Urgent: I am filing a formal complaint regarding misleading feature advertising on your pricing page. We purchased the business plan based on promised custom integration features, only to discover after onboarding that the API is not included. Plz respond asap.",Complaint,High,synthetic
T03376,"FYI, Ticket closed w/out resolution.",Complaint,Medium,synthetic
T03377,"Hello, Can someone help resolve the DLL loading error on Windows 11 when starting the client application? Thanks for your help!",Technical Support,Medium,synthetic
T03378,"Dear customer service, I received an email stating my password was changed from an unknown location, but I did not initiate this. Plz respond asap.",Account,Critical,synthetic
T03379,"Hello, I placed order 82597 for an enterprise hardware component, but received a completely different consumer product model. Since this does not match the product specification or purchase order, I am returning the package and request a full refund including express shipping charges. Appreciate a quick update on this.",Refund,High,synthetic
T03380,"FYI, Charged twice for order 79391. Urgent attention required",Billing,High,synthetic
T03381,"Quick question - The courier marked my parcel as delivered on the porch, but there is no package outside my house. Please advise as soon as possible.",Shipping,High,synthetic
T03382,Password reset link kaam nahi kar raha. Urgent attention required,Account,High,synthetic
T03383,"Urgent: System cancelled my order due to stock shortage, but the money has not been refunded yet. Contact me via email or phone.",Refund,High,synthetic
T03384,"FYI, Single Sign-On (SSO) authentication is throwing a redirect URI error for domain users. Urgent attention required.",Account,High,synthetic
T03385,Urgent: What are the minimum hardware and RAM requirements for running the server software on Linux? Please advise as soon as possible.,Product Inquiry,High,synthetic
T03386,"Hey there, Can I update my shipping delivery address to apartment 4B before the order dispatches? Contact me via email or phone.",Shipping,Medium,synthetic
T03387,"Plz help - Ever since updating to version 4.2 yesterday, our entire telemetry team has been unable to access the web portal. The page loads infinitely before displaying an internal server error (HTTP 500). This is blocking active customer operations. Please advise as soon as possible",Technical Support,Critical,synthetic
T03388,"Dear customer service, Our team administrator suddenly lost access to the master workspace account after enabling SAML 2.0 SSO. The login screen loops indefinitely between the identity provider and portal without authenticating. We need urgent admin intervention. Please advise as soon as possible.",Account,Critical,synthetic
T03389,Urgent: How can I change the primary administrator email address associated with our company portal? Contact me via email or phone.,Account,High,synthetic
T03390,"Hey there, Duplicate charge on statement. Thanks for your help!",Billing,Medium,synthetic
T03391,Plz help - VPN connection repeatedly drops every few minutes when connected to office network. Looking forward to hearing back.,Technical Support,High,synthetic
T03392,"Hello, I returned package for order 21813 two weeks ago but haven't seen the refund credited to my bank account. Contact me via email or phone.",Refund,Medium,synthetic
T03393,"FYI, Why am I seeing two charges for the same order 39603 on my bank app?",Billing,Medium,synthetic
T03394,"FYI, Tracking number 51713 has been stuck in transit at the hub for over 6 days without progress. Appreciate a quick update on this",Shipping,Medium,synthetic
T03395,Plz help - Cannot log into account. Urgent attention required.,Account,High,synthetic
T03396,The offline synchronization module fails to push local SQLite records to the cloud database when reconnecting to Wi-Fi. Data remains cached locally without throwing explicit log exceptions. Urgent attention required.,Technical Support,Medium,synthetic
T03397,"Hi support team, I was billed $49.0 this month, but my plan is supposed to be $29.99. Appreciate a quick update on this.",Billing,Medium,synthetic
T03398,"Dear customer service, How do I cancel my pending order before it moves to the warehouse packing stage? Appreciate a quick update on this.",Cancellation,Low,synthetic
T03399,Quick question - Turn off auto-renewal,Cancellation,Low,synthetic
T03400,Plz help - Please help unlock my account after entering wrong password three times. Appreciate a quick update on this.,Account,Low,synthetic
T03401,Quick question - Where is my parcel? Plz respond asap.,Shipping,Low,synthetic
T03402,The offline synchronization module fails to push local SQLite records to the cloud database when reconnecting to Wi-Fi. Data remains cached locally without throwing explicit log exceptions. Kindly look into this matter promptly.,Technical Support,Medium,synthetic
T03403,Server error 500 on submit.,Technical Support,Critical,synthetic
T03404,Account delete karvu che. Kindly look into this matter promptly,Cancellation,Medium,synthetic
T03405,"Hey there, Need tax invoice for order 85340.",Billing,Low,synthetic
T03406,"Plz help - Page loading times have degraded significantly after the latest patch, causing request timeouts. Appreciate a quick update on this.",Technical Support,Medium,synthetic
T03407,Plz help - Bulk license pricing details? Kindly look into this matter promptly.,Product Inquiry,Low,synthetic
T03408,"System cancelled my order due to stock shortage, but the money has not been refunded yet. Kindly look into this matter promptly.",Refund,Medium,synthetic
T03409,Quick question - App crashes on launch. Thanks for ur help!,Technical Support,Medium,synthetic
T03410,"Hello, I have been on hold for over 45 minutes without anyone picking up my call. This service is terrible. Plz respond asap",Complaint,High,synthetic
T03411,Urgent: Where is my pending refund? Appreciate a quick update on this.,Refund,High,synthetic
T03412,"Dear customer service, We are observing consistent memory leaks in the background daemon process on node 192.168.89.161. Memory utilization climbs to 99% within two hours of service start, eventually forcing a kernel panic and abrupt system reboot. Appreciate a quick update on this.",Technical Support,Critical,synthetic
T03413,Urgent: Payment failed but money deducted. Please advise as soon as possible.,Billing,High,synthetic
T03414,"FYI, I am terminating our contract effective today because key features promised during sales onboarding remain unreleased. Please confirm cancellation of invoice 25002 and remove recorded credit card details. Looking forward to hearing back.",Cancellation,Medium,synthetic
T03415,Pakka refund kab tak milega order 93394 ka?,Refund,Medium,synthetic
T03416,"Urgent: Does your REST API support webhook event subscriptions for real-time order status updates, and where can we access the OpenAPI / Swagger documentation for testing? Contact me via email or phone",Product Inquiry,High,synthetic
T03417,Kya is software mein custom reporting export option available hai? Urgent attention required,Product Inquiry,High,synthetic
T03418,Plz help - I am requesting complete account closure and permanent deletion of all personal stored data from your servers in compliance with privacy regulations.,Account,Medium,synthetic
T03419,"Hi support team, I have been on hold for over 45 minutes without anyone picking up my call. This service is terrible. Thanks for your help!",Complaint,Medium,synthetic
T03420,"Hi support team, Ur representative was dismissive and unhelpful when I asked for assistance with system errors. Urgent attention required.",Complaint,Medium,synthetic
T03421,"FYI, Worst support experience ever. Plz respond asap",Complaint,High,synthetic
T03422,Urgent: Our organization was charged a late fee penalty of $99.99 despite completing the wire transfer prior to the due date. Attached is our bank transaction confirmation for your accounts team to verify and credit back.,Billing,High,synthetic
T03423,Plz help - Payment failed but money deducted. Kindly look into this matter promptly.,Billing,High,synthetic
T03424,Quick question - Plan cancellation request. Urgent attention required.,Cancellation,Medium,synthetic
T03425,Worst support experience ever. Contact me via email or phone.,Complaint,Low,synthetic
T03426,Quick question - Single Sign-On (SSO) authentication is throwing a redirect URI error for domain users. Contact me via email or phone,Account,High,synthetic
T03427,"Hello, Can I request a live demo session w/ a product specialist for model PRO-264? Contact me via email or phone.",Product Inquiry,Low,synthetic
T03428,Ur representative was dismissive and unhelpful when I asked for assistance with system errors. Plz respond asap,Complaint,High,synthetic
T03429,"Hey there, Does your REST API support webhook event subscriptions for real-time order status updates, and where can we access the OpenAPI / Swagger documentation for testing? Please advise as soon as possible.",Product Inquiry,Medium,synthetic
T03430,"Dear customer service, Ticket closed without resolution. Urgent attention required.",Complaint,Medium,synthetic
T03431,"Quick question - I am filing a formal complaint regarding misleading feature advertising on your pricing page. We purchased the business plan based on promised custom integration features, only to discover after onboarding that the API is not included. Contact me via email or phone.",Complaint,Medium,synthetic
T03432,Plz help - How can I change the primary administrator email address associated with our company portal? Please advise as soon as possible,Account,Medium,synthetic
T03433,Urgent: Turn off auto-renewal. Thanks for your help!,Cancellation,High,synthetic
T03434,"Hello, I am requesting complete account closure and permanent deletion of all personal stored data from your servers in compliance with privacy regulations.",Account,Medium,synthetic
T03435,Close my account. Thanks for ur help!,Cancellation,Medium,synthetic
T03436,"Dear customer service, Page loading times have degraded significantly after the latest patch, causing request timeouts. Appreciate a quick update on this.",Technical Support,Medium,synthetic
T03437,"Hey there, The offline synchronization module fails to push local SQLite records to the cloud database when reconnecting to Wi-Fi. Data remains cached locally without throwing explicit log exceptions. Plz respond asap.",Technical Support,Medium,synthetic
T03438,"Hello, Please turn off automatic renewal for account 52713 so I am not charged next month. Kindly look into this matter promptly.",Cancellation,Low,synthetic
T03439,"Hey there, Duplicate charge on statement. Contact me via email or phone.",Billing,Medium,synthetic
T03440,"Hi support team, The cancellation button is missing from my account billing settings page. Please cancel for me. Thanks for ur help!",Cancellation,Medium,synthetic
T03441,Plz help - Wrong delivery address on order 41028. Appreciate a quick update on this,Shipping,Medium,synthetic
T03442,"Hi support team, I paid extra for guaranteed next-day air shipping on order 94216 because of an urgent event. It has now been 4 days and the tracking status shows the package is still sitting at the local distribution facility. Please expedite delivery or refund express fees. Appreciate a quick update on this.",Shipping,High,synthetic
T03443,"Hi support team, Rude customer agent on call. Kindly look into this matter promptly.",Complaint,Low,synthetic
T03444,"FYI, App crashes on launch. Urgent attention required.",Technical Support,Medium,synthetic
T03445,"Hi support team, Wrong delivery address on order 25606. Plz respond asap",Shipping,High,synthetic
T03446,"Dear customer service, Repeated system downtime and unannounced maintenance windows over the past month have disrupted our operations three times. We demand an immediate explanation from management and SLA service credits. Contact me via email or phone.",Complaint,Critical,synthetic
T03447,Urgent: There is an unrecognized charge of $149.0 on my credit card statement. Urgent attention required.,Billing,High,synthetic
T03448,"Quick question - I received an email stating my password was changed from an unknown location, but I did not initiate this. Urgent attention required.",Account,Critical,synthetic
T03449,Paisa refund karo jaldi.,Refund,Medium,synthetic
T03450,"FYI, Turn off auto-renewal. Contact me via email or phone.",Cancellation,Low,synthetic
T03451,"Quick question - The courier marked my parcel as delivered on the porch, but there is no package outside my house. Plz respond asap.",Shipping,High,synthetic
T03452,"FYI, Damaged product, refund needed. Thanks for your help!",Refund,Medium,synthetic
T03453,Where is my pending refund? Appreciate a quick update on this.,Refund,Medium,synthetic
T03454,"Hello, I returned package for order 27145 two weeks ago but haven't seen the refund credited to my bank account. Looking forward to hearing back.",Refund,Medium,synthetic
T03455,"Hello, Does ur REST API support webhook event subscriptions for real-time order status updates, and where can we access the OpenAPI / Swagger documentation for testing? Kindly look into this matter promptly.",Product Inquiry,Low,synthetic
T03456,Plz help - Where is my parcel? Appreciate a quick update on this.,Shipping,Low,synthetic
T03457,Quick question - There is an unrecognized charge of $249.5 on my credit card statement.,Billing,Critical,synthetic
T03458,"Quick question - Support agent closed my ticket 98068 marking it resolved, even though the bug is still happening! Kindly look into this matter promptly.",Complaint,High,synthetic
T03459,Plz help - How can I change the primary administrator email address associated with our company portal? Kindly look into this matter promptly.,Account,Low,synthetic
T03460,Urgent: Where is my pending refund? Contact me via email or phone.,Refund,High,synthetic
T03461,"Hey there, Single Sign-On (SSO) authentication is throwing a redirect URI error for domain users. Plz respond asap.",Account,High,synthetic
T03462,Quick question - The cancellation button is missing from my account billing settings page. Please cancel for me. Please advise as soon as possible.,Cancellation,Medium,synthetic
T03463,Urgent: Please turn off automatic renewal for account 55815 so I am not charged next month. Looking forward to hearing back,Cancellation,High,synthetic
T03464,"Hey there, Please turn off automatic renewal for account 74709 so I am not charged next month. Looking forward to hearing back.",Cancellation,Low,synthetic
T03465,Urgent: Where to find user documentation? Looking forward to hearing back,Product Inquiry,High,synthetic
T03466,"Hi support team, 2FA code not received. Kindly look into this matter promptly.",Account,Medium,synthetic
T03467,Quick question - Double billing issue. Plz respond asap,Billing,High,synthetic
T03468,"Hey there, Does product support dark mode? Plz advise as soon as possible.",Product Inquiry,Medium,synthetic
T03469,"Hello, I am terminating our contract effective today because key features promised during sales onboarding remain unreleased. Please confirm cancellation of invoice 43654 and remove recorded credit card details. Kindly look into this matter promptly.",Cancellation,Medium,synthetic
T03470,"Hi support team, I placed order 20040 for an enterprise hardware component, but received a completely different consumer product model. Since this does not match the product specification or purchase order, I am returning the package and request a full refund including express shipping charges",Refund,High,synthetic
T03471,"Hi support team, Desktop software freezing. Looking forward to hearing back.",Technical Support,Medium,synthetic
T03472,"Hello, How do I cancel my pending order before it moves to the warehouse packing stage?",Cancellation,Low,synthetic
T03473,"Dear customer service, Our backend production database server at 192.168.1.201 is refusing incoming connections with error NULL_POINTER_EXC. Thanks for your help!",Technical Support,Critical,synthetic
T03474,"Hello, Is macOS Sequoia supported? Looking forward to hearing back.",Product Inquiry,Low,synthetic
T03475,Parcel delivered bol raha hai par gate pe koi item nahi hai,Shipping,High,synthetic
T03476,"Dear customer service, We are currently evaluating software solutions for a 300-person engineering team. Could u provide a comprehensive comparison document outlining feature differences between the Professional and Enterprise plans, along with volume discount schedules? Kindly look into this matter promptly.",Product Inquiry,Low,synthetic
T03477,Urgent: Our organization was charged a late fee penalty of $19.99 despite completing the wire transfer prior to the due date. Attached is our bank transaction confirmation for your accounts team to verify and credit back. Looking forward to hearing back.,Billing,High,synthetic
T03478,Please help unlock my account after entering wrong password three times. Kindly look into this matter promptly.,Account,Low,synthetic
T03479,"Wrong item delivered, money back. Kindly look into this matter promptly.",Refund,Medium,synthetic
T03480,"Quick question - Due to budget cuts in our organization, we can no longer maintain our active subscription plan. Please process account cancellation immediately and send written confirmation that auto-renew has been disabled. Urgent attention required.",Cancellation,High,synthetic
T03481,"Hey there, Do you offer non-profit or educational discounts for team subscription accounts? Kindly look into this matter promptly.",Product Inquiry,Low,synthetic
T03482,"Plz help - I am filing a formal complaint regarding misleading feature advertising on your pricing page. We purchased the business plan based on promised custom integration features, only to discover after onboarding that the API is not included. Plz respond asap",Complaint,High,synthetic
T03483,"Plz help - Support agent closed my ticket 73087 marking it resolved, even though the bug is still happening! Plz advise as soon as possible.",Complaint,High,synthetic
T03484,No reply to urgent ticket for 48 hours despite paying for 24/7 premium support SLA. Plz respond asap.,Complaint,High,synthetic
T03485,Why am I seeing two charges for the same order 80457 on my bank app? Looking forward to hearing back.,Billing,Medium,synthetic
T03486,"Hello, Duplicate charge on statement. Looking forward to hearing back.",Billing,Medium,synthetic
T03487,"FYI, The cancellation button is missing from my account billing settings page. Please cancel for me. Contact me via email or phone.",Cancellation,Medium,synthetic
T03488,"Does your REST API support webhook event subscriptions for real-time order status updates, and where can we access the OpenAPI / Swagger documentation for testing? Kindly look into this matter promptly",Product Inquiry,Low,synthetic
T03489,"Plz help - Support agent closed my ticket 92810 marking it resolved, even though the bug is still happening! Urgent attention required.",Complaint,High,synthetic
T03490,Billing ma double charge thayo che. Please advise as soon as possible,Billing,Medium,synthetic
T03491,"Hi support team, We are observing consistent memory leaks in the background daemon process on node 192.168.169.146. Memory utilization climbs to 99% within two hours of service start, eventually forcing a kernel panic and abrupt system reboot. Thanks for your help!",Technical Support,Critical,synthetic
T03492,Plz help - Can I update my shipping delivery address to apartment 4B before the order dispatches? Contact me via email or phone,Shipping,Medium,synthetic
T03493,"Hello, We signed up under a free trial promotional banner, yet our company credit card was billed $149.0 on day one. We expect a full reversal of this unauthorized charge and correction of our subscription tier. Plz respond asap.",Billing,Critical,synthetic
T03494,"Hey there, Can I update my shipping delivery address to apartment 4B before the order dispatches?",Shipping,Medium,synthetic
T03495,"Dear customer service, Duplicate charge on statement. Contact me via email or phone.",Billing,Medium,synthetic
T03496,"Dear customer service, Our team administrator suddenly lost access to the master workspace account after enabling SAML 2.0 SSO. The login screen loops indefinitely between the identity provider and portal without authenticating. We need urgent admin intervention. Looking forward to hearing back.",Account,Critical,synthetic
T03497,"48 ghante se koi response nahi aaya, service bohot badhiya nahi hai. Contact me via email or phone",Complaint,Medium,synthetic
T03498,"Hey there, Duplicate charge on statement. Please advise as soon as possible.",Billing,Medium,synthetic
T03499,Quick question - There is an unrecognized charge of $499.0 on my credit card statement.,Billing,Critical,synthetic
T03500,Subscription end karo. Contact me via email or phone,Cancellation,Low,synthetic
T03501,"Hello, We are migrating to a different vendor and request complete contract termination. Please advise as soon as possible.",Cancellation,Medium,synthetic
T03502,"Quick question - I am filing a formal complaint regarding misleading feature advertising on ur pricing page. We purchased the business plan based on promised custom integration features, only to discover after onboarding that the API is not included. Appreciate a quick update on this.",Complaint,Medium,synthetic
T03503,Desktop software freezing. Contact me via email or phone.,Technical Support,Medium,synthetic
T03504,Quick question - Forgot password link expired.,Account,Low,synthetic
T03505,Pakka refund kab tak milega order 55573 ka? Looking forward to hearing back.,Refund,Medium,synthetic
T03506,"Hi support team, The cancellation button is missing from my account billing settings page. Please cancel for me. Plz respond asap.",Cancellation,Medium,synthetic
T03507,"Hey there, Cancel subscription immediately. Thanks for your help!",Cancellation,High,synthetic
T03508,Ur representative was dismissive and unhelpful when I asked for assistance with system errors. Thanks for your help!,Complaint,Low,synthetic
T03509,Urgent: Single Sign-On (SSO) authentication is throwing a redirect URI error for domain users. Looking forward to hearing back,Account,High,synthetic
T03510,Quick question - The cancellation button is missing from my account billing settings page. Please cancel for me. Contact me via email or phone,Cancellation,Medium,synthetic
T03511,"Hey there, Unrecognized login notification received. Kindly look into this matter promptly.",Account,Critical,synthetic
T03512,"Hey there, Can someone help resolve the DLL loading error on Windows 11 when starting the client application? Thanks for your help!",Technical Support,Medium,synthetic
T03513,"FYI, Close my account. Kindly look into this matter promptly.",Cancellation,Medium,synthetic
T03514,"Quick question - I received an email stating my password was changed from an unknown location, but I did not initiate this.",Account,Critical,synthetic
T03515,"Hello, Router blinking red, internet down. Plz respond asap.",Technical Support,High,synthetic
T03516,Urgent: 2FA code not received,Account,High,synthetic
T03517,"FYI, System cancelled my order due to stock shortage, but the money has not been refunded yet. Thanks for your help!",Refund,Medium,synthetic
T03518,"Plz help - Support agent closed my ticket 32664 marking it resolved, even though the bug is still happening! Contact me via email or phone.",Complaint,High,synthetic
T03519,Quick question - No reply to urgent ticket for 48 hours despite paying for 24/7 premium support SLA. Kindly look into this matter promptly.,Complaint,High,synthetic
T03520,Quick question - Can you please send me an official VAT receipt and tax invoice for billing period Q1 2026? Plz respond asap.,Billing,Low,synthetic
T03521,Double billing issue. Contact me via email or phone.,Billing,Medium,synthetic
T03522,Quick question - Does product support dark mode? Contact me via email or phone.,Product Inquiry,Low,synthetic
T03523,Urgent: Can I request a live demo session with a product specialist for model PRO-475? Plz respond asap.,Product Inquiry,High,synthetic
T03524,Account locked after failed logins. Urgent attention required.,Account,High,synthetic
T03525,"Hey there, I paid extra for guaranteed next-day air shipping on order 99687 because of an urgent event. It has now been 4 days and the tracking status shows the package is still sitting at the local distribution facility. Please expedite delivery or refund express fees. Plz respond asap.",Shipping,High,synthetic
T03526,"Hey there, Wrong item delivered, money back. Contact me via email or phone",Refund,Medium,synthetic
T03527,"Quick question - I am filing a formal complaint regarding misleading feature advertising on ur pricing page. We purchased the business plan based on promised custom integration features, only to discover after onboarding that the API is not included. Plz respond asap.",Complaint,Medium,synthetic
T03528,"Hello, I paid my monthly invoice yesterday, but the account dashboard still shows payment pending.",Billing,Medium,synthetic
T03529,System crash ho raha hai export click karte hi error code ERR_502 ke saath. Thanks for ur help!,Technical Support,Medium,synthetic
T03530,"Hello, Can I update my shipping delivery address to apartment 4B before the order dispatches? Appreciate a quick update on this.",Shipping,Medium,synthetic
T03531,"Quick question - Wrong item delivered, money back. Appreciate a quick update on this.",Refund,Medium,synthetic
T03532,"Dear customer service, Does product support dark mode? Please advise as soon as possible.",Product Inquiry,Medium,synthetic
T03533,Account locked after failed logins. Contact me via email or phone,Account,High,synthetic
T03534,"Hi support team, We are observing consistent memory leaks in the background daemon process on node 192.168.66.155. Memory utilization climbs to 99% within two hours of service start, eventually forcing a kernel panic and abrupt system reboot. Urgent attention required.",Technical Support,Critical,synthetic
T03535,Urgent: Account locked after failed logins. Urgent attention required.,Account,High,synthetic
T03536,Plz help - Where to find user documentation? Looking forward to hearing back.,Product Inquiry,Low,synthetic
T03537,"I am filing a formal complaint regarding misleading feature advertising on your pricing page. We purchased the business plan based on promised custom integration features, only to discover after onboarding that the API is not included. Plz respond asap",Complaint,High,synthetic
T03538,The offline synchronization module fails to push local SQLite records to the cloud database when reconnecting to Wi-Fi. Data remains cached locally without throwing explicit log exceptions. Contact me via email or phone.,Technical Support,Medium,synthetic
T03539,"Hi support team, There is an unrecognized charge of $49.0 on my credit card statement. Thanks for ur help!",Billing,Critical,synthetic
T03540,"Hello, Requesting refund for order 16280. Appreciate a quick update on this",Refund,Medium,synthetic
T03541,"Hello, Single Sign-On (SSO) authentication is throwing a redirect URI error for domain users. Plz respond asap.",Account,High,synthetic
T03542,"Dear customer service, How can I change the primary administrator email address associated with our company portal? Kindly look into this matter promptly.",Account,Low,synthetic
T03543,"Damaged product, refund needed. Urgent attention required.",Refund,Medium,synthetic
T03544,"Hey there, Unannounced platform outage during business hours caused direct revenue loss for our company. Kindly look into this matter promptly.",Complaint,Critical,synthetic
T03545,Plz help - Rude customer agent on call.,Complaint,Low,synthetic
T03546,Urgent: Repeated system downtime and unannounced maintenance windows over the past month have disrupted our operations three times. We demand an immediate explanation from management and SLA service credits. Kindly look into this matter promptly.,Complaint,Critical,synthetic
T03547,"Hello, There is an unrecognized charge of $149.0 on my credit card statement. Plz respond asap.",Billing,Critical,synthetic
T03548,"Dear customer service, Where to find user documentation? Appreciate a quick update on this.",Product Inquiry,Low,synthetic
T03549,"Hello, Where is my pending refund? Contact me via email or phone.",Refund,Medium,synthetic
T03550,Our scheduled virtual event was ruined due to continuous platform outages on ur side. We paid $99.99 for premium hosting and request an immediate pro-rated credit refund to our corporate account balance. Looking forward to hearing back.,Refund,Medium,synthetic
T03551,"Hi support team, I accidentally renewed the wrong tier subscription yesterday. Is it possible to get a refund? Contact me via email or phone.",Refund,Low,synthetic
T03552,"Dear customer service, Does the cloud storage infrastructure comply with SOC2 and HIPAA security certifications? Urgent attention required.",Product Inquiry,Medium,synthetic
T03553,Urgent: Worst support experience ever. Contact me via email or phone.,Complaint,High,synthetic
T03554,"Hi support team, Where to find user documentation? Contact me via email or phone",Product Inquiry,Low,synthetic
T03555,Duplicate charge on statement. Please advise as soon as possible.,Billing,Medium,synthetic
T03556,"Hey there, I accidentally renewed the wrong tier subscription yesterday. Is it possible to get a refund? Urgent attention required",Refund,High,synthetic
T03557,"FYI, Cannot log into account. Contact me via email or phone.",Account,High,synthetic
T03558,"Dear customer service, Why am I not receiving the SMS two-factor authentication verification code on my registered mobile number? Contact me via email or phone.",Account,Medium,synthetic
T03559,"Dear customer service, Our scheduled virtual event was ruined due to continuous platform outages on your side. We paid $499.0 for premium hosting and request an immediate pro-rated credit refund to our corporate account balance. Urgent attention required.",Refund,Medium,synthetic
T03560,"Hey there, The delivery driver left our electronic equipment package in heavy rain outside the warehouse gate without ringing the bell or getting a signature. Water soaked through the box. Kindly look into this matter promptly.",Shipping,High,synthetic
T03561,"Dear customer service, Server error 500 on submit. Looking forward to hearing back",Technical Support,Critical,synthetic
T03562,"Hello, No reply to urgent ticket for 48 hours despite paying for 24/7 premium support SLA. Plz respond asap.",Complaint,High,synthetic
T03563,"Hey there, I am filing a formal complaint regarding misleading feature advertising on ur pricing page. We purchased the business plan based on promised custom integration features, only to discover after onboarding that the API is not included. Plz respond asap",Complaint,High,synthetic
T03564,"FYI, The offline synchronization module fails to push local SQLite records to the cloud database when reconnecting to Wi-Fi. Data remains cached locally without throwing explicit log exceptions. Appreciate a quick update on this",Technical Support,Medium,synthetic
T03565,"Hello, Support agent closed my ticket 78857 marking it resolved, even though the bug is still happening! Contact me via email or phone.",Complaint,High,synthetic
T03566,Quick question - Account locked after failed logins. Kindly look into this matter promptly.,Account,High,synthetic
T03567,Urgent: Service downtime ruined our demo. Please advise as soon as possible.,Complaint,High,synthetic
T03568,"Hey there, I accidentally renewed the wrong tier subscription yesterday. Is it possible to get a refund? Thanks for your help!",Refund,Low,synthetic
T03569,"FYI, Does product support dark mode? Contact me via email or phone.",Product Inquiry,Low,synthetic
T03570,Next month billing se pehle mera plan cancel kar do plz. Contact me via email or phone.,Cancellation,Low,synthetic
T03571,"Hey there, System cancelled my order due to stock shortage, but the money has not been refunded yet. Plz respond asap.",Refund,Medium,synthetic
T03572,"FYI, Repeated system downtime and unannounced maintenance windows over the past month have disrupted our operations three times. We demand an immediate explanation from management and SLA service credits. Looking forward to hearing back.",Complaint,Critical,synthetic
T03573,Agent ne bina answer kiye ticket close kar diya. Plz advise as soon as possible.,Complaint,Medium,synthetic
T03574,Plz help - How do I cancel my pending order before it moves to the warehouse packing stage? Please advise as soon as possible.,Cancellation,Medium,synthetic
T03575,Quick question - The delivery driver left our electronic equipment package in heavy rain outside the warehouse gate without ringing the bell or getting a signature. Water soaked through the box. Thanks for your help!,Shipping,High,synthetic
T03576,"FYI, I was billed $49.0 this month, but my plan is supposed to be $29.99. Urgent attention required",Billing,High,synthetic
T03577,"Hi support team, Package marked delivered but missing. Looking forward to hearing back",Shipping,Critical,synthetic
T03578,Plz help - Bulk license pricing details? Contact me via email or phone.,Product Inquiry,Low,synthetic
T03579,"FYI, Server error 500 on submit. Appreciate a quick update on this.",Technical Support,Critical,synthetic
T03580,Urgent: Requesting refund for order 22388. Thanks for your help!,Refund,High,synthetic
T03581,"Dear customer service, I accidentally renewed the wrong tier subscription yesterday. Is it possible to get a refund? Appreciate a quick update on this.",Refund,Low,synthetic
T03582,Quick question - Can someone help resolve the DLL loading error on Windows 11 when starting the client application? Appreciate a quick update on this.,Technical Support,Medium,synthetic
T03583,Urgent: I would like to cancel my monthly subscription effective before the next billing cycle. Urgent attention required.,Cancellation,High,synthetic
T03584,"FYI, The item arrived with broken glass and torn packaging. I demand an immediate full refund. Kindly look into this matter promptly.",Refund,High,synthetic
T03585,Plz help - Can someone help resolve the DLL loading error on Windows 11 when starting the client application? Thanks for ur help!,Technical Support,Medium,synthetic
T03586,"FYI, Why am I not receiving the SMS two-factor authentication verification code on my registered mobile number? Urgent attention required.",Account,Medium,synthetic
T03587,"Hello, Is macOS Sequoia supported? Urgent attention required",Product Inquiry,High,synthetic
T03588,"Dear customer service, Could u tell me if your platform supports SAML 2.0 Single Sign-On for enterprise users? Plz respond asap",Product Inquiry,High,synthetic
T03589,"Dear customer service, Please help unlock my account after entering wrong password three times. Contact me via email or phone.",Account,Low,synthetic
T03590,Quick question - Database connection timeout. Kindly look into this matter promptly.,Technical Support,Critical,synthetic
T03591,"Dear customer service, Account locked after failed logins. Contact me via email or phone.",Account,High,synthetic
T03592,"Quick question - Ever since updating to version 4.2 yesterday, our entire telemetry team has been unable to access the web portal. The page loads infinitely before displaying an internal server error (HTTP 500). This is blocking active customer operations. Thanks for your help!",Technical Support,Critical,synthetic
T03593,Urgent: Package marked delivered but missing. Contact me via email or phone.,Shipping,High,synthetic
T03594,"Hi support team, Why does the mobile application crash every time I try to open the camera or upload a document? Appreciate a quick update on this.",Technical Support,Medium,synthetic
T03595,"Hey there, I received an email stating my password was changed from an unknown location, but I did not initiate this. Appreciate a quick update on this.",Account,Critical,synthetic
T03596,"Hi support team, Unrecognized login notification received.",Account,Critical,synthetic
T03597,"FYI, The cancellation button is missing from my account billing settings page. Please cancel for me. Please advise as soon as possible",Cancellation,Medium,synthetic
T03598,"Quick question - Support agent closed my ticket 81214 marking it resolved, even though the bug is still happening! Plz respond asap",Complaint,High,synthetic
T03599,Next month billing se pehle mera plan cancel kar do plz. Urgent attention required.,Cancellation,Medium,synthetic
T03600,"FYI, I accidentally renewed the wrong tier subscription yesterday. Is it possible to get a refund?",Refund,Low,synthetic
T03601,"Dear customer service, Requesting refund for order 17074. Urgent attention required.",Refund,Medium,synthetic
T03602,Kya is software mein custom reporting export option available hai? Contact me via email or phone,Product Inquiry,Low,synthetic
T03603,Plz help - I am terminating our contract effective today because key features promised during sales onboarding remain unreleased. Please confirm cancellation of invoice 44550 and remove recorded credit card details. Thanks for your help!,Cancellation,Medium,synthetic
T03604,Quick question - Our backend production database server at 192.168.217.10 is refusing incoming connections with error NULL_POINTER_EXC. Please advise as soon as possible,Technical Support,Critical,synthetic
T03605,Our organization was charged a late fee penalty of $249.5 despite completing the wire transfer prior to the due date. Attached is our bank transaction confirmation for your accounts team to verify and credit back. Appreciate a quick update on this,Billing,Medium,synthetic
T03606,Parcel delivered bol raha hai par gate pe koi item nahi hai. Please advise as soon as possible,Shipping,High,synthetic
T03607,Urgent: I am terminating our contract effective today because key features promised during sales onboarding remain unreleased. Please confirm cancellation of invoice 87376 and remove recorded credit card details. Appreciate a quick update on this.,Cancellation,High,synthetic
T03608,Urgent: Forgot password link expired. Plz respond asap,Account,High,synthetic
T03609,Urgent: Desktop software freezing. Kindly look into this matter promptly.,Technical Support,High,synthetic
T03610,"Hey there, What are the minimum hardware and RAM requirements for running the server software on Linux? Please advise as soon as possible.",Product Inquiry,Medium,synthetic
T03611,"Hello, Account locked after failed logins. Looking forward to hearing back.",Account,High,synthetic
T03612,"FYI, Wrong delivery address on order 57807. Urgent attention required.",Shipping,Medium,synthetic
T03613,"Dear customer service, No reply to urgent ticket for 48 hours despite paying for 24/7 premium support SLA. Plz respond asap.",Complaint,High,synthetic
T03614,Urgent: Tracking link shows package held at border customs clearance depot. Urgent attention required.,Shipping,High,synthetic
T03615,Agent ne bina answer kiye ticket close kar diya. Urgent attention required,Complaint,High,synthetic
T03616,"Hello, I am terminating our contract effective today because key features promised during sales onboarding remain unreleased. Please confirm cancellation of invoice 94218 and remove recorded credit card details. Urgent attention required.",Cancellation,Medium,synthetic
T03617,Quick question - Cancel subscription immediately. Looking forward to hearing back,Cancellation,High,synthetic
T03618,I returned package for order 25563 two weeks ago but haven't seen the refund credited to my bank account. Thanks for your help!,Refund,Medium,synthetic
T03619,"Hey there, VPN connection repeatedly drops every few minutes when connected to office network. Contact me via email or phone.",Technical Support,High,synthetic
T03620,Account delete karvu che. Plz advise as soon as possible.,Cancellation,Medium,synthetic
T03621,Quick question - Cannot log into account. Kindly look into this matter promptly.,Account,High,synthetic
T03622,"Quick question - I placed order 11209 for an enterprise hardware component, but received a completely different consumer product model. Since this does not match the product specification or purchase order, I am returning the package and request a full refund including express shipping charges. Please advise as soon as possible.",Refund,High,synthetic
T03623,"Hey there, Where is my parcel? Looking forward to hearing back.",Shipping,Low,synthetic
T03624,Quick question - Our organization was charged a late fee penalty of $249.5 despite completing the wire transfer prior to the due date. Attached is our bank transaction confirmation for your accounts team to verify and credit back. Looking forward to hearing back.,Billing,Medium,synthetic
T03625,Urgent: The item arrived with broken glass and torn packaging. I demand an immediate full refund. Kindly look into this matter promptly,Refund,High,synthetic
T03626,"FYI, Does the cloud storage infrastructure comply with SOC2 and HIPAA security certifications? Plz advise as soon as possible.",Product Inquiry,Medium,synthetic
T03627,"Hey there, The courier marked my parcel as delivered on the porch, but there is no package outside my house. Please advise as soon as possible.",Shipping,High,synthetic
T03628,The cancellation button is missing from my account billing settings page. Please cancel for me. Thanks for your help!,Cancellation,Medium,synthetic
T03629,Billing ma double charge thayo che. Thanks for ur help!,Billing,Medium,synthetic
T03630,Kripya invoice receipt email ID par bhej dijiye,Billing,Low,synthetic
T03631,"Hey there, I paid extra for guaranteed next-day air shipping on order 88976 because of an urgent event. It has now been 4 days and the tracking status shows the package is still sitting at the local distribution facility. Plz expedite delivery or refund express fees. Appreciate a quick update on this.",Shipping,High,synthetic
T03632,Urgent: I returned package for order 48223 two weeks ago but haven't seen the refund credited to my bank account. Please advise as soon as possible.,Refund,High,synthetic
T03633,Quick question - The cancellation button is missing from my account billing settings page. Please cancel for me. Contact me via email or phone.,Cancellation,Medium,synthetic
T03634,Account delete karvu che. Thanks for ur help!,Cancellation,Medium,synthetic
T03635,Paisa refund karo jaldi. Thanks for ur help!,Refund,Medium,synthetic
T03636,"Hi support team, Please turn off automatic renewal for account 13832 so I am not charged next month. Plz respond asap.",Cancellation,Low,synthetic
T03637,Plz help - Service downtime ruined our demo. Appreciate a quick update on this.,Complaint,Critical,synthetic
T03638,Pakka refund kab tak milega order 20918 ka? Looking forward to hearing back.,Refund,Medium,synthetic
T03639,"Urgent: Wrong item delivered, money back.",Refund,High,synthetic
T03640,Plz help - I have been on hold for over 45 minutes without anyone picking up my call. This service is terrible. Looking forward to hearing back.,Complaint,Medium,synthetic
T03641,Urgent: Unrecognized login notification received. Plz respond asap.,Account,Critical,synthetic
T03642,Database connection timeout. Looking forward to hearing back.,Technical Support,Critical,synthetic
T03643,Quick question - Close my account.,Cancellation,Medium,synthetic
T03644,"Hello, I am requesting complete account closure and permanent deletion of all personal stored data from ur servers in compliance with privacy regulations. Urgent attention required.",Account,Medium,synthetic
T03645,"Dear customer service, Where is my parcel? Thanks for your help!",Shipping,Low,synthetic
T03646,Plz help - Please turn off automatic renewal for account 79506 so I am not charged next month. Plz respond asap.,Cancellation,Low,synthetic
T03647,"FYI, Package marked delivered but missing. Appreciate a quick update on this.",Shipping,Critical,synthetic
T03648,"Hey there, No reply to urgent ticket for 48 hours despite paying for 24/7 premium support SLA. Contact me via email or phone.",Complaint,High,synthetic
T03649,"Hi support team, Wrong item delivered, money back. Contact me via email or phone.",Refund,Medium,synthetic
T03650,Urgent: Rude customer agent on call. Plz respond asap.,Complaint,High,synthetic
T03651,"Hello, Tracking not updating for order 52909. Urgent attention required.",Shipping,Medium,synthetic
T03652,"FYI, Desktop software freezing.",Technical Support,Medium,synthetic
T03653,Quick question - Does the cloud storage infrastructure comply with SOC2 and HIPAA security certifications? Please advise as soon as possible.,Product Inquiry,Medium,synthetic
T03654,Quick question - Server error 500 on submit.,Technical Support,Critical,synthetic
T03655,Quick question - I have been on hold for over 45 minutes without anyone picking up my call. This service is terrible. Appreciate a quick update on this.,Complaint,Medium,synthetic
T03656,"Hi support team, I placed order 61138 for an enterprise hardware component, but received a completely different consumer product model. Since this does not match the product specification or purchase order, I am returning the package and request a full refund including express shipping charges. Please advise as soon as possible.",Refund,High,synthetic
T03657,"Hi support team, VPN connection repeatedly drops every few minutes when connected to office network. Urgent attention required",Technical Support,High,synthetic
T03658,"Hey there, Server error 500 on submit. Kindly look into this matter promptly.",Technical Support,Critical,synthetic
T03659,"Hey there, Damaged product, refund needed. Please advise as soon as possible.",Refund,Medium,synthetic
T03660,"FYI, Worst support experience ever. Appreciate a quick update on this",Complaint,Low,synthetic
T03661,"Hey there, I am terminating our contract effective today because key features promised during sales onboarding remain unreleased. Please confirm cancellation of invoice 34560 and remove recorded credit card details.",Cancellation,Medium,synthetic
T03662,"Hello, Support agent closed my ticket 67093 marking it resolved, even though the bug is still happening! Urgent attention required.",Complaint,High,synthetic
T03663,Your representative was dismissive and unhelpful when I asked for assistance with system errors. Urgent attention required.,Complaint,Medium,synthetic
T03664,Plz help - Server error 500 on submit. Looking forward to hearing back.,Technical Support,Critical,synthetic
T03665,"Hello, Wrong delivery address on order 72687. Urgent attention required.",Shipping,Medium,synthetic
T03666,"Urgent: We are observing consistent memory leaks in the background daemon process on node 192.168.86.153. Memory utilization climbs to 99% within two hours of service start, eventually forcing a kernel panic and abrupt system reboot. Plz respond asap.",Technical Support,High,synthetic
T03667,Plz help - Can I update my shipping delivery address to apartment 4B before the order dispatches? Kindly look into this matter promptly.,Shipping,Medium,synthetic
T03668,"Dear customer service, I returned package for order 60570 two weeks ago but haven't seen the refund credited to my bank account. Looking forward to hearing back.",Refund,Medium,synthetic
T03669,"Hey there, Please turn off automatic renewal for account 11246 so I am not charged next month. Urgent attention required.",Cancellation,Medium,synthetic
T03670,Password reset link kaam nahi kar raha. Kindly look into this matter promptly,Account,Low,synthetic
T03671,"Hello, Plan cancellation request. Appreciate a quick update on this.",Cancellation,Low,synthetic
T03672,"FYI, Plan cancellation request. Contact me via email or phone.",Cancellation,Low,synthetic
T03673,VPN connection repeatedly drops every few minutes when connected to office network. Please advise as soon as possible.,Technical Support,High,synthetic
T03674,"Hey there, Need tax invoice for order 50501. Urgent attention required.",Billing,Medium,synthetic
T03675,"Dear customer service, Rude customer agent on call. Kindly look into this matter promptly.",Complaint,Low,synthetic
T03676,Urgent: Service downtime ruined our demo.,Complaint,High,synthetic
T03677,"FYI, My parcel box arrived completely crushed with contents damaged during transport. Urgent attention required.",Shipping,High,synthetic
T03678,Urgent: Why am I not receiving the SMS two-factor authentication verification code on my registered mobile number? Looking forward to hearing back.,Account,High,synthetic
T03679,Quick question - Our scheduled virtual event was ruined due to continuous platform outages on your side. We paid $249.5 for premium hosting and request an immediate pro-rated credit refund to our corporate account balance. Plz respond asap.,Refund,Medium,synthetic
T03680,"Hey there, Cannot log into account. Please advise as soon as possible.",Account,High,synthetic
T03681,"Hi support team, My parcel box arrived completely crushed with contents damaged during transport. Looking forward to hearing back.",Shipping,High,synthetic
T03682,Duplicate charge on statement. Appreciate a quick update on this.,Billing,Medium,synthetic
T03683,"Dear customer service, App crashes on launch. Plz respond asap.",Technical Support,Medium,synthetic
T03684,"Hi support team, Cannot log into account. Please advise as soon as possible",Account,High,synthetic
T03685,Plz help - Payment failed but money deducted. Please advise as soon as possible.,Billing,High,synthetic
T03686,"Hey there, I returned package for order 44487 two weeks ago but haven't seen the refund credited to my bank account. Plz advise as soon as possible.",Refund,Medium,synthetic
T03687,"FYI, Why am I seeing two charges for the same order 59781 on my bank app? Please advise as soon as possible.",Billing,Medium,synthetic
T03688,Does product support dark mode? Looking forward to hearing back.,Product Inquiry,Low,synthetic
T03689,"Dear customer service, We are observing consistent memory leaks in the background daemon process on node 192.168.250.8. Memory utilization climbs to 99% within two hours of service start, eventually forcing a kernel panic and abrupt system reboot. Appreciate a quick update on this.",Technical Support,Critical,synthetic
T03690,"FYI, Rude customer agent on call. Thanks for your help!",Complaint,Low,synthetic
T03691,Wrong delivery address on order 72421. Thanks for your help!,Shipping,Medium,synthetic
T03692,"Plz help - Does your REST API support webhook event subscriptions for real-time order status updates, and where can we access the OpenAPI / Swagger documentation for testing? Plz respond asap.",Product Inquiry,Low,synthetic
T03693,Quick question - Where is my parcel? Kindly look into this matter promptly.,Shipping,Low,synthetic
T03694,I returned package for order 49053 two weeks ago but haven't seen the refund credited to my bank account.,Refund,Medium,synthetic
T03695,"FYI, Wrong item delivered, money back. Please advise as soon as possible.",Refund,Medium,synthetic
T03696,"Dear customer service, I am terminating our contract effective today because key features promised during sales onboarding remain unreleased. Please confirm cancellation of invoice 59697 and remove recorded credit card details. Kindly look into this matter promptly.",Cancellation,Medium,synthetic
T03697,Our scheduled virtual event was ruined due to continuous platform outages on your side. We paid $149.0 for premium hosting and request an immediate pro-rated credit refund to our corporate account balance.,Refund,Medium,synthetic
T03698,"Hey there, Ever since updating to version 4.2 yesterday, our entire telemetry team has been unable to access the web portal. The page loads infinitely before displaying an internal server error (HTTP 500). This is blocking active customer operations. Appreciate a quick update on this",Technical Support,Critical,synthetic
T03699,Plz help - The delivery driver left our electronic equipment package in heavy rain outside the warehouse gate w/out ringing the bell or getting a signature. Water soaked through the box. Contact me via email or phone.,Shipping,High,synthetic
T03700,"FYI, There is an unrecognized charge of $149.0 on my credit card statement. Kindly look into this matter promptly.",Billing,Critical,synthetic
T03701,"Hello, Can I request a live demo session with a product specialist for model PRO-453? Please advise as soon as possible.",Product Inquiry,Medium,synthetic
T03702,"FYI, Tracking not updating for order 47417. Urgent attention required.",Shipping,Medium,synthetic
T03703,"Plz help - I received an email stating my password was changed from an unknown location, but I did not initiate this. Urgent attention required.",Account,Critical,synthetic
T03704,Plz help - How do I cancel my pending order before it moves to the warehouse packing stage? Thanks for your help!,Cancellation,Low,synthetic
T03705,"Hello, Plan cancellation request. Urgent attention required",Cancellation,High,synthetic
T03706,Desktop software freezing.,Technical Support,Medium,synthetic
T03707,"Hi support team, I placed order 12533 for an enterprise hardware component, but received a completely different consumer product model. Since this does not match the product specification or purchase order, I am returning the package and request a full refund including express shipping charges. Kindly look into this matter promptly.",Refund,High,synthetic
T03708,"Dear customer service, Where is my pending refund? Contact me via email or phone.",Refund,Medium,synthetic
T03709,Plz help - Our backend production database server at 192.168.14.252 is refusing incoming connections with error SOCKET_TIMEOUT. Thanks for your help!,Technical Support,Critical,synthetic
T03710,"Hey there, Does product support dark mode? Contact me via email or phone.",Product Inquiry,Low,synthetic
T03711,Plz help - Why am I not receiving the SMS two-factor authentication verification code on my registered mobile number? Appreciate a quick update on this.,Account,Medium,synthetic
T03712,Quick question - I paid extra for guaranteed next-day air shipping on order 61091 because of an urgent event. It has now been 4 days and the tracking status shows the package is still sitting at the local distribution facility. Plz expedite delivery or refund express fees.,Shipping,High,synthetic
T03713,"Urgent: Wrong item delivered, money back. Thanks for your help!",Refund,High,synthetic
T03714,Urgent: Could you tell me if your platform supports SAML 2.0 Single Sign-On for enterprise users? Plz respond asap.,Product Inquiry,High,synthetic
T03715,Quick question - I am requesting complete account closure and permanent deletion of all personal stored data from your servers in compliance with privacy regulations. Contact me via email or phone.,Account,Medium,synthetic
T03716,"FYI, Why am I not receiving the SMS two-factor authentication verification code on my registered mobile number? Thanks for ur help!",Account,Medium,synthetic
T03717,Urgent: I am terminating our contract effective today because key features promised during sales onboarding remain unreleased. Please confirm cancellation of invoice 67755 and remove recorded credit card details. Kindly look into this matter promptly,Cancellation,High,synthetic
T03718,"FYI, Can I update my shipping delivery address to apartment 4B before the order dispatches? Looking forward to hearing back.",Shipping,Medium,synthetic
T03719,"Hi support team, Duplicate charge on statement. Appreciate a quick update on this",Billing,Medium,synthetic
T03720,Our backend production database server at 192.168.37.25 is refusing incoming connections with error SOCKET_TIMEOUT,Technical Support,Critical,synthetic
T03721,"FYI, App crashes on launch. Please advise as soon as possible.",Technical Support,Medium,synthetic
T03722,"Damaged product, refund needed. Contact me via email or phone.",Refund,Medium,synthetic
T03723,Quick question - Does product support dark mode? Please advise as soon as possible.,Product Inquiry,Medium,synthetic
T03724,Urgent: I returned package for order 53574 two weeks ago but haven't seen the refund credited to my bank account. Plz respond asap,Refund,High,synthetic
T03725,Quick question - App crashes on launch. Contact me via email or phone.,Technical Support,Medium,synthetic
T03726,"Hello, System cancelled my order due to stock shortage, but the money has not been refunded yet. Please advise as soon as possible",Refund,Medium,synthetic
T03727,Pakka refund kab tak milega order 19516 ka? Contact me via email or phone,Refund,Medium,synthetic
T03728,"Dear customer service, I am terminating our contract effective today because key features promised during sales onboarding remain unreleased. Please confirm cancellation of invoice 61790 and remove recorded credit card details. Contact me via email or phone",Cancellation,Medium,synthetic
T03729,"Dear customer service, Cancel subscription immediately. Appreciate a quick update on this.",Cancellation,High,synthetic
T03730,Plz help - Our team administrator suddenly lost access to the master workspace account after enabling SAML 2.0 SSO. The login screen loops indefinitely between the identity provider and portal without authenticating. We need urgent admin intervention. Looking forward to hearing back.,Account,Critical,synthetic
T03731,Plz help - Close my account. Urgent attention required,Cancellation,High,synthetic
T03732,"Hello, Could you tell me if your platform supports SAML 2.0 Single Sign-On for enterprise users?",Product Inquiry,Low,synthetic
T03733,"FYI, Desktop software freezing. Please advise as soon as possible.",Technical Support,Medium,synthetic
T03734,"Dear customer service, My parcel box arrived completely crushed with contents damaged during transport. Plz respond asap",Shipping,High,synthetic
T03735,"Hey there, System cancelled my order due to stock shortage, but the money has not been refunded yet. Contact me via email or phone.",Refund,Medium,synthetic
T03736,"Dear customer service, Why am I not receiving the SMS two-factor authentication verification code on my registered mobile number? Urgent attention required.",Account,Medium,synthetic
T03737,"Hey there, Why does the mobile application crash every time I try to open the camera or upload a document? Appreciate a quick update on this.",Technical Support,Medium,synthetic
T03738,"Urgent: Ever since updating to version 4.2 yesterday, our entire telemetry team has been unable to access the web portal. The page loads infinitely before displaying an internal server error (HTTP 500). This is blocking active customer operations. Contact me via email or phone",Technical Support,High,synthetic
T03739,"Hello, Unannounced platform outage during business hours caused direct revenue loss for our company. Looking forward to hearing back.",Complaint,Critical,synthetic
T03740,"Hello, I checked my credit card account this morning and noticed two separate line items for $19.99 on order 51800. I only submitted the checkout form once, so one of these transactions is clearly an error. Please reverse the duplicate billing immediately. Urgent attention required.",Billing,High,synthetic
T03741,"Hi support team, Tracking not updating for order 27041. Looking forward to hearing back.",Shipping,Low,synthetic
T03742,"Plz help - Does your REST API support webhook event subscriptions for real-time order status updates, and where can we access the OpenAPI / Swagger documentation for testing?",Product Inquiry,Low,synthetic
T03743,Need tax invoice for order 78219. Kindly look into this matter promptly.,Billing,Low,synthetic
T03744,Quick question - Worst support experience ever.,Complaint,Low,synthetic
T03745,"Hey there, Why am I seeing two charges for the same order 90960 on my bank app? Kindly look into this matter promptly.",Billing,Medium,synthetic
T03746,"Hello, 2FA code not received. Thanks for your help!",Account,Medium,synthetic
T03747,"Hey there, Our backend production database server at 192.168.64.155 is refusing incoming connections with error SOCKET_TIMEOUT. Plz advise as soon as possible.",Technical Support,Critical,synthetic
T03748,Plz help - Where to find user documentation? Contact me via email or phone,Product Inquiry,Low,synthetic
T03749,Quick question - The cancellation button is missing from my account billing settings page. Please cancel for me. Kindly look into this matter promptly,Cancellation,Medium,synthetic
T03750,"FYI, Could you tell me if your platform supports SAML 2.0 Single Sign-On for enterprise users? Contact me via email or phone.",Product Inquiry,Low,synthetic
T03751,Pakka refund kab tak milega order 61167 ka? Kindly look into this matter promptly,Refund,Medium,synthetic
T03752,Plz help - Please turn off automatic renewal for account 89740 so I am not charged next month. Kindly look into this matter promptly.,Cancellation,Low,synthetic
T03753,"Hey there, What are the minimum hardware and RAM requirements for running the server software on Linux? Plz respond asap.",Product Inquiry,Low,synthetic
T03754,"Dear customer service, Due to budget cuts in our organization, we can no longer maintain our active subscription plan. Please process account cancellation immediately and send written confirmation that auto-renew has been disabled. Thanks for your help!",Cancellation,High,synthetic
T03755,"Hi support team, The courier marked my parcel as delivered on the porch, but there is no package outside my house. Appreciate a quick update on this.",Shipping,High,synthetic
T03756,Your representative was dismissive and unhelpful when I asked for assistance with system errors. Please advise as soon as possible.,Complaint,Medium,synthetic
T03757,"Hello, Tracking not updating for order 10673. Plz respond asap.",Shipping,Low,synthetic
T03758,Parcel delivered bol raha hai par gate pe koi item nahi hai. Thanks for your help!,Shipping,High,synthetic
T03759,"Dear customer service, Tracking number 66654 has been stuck in transit at the hub for over 6 days without progress. Please advise as soon as possible.",Shipping,Medium,synthetic
T03760,Mera payment duplicate kat gaya hai. Looking forward to hearing back,Billing,Medium,synthetic
T03761,"Hi support team, Plan cancellation request. Plz respond asap.",Cancellation,Low,synthetic
T03762,"FYI, I paid extra for guaranteed next-day air shipping on order 46017 because of an urgent event. It has now been 4 days and the tracking status shows the package is still sitting at the local distribution facility. Please expedite delivery or refund express fees. Appreciate a quick update on this.",Shipping,High,synthetic
T03763,Quick question - Repeated system downtime and unannounced maintenance windows over the past month have disrupted our operations three times. We demand an immediate explanation from management and SLA service credits. Kindly look into this matter promptly.,Complaint,Critical,synthetic
T03764,"Hello, Wrong item delivered, money back. Looking forward to hearing back",Refund,Medium,synthetic
T03765,"FYI, Our team administrator suddenly lost access to the master workspace account after enabling SAML 2.0 SSO. The login screen loops indefinitely between the identity provider and portal without authenticating. We need urgent admin intervention. Kindly look into this matter promptly.",Account,Critical,synthetic
T03766,Urgent: Need tax invoice for order 31135. Kindly look into this matter promptly.,Billing,High,synthetic
T03767,"Dear customer service, Why does the mobile application crash every time I try to open the camera or upload a document? Plz respond asap.",Technical Support,Medium,synthetic
T03768,"Dear customer service, Repeated system downtime and unannounced maintenance windows over the past month have disrupted our operations three times. We demand an immediate explanation from management and SLA service credits. Appreciate a quick update on this.",Complaint,Critical,synthetic
T03769,Urgent: Do you offer non-profit or educational discounts for team subscription accounts? Kindly look into this matter promptly.,Product Inquiry,High,synthetic
T03770,"Plz help - Support agent closed my ticket 42313 marking it resolved, even though the bug is still happening! Looking forward to hearing back.",Complaint,High,synthetic
T03771,Urgent: Is macOS Sequoia supported? Contact me via email or phone.,Product Inquiry,High,synthetic
T03772,"Dear customer service, Please help unlock my account after entering wrong password three times. Please advise as soon as possible.",Account,Medium,synthetic
T03773,"Hi support team, Rude customer agent on call. Urgent attention required.",Complaint,Medium,synthetic
T03774,"Hello, Tracking not updating for order 32707. Appreciate a quick update on this",Shipping,Low,synthetic
T03775,"FYI, Our organization was charged a late fee penalty of $149.0 despite completing the wire transfer prior to the due date. Attached is our bank transaction confirmation for ur accounts team to verify and credit back. Contact me via email or phone.",Billing,Medium,synthetic
T03776,"Dear customer service, Please turn off automatic renewal for account 25697 so I am not charged next month. Kindly look into this matter promptly",Cancellation,Low,synthetic
T03777,"Hi support team, I placed order 30903 for an enterprise hardware component, but received a completely different consumer product model. Since this doesnt match the product specification or purchase order, I am returning the package and request a full refund including express shipping charges. Urgent attention required.",Refund,High,synthetic
T03778,"FYI, Our organization was charged a late fee penalty of $499.0 despite completing the wire transfer prior to the due date. Attached is our bank transaction confirmation for your accounts team to verify and credit back. Contact me via email or phone.",Billing,Medium,synthetic
T03779,Urgent: App crashes on launch. Appreciate a quick update on this.,Technical Support,High,synthetic
T03780,"Dear customer service, Why am I seeing two charges for the same order 51383 on my bank app? Appreciate a quick update on this.",Billing,Medium,synthetic
T03781,Plz help - Why am I seeing two charges for the same order 99783 on my bank app? Looking forward to hearing back.,Billing,Medium,synthetic
T03782,Plz help - Duplicate charge on statement. Urgent attention required.,Billing,Medium,synthetic
T03783,"Hey there, We are observing consistent memory leaks in the background daemon process on node 192.168.229.226. Memory utilization climbs to 99% within two hours of service start, eventually forcing a kernel panic and abrupt system reboot. Contact me via email or phone.",Technical Support,Critical,synthetic
T03784,"Hi support team, Need tax invoice for order 92345. Kindly look into this matter promptly",Billing,Low,synthetic
T03785,"Hi support team, Our scheduled virtual event was ruined due to continuous platform outages on your side. We paid $99.99 for premium hosting and request an immediate pro-rated credit refund to our corporate account balance. Kindly look into this matter promptly.",Refund,Medium,synthetic
T03786,"FYI, Requesting refund for order 17990. Plz respond asap",Refund,High,synthetic
T03787,"Hello, The item arrived with broken glass and torn packaging. I demand an immediate full refund. Please advise as soon as possible.",Refund,High,synthetic
T03788,Quick question - Wrong delivery address on order 59142. Plz respond asap.,Shipping,Medium,synthetic
T03789,"Hello, Support agent closed my ticket 82377 marking it resolved, even though the bug is still happening!",Complaint,High,synthetic
T03790,"Dear customer service, We are currently evaluating software solutions for a 300-person engineering team. Could you provide a comprehensive comparison document outlining feature differences between the Professional and Enterprise plans, along with volume discount schedules? Thanks for your help!",Product Inquiry,Low,synthetic
T03791,"Hi support team, No reply to urgent ticket for 48 hours despite paying for 24/7 premium support SLA. Urgent attention required",Complaint,High,synthetic
T03792,"FYI, Is macOS Sequoia supported? Plz respond asap.",Product Inquiry,Low,synthetic
T03793,"FYI, We are currently evaluating software solutions for a 300-person engineering team. Could you provide a comprehensive comparison document outlining feature differences between the Professional and Enterprise plans, along with volume discount schedules? Kindly look into this matter promptly",Product Inquiry,Low,synthetic
T03794,Plz help - Why am I not receiving the SMS two-factor authentication verification code on my registered mobile number? Thanks for your help!,Account,Medium,synthetic
T03795,Plz help - I paid extra for guaranteed next-day air shipping on order 39528 because of an urgent event. It has now been 4 days and the tracking status shows the package is still sitting at the local distribution facility. Please expedite delivery or refund express fees. Contact me via email or phone.,Shipping,High,synthetic
T03796,"FYI, The delivery driver left our electronic equipment package in heavy rain outside the warehouse gate without ringing the bell or getting a signature. Water soaked through the box. Please advise as soon as possible.",Shipping,High,synthetic
T03797,Quick question - Need tax invoice for order 83342. Plz respond asap.,Billing,Low,synthetic
T03798,"Plz help - I received an email stating my password was changed from an unknown location, but I did not initiate this.",Account,Critical,synthetic
T03799,"FYI, Double billing issue. Looking forward to hearing back.",Billing,Medium,synthetic
T03800,Plz help - The offline synchronization module fails to push local SQLite records to the cloud database when reconnecting to Wi-Fi. Data remains cached locally without throwing explicit log exceptions. Appreciate a quick update on this.,Technical Support,Medium,synthetic
T03801,"Hey there, Single Sign-On (SSO) authentication is throwing a redirect URI error for domain users. Please advise as soon as possible.",Account,High,synthetic
T03802,"Hey there, Ticket closed without resolution. Appreciate a quick update on this",Complaint,Medium,synthetic
T03803,Quick question - Cancel subscription immediately. Please advise as soon as possible,Cancellation,High,synthetic
T03804,"FYI, I paid extra for guaranteed next-day air shipping on order 61617 because of an urgent event. It has now been 4 days and the tracking status shows the package is still sitting at the local distribution facility. Please expedite delivery or refund express fees. Urgent attention required.",Shipping,High,synthetic
T03805,"FYI, I paid my monthly invoice yesterday, but the account dashboard still shows payment pending. Plz respond asap.",Billing,Medium,synthetic
T03806,"Urgent: The courier marked my parcel as delivered on the porch, but there is no package outside my house. Kindly look into this matter promptly.",Shipping,High,synthetic
T03807,Urgent: What are the minimum hardware and RAM requirements for running the server software on Linux?,Product Inquiry,High,synthetic
T03808,Plz help - Why does the mobile application crash every time I try to open the camera or upload a document? Plz respond asap.,Technical Support,Medium,synthetic
T03809,Quick question - Can I request a live demo session with a product specialist for model PRO-271? Plz respond asap.,Product Inquiry,Low,synthetic
T03810,"Dear customer service, Tracking link shows package held at border customs clearance depot. Thanks for your help!",Shipping,Low,synthetic
T03811,"Hello, Server error 500 on submit. Appreciate a quick update on this.",Technical Support,Critical,synthetic
T03812,Quick question - Requesting refund for order 48191. Contact me via email or phone.,Refund,Medium,synthetic
T03813,Quick question - The delivery driver left our electronic equipment package in heavy rain outside the warehouse gate without ringing the bell or getting a signature. Water soaked through the box. Contact me via email or phone,Shipping,High,synthetic
T03814,Ur representative was dismissive and unhelpful when I asked for assistance with system errors.,Complaint,Low,synthetic
T03815,"Hey there, We signed up under a free trial promotional banner, yet our company credit card was billed $19.99 on day one. We expect a full reversal of this unauthorized charge and correction of our subscription tier. Thanks for your help!",Billing,Critical,synthetic
T03816,Urgent: Do you offer non-profit or educational discounts for team subscription accounts? Contact me via email or phone,Product Inquiry,High,synthetic
T03817,"Dear customer service, There is an unrecognized charge of $49.0 on my credit card statement. Please advise as soon as possible.",Billing,Critical,synthetic
T03818,Our team administrator suddenly lost access to the master workspace account after enabling SAML 2.0 SSO. The login screen loops indefinitely between the identity provider and portal w/out authenticating. We need urgent admin intervention. Contact me via email or phone.,Account,Critical,synthetic
T03819,Plz help - Requesting refund for order 53238. Appreciate a quick update on this.,Refund,Medium,synthetic
T03820,Agent ne bina answer kiye ticket close kar diya,Complaint,Medium,synthetic
T03821,"Dear customer service, Please help unlock my account after entering wrong password three times.",Account,Low,synthetic
T03822,"Hi support team, Your representative was dismissive and unhelpful when I asked for assistance with system errors. Looking forward to hearing back.",Complaint,Low,synthetic
T03823,"Hi support team, Where to find user documentation? Kindly look into this matter promptly.",Product Inquiry,Low,synthetic
T03824,Quick question - Need tax invoice for order 65176.,Billing,Low,synthetic
T03825,"Hello, Bulk license pricing details? Appreciate a quick update on this.",Product Inquiry,Low,synthetic
T03826,"Hey there, VPN connection repeatedly drops every few minutes when connected to office network. Looking forward to hearing back.",Technical Support,High,synthetic
T03827,"Dear customer service, I returned package for order 18205 two weeks ago but haven't seen the refund credited to my bank account. Kindly look into this matter promptly.",Refund,Medium,synthetic
T03828,There is an unrecognized charge of $249.5 on my credit card statement. Contact me via email or phone.,Billing,Critical,synthetic
T03829,"Account balance se double amount deduct ho gaya, please check billing statement. Appreciate a quick update on this",Billing,Medium,synthetic
T03830,"Hey there, How can I change the primary administrator email address associated with our company portal? Thanks for your help!",Account,Low,synthetic
T03831,Plz help - The item arrived with broken glass and torn packaging. I demand an immediate full refund. Urgent attention required.,Refund,High,synthetic
T03832,Tracking not updating for order 36680. Kindly look into this matter promptly.,Shipping,Low,synthetic
T03833,Need tax invoice for order 80597. Please advise as soon as possible.,Billing,Medium,synthetic
T03834,Kripya invoice receipt email ID par bhej dijiye. Plz respond asap.,Billing,Low,synthetic
T03835,"Dear customer service, I placed order 20190 for an enterprise hardware component, but received a completely different consumer product model. Since this does not match the product specification or purchase order, I am returning the package and request a full refund including express shipping charges. Urgent attention required.",Refund,High,synthetic
T03836,"Hi support team, Can someone help resolve the DLL loading error on Windows 11 when starting the client application?",Technical Support,Medium,synthetic
T03837,Requesting refund for order 13860. Looking forward to hearing back.,Refund,Medium,synthetic
T03838,"Dear customer service, How do I cancel my pending order before it moves to the warehouse packing stage? Looking forward to hearing back.",Cancellation,Low,synthetic
T03839,Urgent: 2FA code not received. Appreciate a quick update on this.,Account,High,synthetic
T03840,"Hey there, Desktop software freezing.",Technical Support,Medium,synthetic
T03841,Quick question - Wrong delivery address on order 28948. Plz respond asap.,Shipping,Medium,synthetic
T03842,"Urgent: System cancelled my order due to stock shortage, but the money has not been refunded yet",Refund,High,synthetic
T03843,"FYI, Our scheduled virtual event was ruined due to continuous platform outages on your side. We paid $149.0 for premium hosting and request an immediate pro-rated credit refund to our corporate account balance. Contact me via email or phone.",Refund,Medium,synthetic
T03844,"Hi support team, Our scheduled virtual event was ruined due to continuous platform outages on your side. We paid $99.99 for premium hosting and request an immediate pro-rated credit refund to our corporate account balance. Please advise as soon as possible.",Refund,Medium,synthetic
T03845,"Dear customer service, Unannounced platform outage during business hours caused direct revenue loss for our company",Complaint,Critical,synthetic
T03846,Quick question - I returned package for order 44576 two weeks ago but haven't seen the refund credited to my bank account.,Refund,Medium,synthetic
T03847,"Quick question - We are currently evaluating software solutions for a 300-person engineering team. Could you provide a comprehensive comparison document outlining feature differences between the Professional and Enterprise plans, along with volume discount schedules? Plz respond asap",Product Inquiry,High,synthetic
T03848,"Hi support team, Page loading times have degraded significantly after the latest patch, causing request timeouts. Kindly look into this matter promptly.",Technical Support,Medium,synthetic
T03849,Plz help - Worst support experience ever. Looking forward to hearing back,Complaint,Low,synthetic
T03850,"Urgent: I was billed $149.0 this month, but my plan is supposed to be $79.99. Contact me via email or phone.",Billing,High,synthetic
T03851,Quick question - Double billing issue. Appreciate a quick update on this.,Billing,Medium,synthetic
T03852,"FYI, I returned package for order 26947 two weeks ago but haven't seen the refund credited to my bank account. Urgent attention required.",Refund,Medium,synthetic
T03853,Plz help - Tracking number 74077 has been stuck in transit at the hub for over 6 days without progress. Contact me via email or phone,Shipping,Medium,synthetic
T03854,Quick question - There is an unrecognized charge of $19.99 on my credit card statement.,Billing,Critical,synthetic
T03855,"Dear customer service, Plan cancellation request. Plz respond asap.",Cancellation,Low,synthetic
T03856,"Hi support team, Rude customer agent on call. Thanks for your help!",Complaint,Low,synthetic
T03857,"Dear customer service, I returned package for order 53135 two weeks ago but haven't seen the refund credited to my bank account. Looking forward to hearing back.",Refund,Medium,synthetic
T03858,System crash ho raha hai export click karte hi error code AUTH_DENIED ke saath. Thanks for your help!,Technical Support,Medium,synthetic
T03859,"Hi support team, Can I request a live demo session w/ a product specialist for model PRO-402? Appreciate a quick update on this",Product Inquiry,Low,synthetic
T03860,"Urgent: I placed order 61299 for an enterprise hardware component, but received a completely different consumer product model. Since this does not match the product specification or purchase order, I am returning the package and request a full refund including express shipping charges. Thanks for your help!",Refund,High,synthetic
T03861,API documentation link chahiye. Contact me via email or phone,Product Inquiry,Low,synthetic
T03862,"We signed up under a free trial promotional banner, yet our company credit card was billed $149.0 on day one. We expect a full reversal of this unauthorized charge and correction of our subscription tier. Kindly look into this matter promptly.",Billing,Critical,synthetic
T03863,Plz help - The delivery driver left our electronic equipment package in heavy rain outside the warehouse gate without ringing the bell or getting a signature. Water soaked through the box. Please advise as soon as possible.,Shipping,High,synthetic
T03864,Plz help - I am requesting complete account closure and permanent deletion of all personal stored data from your servers in compliance with privacy regulations. Kindly look into this matter promptly.,Account,Medium,synthetic
T03865,"Hi support team, I paid extra for guaranteed next-day air shipping on order 84870 because of an urgent event. It has now been 4 days and the tracking status shows the package is still sitting at the local distribution facility. Plz expedite delivery or refund express fees. Thanks for your help!",Shipping,High,synthetic
T03866,The item arrived with broken glass and torn packaging. I demand an immediate full refund. Contact me via email or phone.,Refund,High,synthetic
T03867,"Dear customer service, The item arrived with broken glass and torn packaging. I demand an immediate full refund. Please advise as soon as possible.",Refund,High,synthetic
T03868,"Hey there, Duplicate charge on statement.",Billing,Medium,synthetic
T03869,"Hi support team, Please help unlock my account after entering wrong password three times",Account,Low,synthetic
T03870,VPN connection repeatedly drops every few minutes when connected to office network. Contact me via email or phone,Technical Support,High,synthetic
T03871,Urgent: Could you tell me if your platform supports SAML 2.0 Single Sign-On for enterprise users? Looking forward to hearing back.,Product Inquiry,High,synthetic
T03872,Next month billing se pehle mera plan cancel kar do plz. Kindly look into this matter promptly.,Cancellation,Low,synthetic
T03873,Tracking link shows package held at border customs clearance depot. Contact me via email or phone.,Shipping,Low,synthetic
T03874,"Hi support team, Could you tell me if your platform supports SAML 2.0 Single Sign-On for enterprise users? Urgent attention required",Product Inquiry,High,synthetic
T03875,"Hey there, I returned package for order 90703 two weeks ago but haven't seen the refund credited to my bank account. Plz respond asap.",Refund,Medium,synthetic
T03876,"Dear customer service, I was billed $149.0 this month, but my plan is supposed to be $29.99",Billing,Medium,synthetic
T03877,Plz help - App crashes on launch. Contact me via email or phone.,Technical Support,Medium,synthetic
T03878,"Hello, App crashes on launch. Appreciate a quick update on this.",Technical Support,Medium,synthetic
T03879,Urgent: Our organization was charged a late fee penalty of $49.0 despite completing the wire transfer prior to the due date. Attached is our bank transaction confirmation for ur accounts team to verify and credit back. Looking forward to hearing back.,Billing,High,synthetic
T03880,"Hi support team, The delivery driver left our electronic equipment package in heavy rain outside the warehouse gate without ringing the bell or getting a signature. Water soaked through the box. Please advise as soon as possible.",Shipping,High,synthetic
T03881,"FYI, Do you offer non-profit or educational discounts for team subscription accounts? Kindly look into this matter promptly.",Product Inquiry,Low,synthetic
T03882,"Dear customer service, Cannot log into account. Thanks for ur help!",Account,High,synthetic
T03883,Please help unlock my account after entering wrong password three times,Account,Low,synthetic
T03884,"Hi support team, Our scheduled virtual event was ruined due to continuous platform outages on your side. We paid $99.99 for premium hosting and request an immediate pro-rated credit refund to our corporate account balance. Plz respond asap.",Refund,Medium,synthetic
T03885,"Hi support team, Turn off auto-renewal. Looking forward to hearing back.",Cancellation,Low,synthetic
T03886,"Dear customer service, I returned package for order 45342 two weeks ago but haven't seen the refund credited to my bank account. Plz respond asap.",Refund,Medium,synthetic
T03887,"FYI, I checked my credit card account this morning and noticed two separate line items for $149.0 on order 12459. I only submitted the checkout form once, so one of these transactions is clearly an error. Plz reverse the duplicate billing immediately. Appreciate a quick update on this.",Billing,High,synthetic
T03888,"Hello, Our scheduled virtual event was ruined due to continuous platform outages on your side. We paid $499.0 for premium hosting and request an immediate pro-rated credit refund to our corporate account balance.",Refund,Medium,synthetic
T03889,"FYI, I returned package for order 47425 two weeks ago but haven't seen the refund credited to my bank account",Refund,Medium,synthetic
T03890,"Dear customer service, Plan cancellation request. Urgent attention required.",Cancellation,Medium,synthetic
T03891,"Wrong item delivered, money back. Urgent attention required.",Refund,Medium,synthetic
T03892,"I checked my credit card account this morning and noticed two separate line items for $99.99 on order 90781. I only submitted the checkout form once, so one of these transactions is clearly an error. Please reverse the duplicate billing immediately. Thanks for your help!",Billing,High,synthetic
T03893,"Hello, Turn off auto-renewal. Kindly look into this matter promptly",Cancellation,Low,synthetic
T03894,"FYI, Could you tell me if your platform supports SAML 2.0 Single Sign-On for enterprise users? Looking forward to hearing back.",Product Inquiry,Low,synthetic
T03895,Quick question - Can I request a live demo session with a product specialist for model PRO-797? Appreciate a quick update on this.,Product Inquiry,Low,synthetic
T03896,"Plz help - Due to budget cuts in our organization, we can no longer maintain our active subscription plan. Please process account cancellation immediately and send written confirmation that auto-renew has been disabled. Kindly look into this matter promptly.",Cancellation,High,synthetic
T03897,"Hello, Page loading times have degraded significantly after the latest patch, causing request timeouts. Contact me via email or phone.",Technical Support,Medium,synthetic
T03898,Quick question - Unannounced platform outage during business hours caused direct revenue loss for our company. Plz respond asap.,Complaint,Critical,synthetic
T03899,Quick question - I am requesting complete account closure and permanent deletion of all personal stored data from your servers in compliance with privacy regulations. Thanks for your help!,Account,Medium,synthetic
T03900,"Hey there, Requesting refund for order 17418. Appreciate a quick update on this.",Refund,Medium,synthetic
T03901,"Hi support team, 2FA code not received. Looking forward to hearing back.",Account,Medium,synthetic
T03902,"FYI, Does the cloud storage infrastructure comply with SOC2 and HIPAA security certifications? Appreciate a quick update on this.",Product Inquiry,Medium,synthetic
T03903,"Dear customer service, Forgot password link expired. Thanks for your help!",Account,Low,synthetic
T03904,"Hello, Ever since updating to version 4.2 yesterday, our entire telemetry team has been unable to access the web portal. The page loads infinitely before displaying an internal server error (HTTP 500). This is blocking active customer operations. Appreciate a quick update on this.",Technical Support,Critical,synthetic
T03905,"Hi support team, Worst support experience ever. Please advise as soon as possible.",Complaint,Medium,synthetic
T03906,"Hey there, Is macOS Sequoia supported? Appreciate a quick update on this.",Product Inquiry,Low,synthetic
T03907,"FYI, Tracking number 47830 has been stuck in transit at the hub for over 6 days without progress. Plz respond asap.",Shipping,Medium,synthetic
T03908,"Hey there, We signed up under a free trial promotional banner, yet our company credit card was billed $499.0 on day one. We expect a full reversal of this unauthorized charge and correction of our subscription tier. Contact me via email or phone.",Billing,Critical,synthetic
T03909,"Plz help - The courier marked my parcel as delivered on the porch, but there is no package outside my house.",Shipping,High,synthetic
T03910,"Dear customer service, Need tax invoice for order 22358. Contact me via email or phone.",Billing,Low,synthetic
T03911,"Hi support team, The item arrived with broken glass and torn packaging. I demand an immediate full refund. Looking forward to hearing back.",Refund,High,synthetic
T03912,"System cancelled my order due to stock shortage, but the money has not been refunded yet.",Refund,Medium,synthetic
T03913,"FYI, Tracking number 40957 has been stuck in transit at the hub for over 6 days without progress. Urgent attention required.",Shipping,Medium,synthetic
T03914,"Hi support team, Turn off auto-renewal. Kindly look into this matter promptly.",Cancellation,Low,synthetic
T03915,Plz help - Our team administrator suddenly lost access to the master workspace account after enabling SAML 2.0 SSO. The login screen loops indefinitely between the identity provider and portal without authenticating. We need urgent admin intervention. Contact me via email or phone.,Account,Critical,synthetic
T03916,"Hi support team, Your representative was dismissive and unhelpful when I asked for assistance with system errors. Kindly look into this matter promptly.",Complaint,Low,synthetic
T03917,My parcel box arrived completely crushed with contents damaged during transport.,Shipping,High,synthetic
T03918,"Hey there, I paid extra for guaranteed next-day air shipping on order 35149 because of an urgent event. It has now been 4 days and the tracking status shows the package is still sitting at the local distribution facility. Please expedite delivery or refund express fees. Appreciate a quick update on this.",Shipping,High,synthetic
T03919,Account delete karvu che. Appreciate a quick update on this,Cancellation,Medium,synthetic
T03920,"Hello, Does product support dark mode? Looking forward to hearing back.",Product Inquiry,Low,synthetic
T03921,"Quick question - Router blinking red, internet down. Contact me via email or phone.",Technical Support,High,synthetic
T03922,"FYI, My parcel box arrived completely crushed with contents damaged during transport. Thanks for your help!",Shipping,High,synthetic
T03923,"Hello, Tracking not updating for order 79508.",Shipping,Low,synthetic
T03924,"FYI, Our scheduled virtual event was ruined due to continuous platform outages on your side. We paid $49.0 for premium hosting and request an immediate pro-rated credit refund to our corporate account balance. Contact me via email or phone.",Refund,Medium,synthetic
T03925,Urgent: Tracking not updating for order 81777. Looking forward to hearing back.,Shipping,High,synthetic
T03926,VPN connection repeatedly drops every few minutes when connected to office network. Plz respond asap.,Technical Support,High,synthetic
T03927,"Dear customer service, 2FA code not received. Plz respond asap.",Account,Medium,synthetic
T03928,Plz help - Can someone help resolve the DLL loading error on Windows 11 when starting the client application? Looking forward to hearing back.,Technical Support,Medium,synthetic
T03929,"FYI, Tracking not updating for order 26299. Kindly look into this matter promptly.",Shipping,Low,synthetic
T03930,Quick question - Double billing issue. Contact me via email or phone.,Billing,Medium,synthetic
T03931,"Hey there, Please help unlock my account after entering wrong password three times.",Account,Low,synthetic
T03932,Quick question - Unannounced platform outage during business hours caused direct revenue loss for our company. Contact me via email or phone.,Complaint,Critical,synthetic
T03933,"Hi support team, Wrong item delivered, money back. Appreciate a quick update on this.",Refund,Medium,synthetic
T03934,Quick question - What are the minimum hardware and RAM requirements for running the server software on Linux? Kindly look into this matter promptly.,Product Inquiry,Low,synthetic
T03935,Quick question - Rude customer agent on call. Thanks for ur help!,Complaint,Low,synthetic
T03936,"Hi support team, Our organization was charged a late fee penalty of $99.99 despite completing the wire transfer prior to the due date. Attached is our bank transaction confirmation for your accounts team to verify and credit back.",Billing,Medium,synthetic
T03937,"Plz help - Support agent closed my ticket 47689 marking it resolved, even though the bug is still happening! Kindly look into this matter promptly",Complaint,High,synthetic
T03938,"Dear customer service, The cancellation button is missing from my account billing settings page. Please cancel for me. Urgent attention required.",Cancellation,Medium,synthetic
T03939,"Hello, Ticket closed without resolution. Kindly look into this matter promptly.",Complaint,Medium,synthetic
T03940,Urgent: Tracking link shows package held at border customs clearance depot.,Shipping,High,synthetic
T03941,"Hi support team, The offline synchronization module fails to push local SQLite records to the cloud database when reconnecting to Wi-Fi. Data remains cached locally without throwing explicit log exceptions. Thanks for your help!",Technical Support,Medium,synthetic
T03942,"Hey there, Wrong delivery address on order 11040. Please advise as soon as possible.",Shipping,Medium,synthetic
T03943,"FYI, Our scheduled virtual event was ruined due to continuous platform outages on your side. We paid $149.0 for premium hosting and request an immediate pro-rated credit refund to our corporate account balance. Contact me via email or phone",Refund,Medium,synthetic
T03944,Quick question - Double billing issue. Kindly look into this matter promptly,Billing,Medium,synthetic
T03945,"Dear customer service, Support agent closed my ticket 86358 marking it resolved, even though the bug is still happening! Contact me via email or phone.",Complaint,High,synthetic
T03946,Plz help - The item arrived with broken glass and torn packaging. I demand an immediate full refund. Please advise as soon as possible,Refund,High,synthetic
T03947,"Hi support team, Why am I seeing two charges for the same order 77987 on my bank app? Contact me via email or phone.",Billing,Medium,synthetic
T03948,Quick question - Payment failed but money deducted. Plz respond asap.,Billing,High,synthetic
T03949,"Hi support team, I am terminating our contract effective today because key features promised during sales onboarding remain unreleased. Please confirm cancellation of invoice 82199 and remove recorded credit card details. Urgent attention required.",Cancellation,Medium,synthetic
T03950,"Dear customer service, The cancellation button is missing from my account billing settings page. Please cancel for me. Kindly look into this matter promptly.",Cancellation,Medium,synthetic
T03951,"Plz help - The courier marked my parcel as delivered on the porch, but there is no package outside my house. Urgent attention required.",Shipping,High,synthetic
T03952,"FYI, System cancelled my order due to stock shortage, but the money has not been refunded yet. Kindly look into this matter promptly.",Refund,Medium,synthetic
T03953,"Dear customer service, I accidentally renewed the wrong tier subscription yesterday. Is it possible to get a refund? Plz respond asap",Refund,High,synthetic
T03954,"Hi support team, App crashes on launch. Kindly look into this matter promptly",Technical Support,Medium,synthetic
T03955,"Hello, Can I request a live demo session with a product specialist for model PRO-337? Appreciate a quick update on this.",Product Inquiry,Low,synthetic
T03956,System crash ho raha hai export click karte hi error code NULL_POINTER_EXC ke saath. Plz respond asap.,Technical Support,Medium,synthetic
T03957,Urgent: I am terminating our contract effective today because key features promised during sales onboarding remain unreleased. Please confirm cancellation of invoice 37258 and remove recorded credit card details.,Cancellation,High,synthetic
T03958,Urgent: Turn off auto-renewal. Looking forward to hearing back.,Cancellation,High,synthetic
T03959,Plz help - How can I change the primary administrator email address associated with our company portal? Urgent attention required.,Account,Medium,synthetic
T03960,Urgent: Rude customer agent on call. Kindly look into this matter promptly.,Complaint,High,synthetic
T03961,"Hello, Worst support experience ever. Thanks for your help!",Complaint,Low,synthetic
T03962,"Dear customer service, Do you offer non-profit or educational discounts for team subscription accounts? Looking forward to hearing back.",Product Inquiry,Low,synthetic
T03963,There is an unrecognized charge of $499.0 on my credit card statement. Appreciate a quick update on this.,Billing,Critical,synthetic
T03964,"Hello, No reply to urgent ticket for 48 hours despite paying for 24/7 premium support SLA. Looking forward to hearing back.",Complaint,High,synthetic
T03965,Quick question - Package marked delivered but missing. Urgent attention required.,Shipping,Critical,synthetic
T03966,"Hi support team, Charged twice for order 36794. Plz respond asap.",Billing,Medium,synthetic
T03967,"Hi support team, We are observing consistent memory leaks in the background daemon process on node 192.168.151.12. Memory utilization climbs to 99% within two hours of service start, eventually forcing a kernel panic and abrupt system reboot. Kindly look into this matter promptly.",Technical Support,Critical,synthetic
T03968,"Hi support team, Could you tell me if your platform supports SAML 2.0 Single Sign-On for enterprise users? Contact me via email or phone.",Product Inquiry,Low,synthetic
T03969,Quick question - Package marked delivered but missing. Plz respond asap.,Shipping,Critical,synthetic
T03970,Urgent: Charged twice for order 23453.,Billing,High,synthetic
T03971,"Dear customer service, Close my account. Plz respond asap.",Cancellation,Medium,synthetic
T03972,Plz help - Bulk license pricing details? Appreciate a quick update on this.,Product Inquiry,Low,synthetic
T03973,Plz help - Account locked after failed logins. Kindly look into this matter promptly.,Account,High,synthetic
T03974,Urgent: Please turn off automatic renewal for account 80494 so I am not charged next month. Plz respond asap.,Cancellation,High,synthetic
T03975,Urgent: Tracking number 29225 has been stuck in transit at the hub for over 6 days without progress. Contact me via email or phone.,Shipping,High,synthetic
T03976,"FYI, Need tax invoice for order 41584. Thanks for your help!",Billing,Low,synthetic
T03977,Quick question - Can I request a live demo session with a product specialist for model PRO-633? Kindly look into this matter promptly,Product Inquiry,Low,synthetic
T03978,Quick question - I am terminating our contract effective today because key features promised during sales onboarding remain unreleased. Please confirm cancellation of invoice 42674 and remove recorded credit card details. Please advise as soon as possible.,Cancellation,Medium,synthetic
T03979,Quick question - Desktop software freezing. Please advise as soon as possible.,Technical Support,Medium,synthetic
T03980,"Hi support team, Database connection timeout. Please advise as soon as possible.",Technical Support,Critical,synthetic
T03981,Quick question - I paid extra for guaranteed next-day air shipping on order 21590 because of an urgent event. It has now been 4 days and the tracking status shows the package is still sitting at the local distribution facility. Please expedite delivery or refund express fees.,Shipping,High,synthetic
T03982,Why does the mobile application crash every time I try to open the camera or upload a document? Urgent attention required.,Technical Support,Medium,synthetic
T03983,"I received an email stating my password was changed from an unknown location, but I did not initiate this.",Account,Critical,synthetic
T03984,Plz help - I have been on hold for over 45 minutes without anyone picking up my call. This service is terrible. Please advise as soon as possible.,Complaint,Medium,synthetic
T03985,"Dear customer service, Unrecognized login notification received. Thanks for your help!",Account,Critical,synthetic
T03986,"Hi support team, There is an unrecognized charge of $149.0 on my credit card statement. Contact me via email or phone.",Billing,Critical,synthetic
T03987,Pakka refund kab tak milega order 16598 ka? Urgent attention required.,Refund,Medium,synthetic
T03988,Subscription end karo. Looking forward to hearing back,Cancellation,Low,synthetic
T03989,"Dear customer service, Do you offer non-profit or educational discounts for team subscription accounts? Contact me via email or phone.",Product Inquiry,Low,synthetic
T03990,Quick question - App crashes on launch. Urgent attention required.,Technical Support,Medium,synthetic
T03991,Urgent: Can I request a live demo session with a product specialist for model PRO-945?,Product Inquiry,High,synthetic
T03992,"Hey there, Can you please send me an official VAT receipt and tax invoice for billing period Feb 2026? Thanks for your help!",Billing,Low,synthetic
T03993,"I paid my monthly invoice yesterday, but the account dashboard still shows payment pending. Thanks for your help!",Billing,Medium,synthetic
T03994,"Hello, Where is my parcel? Please advise as soon as possible.",Shipping,Medium,synthetic
T03995,Urgent: The offline synchronization module fails to push local SQLite records to the cloud database when reconnecting to Wi-Fi. Data remains cached locally w/out throwing explicit log exceptions.,Technical Support,High,synthetic
T03996,Urgent: Double billing issue. Looking forward to hearing back.,Billing,High,synthetic
T03997,Quick question - 2FA code not received. Please advise as soon as possible.,Account,Medium,synthetic
T03998,"Hi support team, Rude customer agent on call. Plz respond asap.",Complaint,Low,synthetic
T03999,Urgent: Can I request a live demo session with a product specialist for model PRO-873? Plz respond asap.,Product Inquiry,High,synthetic
T04000,Wrong delivery address on order 65569. Urgent attention required,Shipping,High,synthetic
T04001,"Hi support team, Need tax invoice for order 32439. Please advise as soon as possible.",Billing,Medium,synthetic
T04002,"Ever since updating to version 4.2 yesterday, our entire telemetry team has been unable to access the web portal. The page loads infinitely before displaying an internal server error (HTTP 500). This is blocking active customer operations.",Technical Support,Critical,synthetic
T04003,"Hey there, Forgot password link expired. Contact me via email or phone.",Account,Low,synthetic
T04004,"Hi support team, I accidentally renewed the wrong tier subscription yesterday. Is it possible to get a refund? Looking forward to hearing back.",Refund,Low,synthetic
T04005,"FYI, No reply to urgent ticket for 48 hours despite paying for 24/7 premium support SLA. Thanks for your help!",Complaint,High,synthetic
T04006,"Dear customer service, Ever since updating to version 4.2 yesterday, our entire telemetry team has been unable to access the web portal. The page loads infinitely before displaying an internal server error (HTTP 500). This is blocking active customer operations. Plz respond asap.",Technical Support,Critical,synthetic
T04007,"Dear customer service, Account locked after failed logins. Please advise as soon as possible",Account,High,synthetic
T04008,"Hello, I am terminating our contract effective today because key features promised during sales onboarding remain unreleased. Please confirm cancellation of invoice 85712 and remove recorded credit card details. Plz respond asap",Cancellation,High,synthetic
T04009,"Hi support team, Repeated system downtime and unannounced maintenance windows over the past month have disrupted our operations three times. We demand an immediate explanation from management and SLA service credits. Contact me via email or phone.",Complaint,Critical,synthetic
T04010,Quick question - Ticket closed w/out resolution. Kindly look into this matter promptly.,Complaint,Medium,synthetic
T04011,"Hello, Does your REST API support webhook event subscriptions for real-time order status updates, and where can we access the OpenAPI / Swagger documentation for testing? Thanks for your help!",Product Inquiry,Low,synthetic
T04012,"Plz help - I was billed $99.99 this month, but my plan is supposed to be $29.99. Contact me via email or phone.",Billing,Medium,synthetic
T04013,Wrong delivery address on order 22008. Urgent attention required.,Shipping,Medium,synthetic
T04014,"Hi support team, Could you tell me if your platform supports SAML 2.0 Single Sign-On for enterprise users? Plz advise as soon as possible.",Product Inquiry,Medium,synthetic
T04015,"Quick question - I received an email stating my password was changed from an unknown location, but I did not initiate this. Please advise as soon as possible.",Account,Critical,synthetic
T04016,Urgent: Desktop software freezing. Thanks for your help!,Technical Support,High,synthetic
T04017,"Hello, Unrecognized login notification received. Plz respond asap.",Account,Critical,synthetic
T04018,"Dear customer service, I accidentally renewed the wrong tier subscription yesterday. Is it possible to get a refund? Plz respond asap.",Refund,Low,synthetic
T04019,Plz help - Double billing issue. Looking forward to hearing back.,Billing,Medium,synthetic
T04020,"Hello, Our backend production database server at 192.168.245.158 is refusing incoming connections with error SOCKET_TIMEOUT. Plz respond asap.",Technical Support,Critical,synthetic
T04021,Quick question - My parcel box arrived completely crushed w/ contents damaged during transport. Please advise as soon as possible.,Shipping,High,synthetic
T04022,Website completely crash ho gaya hai. Looking forward to hearing back,Technical Support,Critical,synthetic
T04023,Aa product ma discount milse? Thanks for ur help!,Product Inquiry,Low,synthetic
T04024,Plz help - Wrong delivery address on order 98841. Plz respond asap.,Shipping,Medium,synthetic
T04025,"Hi support team, Payment failed but money deducted. Appreciate a quick update on this.",Billing,High,synthetic
T04026,Plz help - Account locked after failed logins. Appreciate a quick update on this.,Account,High,synthetic
T04027,"Hey there, Need tax invoice for order 88059. Contact me via email or phone.",Billing,Low,synthetic
T04028,"Hi support team, Plan cancellation request. Contact me via email or phone.",Cancellation,Low,synthetic
T04029,"Account balance se double amount deduct ho gaya, please check billing statement. Looking forward to hearing back",Billing,Medium,synthetic
T04030,"Hey there, There is an unrecognized charge of $19.99 on my credit card statement. Contact me via email or phone.",Billing,Critical,synthetic
T04031,Where is my pending refund? Thanks for your help!,Refund,Medium,synthetic
T04032,"Hello, I would like to cancel my monthly subscription effective before the next billing cycle. Appreciate a quick update on this.",Cancellation,Low,synthetic
T04033,"Hello, Why am I seeing two charges for the same order 10287 on my bank app? Please advise as soon as possible.",Billing,Medium,synthetic
T04034,Urgent: Your representative was dismissive and unhelpful when I asked for assistance with system errors. Appreciate a quick update on this.,Complaint,High,synthetic
T04035,"Dear customer service, Tracking number 33567 has been stuck in transit at the hub for over 6 days without progress. Plz advise as soon as possible.",Shipping,Medium,synthetic
T04036,"Hi support team, Could you tell me if your platform supports SAML 2.0 Single Sign-On for enterprise users? Plz respond asap.",Product Inquiry,Low,synthetic
T04037,"FYI, Ticket closed without resolution. Contact me via email or phone.",Complaint,Medium,synthetic
T04038,"FYI, I have been on hold for over 45 minutes without anyone picking up my call. This service is terrible. Kindly look into this matter promptly.",Complaint,Medium,synthetic
T04039,Parcel delivered bol raha hai par gate pe koi item nahi hai. Contact me via email or phone,Shipping,High,synthetic
T04040,Delivery kab tak aayegi? Appreciate a quick update on this,Shipping,Low,synthetic
T04041,"Hello, Desktop software freezing. Plz respond asap.",Technical Support,Medium,synthetic
T04042,Quick question - Package marked delivered but missing. Plz advise as soon as possible.,Shipping,Critical,synthetic
T04043,"Dear customer service, Where is my pending refund?",Refund,Medium,synthetic
T04044,"FYI, Page loading times have degraded significantly after the latest patch, causing request timeouts. Looking forward to hearing back.",Technical Support,Medium,synthetic
T04045,Quick question - Requesting refund for order 35041. Kindly look into this matter promptly,Refund,Medium,synthetic
T04046,Plz help - Tracking link shows package held at border customs clearance depot. Plz respond asap.,Shipping,Low,synthetic
T04047,Urgent: Tracking number 19973 has been stuck in transit at the hub for over 6 days without progress. Urgent attention required.,Shipping,High,synthetic
T04048,"Hello, Requesting refund for order 94120. Urgent attention required.",Refund,Medium,synthetic
T04049,Plz help - Service downtime ruined our demo. Plz respond asap.,Complaint,Critical,synthetic
T04050,"FYI, My parcel box arrived completely crushed with contents damaged during transport.",Shipping,High,synthetic
T04051,"FYI, I would like to cancel my monthly subscription effective before the next billing cycle.",Cancellation,Low,synthetic
T04052,"Hi support team, Requesting refund for order 17855. Please advise as soon as possible.",Refund,Medium,synthetic
T04053,Plz help - Do you offer non-profit or educational discounts for team subscription accounts?,Product Inquiry,Low,synthetic
T04054,Urgent: Tracking not updating for order 24444. Contact me via email or phone.,Shipping,High,synthetic
T04055,"Hi support team, I am filing a formal complaint regarding misleading feature advertising on your pricing page. We purchased the business plan based on promised custom integration features, only to discover after onboarding that the API is not included. Kindly look into this matter promptly.",Complaint,Medium,synthetic
T04056,"FYI, I am terminating our contract effective today because key features promised during sales onboarding remain unreleased. Please confirm cancellation of invoice 53456 and remove recorded credit card details. Looking forward to hearing back.",Cancellation,Medium,synthetic
T04057,"FYI, Page loading times have degraded significantly after the latest patch, causing request timeouts. Urgent attention required.",Technical Support,Medium,synthetic
T04058,Quick question - I returned package for order 73432 two weeks ago but haven't seen the refund credited to my bank account. Urgent attention required,Refund,High,synthetic
T04059,"Plz help - We are observing consistent memory leaks in the background daemon process on node 192.168.51.181. Memory utilization climbs to 99% w/in two hours of service start, eventually forcing a kernel panic and abrupt system reboot. Appreciate a quick update on this.",Technical Support,Critical,synthetic
T04060,"Hi support team, Worst support experience ever. Thanks for your help!",Complaint,Low,synthetic
T04061,"Quick question - I checked my credit card account this morning and noticed two separate line items for $249.5 on order 84691. I only submitted the checkout form once, so one of these transactions is clearly an error. Please reverse the duplicate billing immediately. Urgent attention required.",Billing,High,synthetic
T04062,"Hello, Payment failed but money deducted. Kindly look into this matter promptly",Billing,High,synthetic
T04063,"Hey there, Does your REST API support webhook event subscriptions for real-time order status updates, and where can we access the OpenAPI / Swagger documentation for testing? Contact me via email or phone.",Product Inquiry,Low,synthetic
T04064,"Hello, Please turn off automatic renewal for account 46634 so I am not charged next month. Contact me via email or phone.",Cancellation,Low,synthetic
T04065,"Hi support team, What are the minimum hardware and RAM requirements for running the server software on Linux? Kindly look into this matter promptly",Product Inquiry,Low,synthetic
T04066,Quick question - Duplicate charge on statement. Plz respond asap.,Billing,Medium,synthetic
T04067,Quick question - There is an unrecognized charge of $99.99 on my credit card statement. Thanks for your help!,Billing,Critical,synthetic
T04068,"Hi support team, Duplicate charge on statement. Please advise as soon as possible.",Billing,Medium,synthetic
T04069,Quick question - Cancel subscription immediately. Thanks for ur help!,Cancellation,High,synthetic
T04070,"Hi support team, I placed order 29588 for an enterprise hardware component, but received a completely different consumer product model. Since this does not match the product specification or purchase order, I am returning the package and request a full refund including express shipping charges. Please advise as soon as possible.",Refund,High,synthetic
T04071,"Dear customer service, Where to find user documentation? Kindly look into this matter promptly.",Product Inquiry,Low,synthetic
T04072,Urgent: Rude customer agent on call. Appreciate a quick update on this,Complaint,High,synthetic
T04073,Quick question - Ticket closed without resolution. Kindly look into this matter promptly.,Complaint,Medium,synthetic
T04074,Plz help - Plan cancellation request. Looking forward to hearing back.,Cancellation,Low,synthetic
T04075,"FYI, Payment failed but money deducted. Contact me via email or phone.",Billing,High,synthetic
T04076,"Hey there, Requesting refund for order 34417. Please advise as soon as possible",Refund,Medium,synthetic
T04077,"FYI, Requesting refund for order 47316. Kindly look into this matter promptly.",Refund,Medium,synthetic
T04078,"Dear customer service, App crashes on launch. Kindly look into this matter promptly.",Technical Support,Medium,synthetic
T04079,Account delete karvu che. Please advise as soon as possible,Cancellation,Medium,synthetic
T04080,Urgent: We are migrating to a different vendor and request complete contract termination. Looking forward to hearing back.,Cancellation,High,synthetic
T04081,"Hi support team, Due to budget cuts in our organization, we can no longer maintain our active subscription plan. Please process account cancellation immediately and send written confirmation that auto-renew has been disabled. Kindly look into this matter promptly",Cancellation,High,synthetic
T04082,Urgent: Why am I not receiving the SMS two-factor authentication verification code on my registered mobile number? Thanks for your help!,Account,High,synthetic
T04083,Plz help - Can someone help resolve the DLL loading error on Windows 11 when starting the client application? Thanks for your help!,Technical Support,Medium,synthetic
T04084,"Hey there, No reply to urgent ticket for 48 hours despite paying for 24/7 premium support SLA. Appreciate a quick update on this",Complaint,High,synthetic
T04085,"FYI, I paid extra for guaranteed next-day air shipping on order 42051 because of an urgent event. It has now been 4 days and the tracking status shows the package is still sitting at the local distribution facility. Please expedite delivery or refund express fees. Kindly look into this matter promptly.",Shipping,High,synthetic
T04086,"Hey there, Can someone help resolve the DLL loading error on Windows 11 when starting the client application? Urgent attention required",Technical Support,High,synthetic
T04087,"Hi support team, Single Sign-On (SSO) authentication is throwing a redirect URI error for domain users. Appreciate a quick update on this.",Account,High,synthetic
T04088,Quick question - Tracking number 26564 has been stuck in transit at the hub for over 6 days without progress. Please advise as soon as possible.,Shipping,Medium,synthetic
T04089,"Hey there, I have been on hold for over 45 minutes without anyone picking up my call. This service is terrible. Appreciate a quick update on this",Complaint,Medium,synthetic
T04090,"Hello, Need tax invoice for order 36894. Please advise as soon as possible",Billing,Medium,synthetic
T04091,Tracking number 31860 has been stuck in transit at the hub for over 6 days without progress. Appreciate a quick update on this.,Shipping,Medium,synthetic
T04092,Plz help - Why am I seeing two charges for the same order 87564 on my bank app?,Billing,Medium,synthetic
T04093,I accidentally renewed the wrong tier subscription yesterday. Is it possible to get a refund? Appreciate a quick update on this.,Refund,Low,synthetic
T04094,"Hi support team, No reply to urgent ticket for 48 hours despite paying for 24/7 premium support SLA. Looking forward to hearing back.",Complaint,High,synthetic
T04095,Our scheduled virtual event was ruined due to continuous platform outages on your side. We paid $249.5 for premium hosting and request an immediate pro-rated credit refund to our corporate account balance.,Refund,Medium,synthetic
T04096,"Hi support team, Can you please send me an official VAT receipt and tax invoice for billing period Jan 2026? Thanks for your help!",Billing,Low,synthetic
T04097,"Urgent: Does your REST API support webhook event subscriptions for real-time order status updates, and where can we access the OpenAPI / Swagger documentation for testing? Thanks for your help!",Product Inquiry,High,synthetic
T04098,"Hey there, Requesting refund for order 62909. Contact me via email or phone.",Refund,Medium,synthetic
T04099,"FYI, Database connection timeout. Contact me via email or phone",Technical Support,Critical,synthetic
T04100,Plz help - I returned package for order 76517 two weeks ago but haven't seen the refund credited to my bank account. Plz respond asap.,Refund,Medium,synthetic
T04101,Quick question - Is macOS Sequoia supported? Looking forward to hearing back.,Product Inquiry,Low,synthetic
T04102,"Hi support team, Damaged product, refund needed.",Refund,Medium,synthetic
T04103,I am terminating our contract effective today because key features promised during sales onboarding remain unreleased. Please confirm cancellation of invoice 53857 and remove recorded credit card details. Contact me via email or phone,Cancellation,Medium,synthetic
T04104,Quick question - Wrong delivery address on order 91676. Thanks for ur help!,Shipping,Medium,synthetic
T04105,Account login nahi ho raha hai. Thanks for ur help!,Account,High,synthetic
T04106,"FYI, I am requesting complete account closure and permanent deletion of all personal stored data from your servers in compliance with privacy regulations. Plz respond asap",Account,High,synthetic
T04107,"Hello, I returned package for order 23129 two weeks ago but haven't seen the refund credited to my bank account. Please advise as soon as possible.",Refund,Medium,synthetic
T04108,"FYI, Database connection timeout. Plz respond asap.",Technical Support,Critical,synthetic
T04109,"Hello, Server error 500 on submit. Please advise as soon as possible.",Technical Support,Critical,synthetic
T04110,Close my account. Urgent attention required.,Cancellation,Medium,synthetic
T04111,Requesting refund for order 50060. Contact me via email or phone,Refund,Medium,synthetic
T04112,"Urgent: I checked my credit card account this morning and noticed two separate line items for $49.0 on order 16975. I only submitted the checkout form once, so one of these transactions is clearly an error. Please reverse the duplicate billing immediately. Urgent attention required.",Billing,High,synthetic
T04113,"Dear customer service, We signed up under a free trial promotional banner, yet our company credit card was billed $249.5 on day one. We expect a full reversal of this unauthorized charge and correction of our subscription tier. Thanks for your help!",Billing,Critical,synthetic
T04114,Urgent: Ticket closed without resolution. Urgent attention required.,Complaint,High,synthetic
T04115,"Hello, Our organization was charged a late fee penalty of $99.99 despite completing the wire transfer prior to the due date. Attached is our bank transaction confirmation for your accounts team to verify and credit back. Contact me via email or phone.",Billing,Medium,synthetic
T04116,"FYI, The delivery driver left our electronic equipment package in heavy rain outside the warehouse gate without ringing the bell or getting a signature. Water soaked through the box. Looking forward to hearing back.",Shipping,High,synthetic
T04117,Plz help - Turn off auto-renewal. Kindly look into this matter promptly.,Cancellation,Low,synthetic
T04118,"Hello, Our organization was charged a late fee penalty of $149.0 despite completing the wire transfer prior to the due date. Attached is our bank transaction confirmation for your accounts team to verify and credit back. Appreciate a quick update on this.",Billing,Medium,synthetic
T04119,"Dear customer service, Worst support experience ever. Kindly look into this matter promptly.",Complaint,Low,synthetic
T04120,Plz help - Tracking not updating for order 70487. Kindly look into this matter promptly,Shipping,Low,synthetic
T04121,"FYI, Repeated system downtime and unannounced maintenance windows over the past month have disrupted our operations three times. We demand an immediate explanation from management and SLA service credits. Plz respond asap.",Complaint,Critical,synthetic
T04122,"Hello, System cancelled my order due to stock shortage, but the money has not been refunded yet. Plz advise as soon as possible.",Refund,Medium,synthetic
T04123,Duplicate charge on statement. Urgent attention required.,Billing,Medium,synthetic
T04124,"Plz help - Ever since updating to version 4.2 yesterday, our entire telemetry team has been unable to access the web portal. The page loads infinitely before displaying an internal server error (HTTP 500). This is blocking active customer operations. Kindly look into this matter promptly",Technical Support,Critical,synthetic
T04125,Urgent: Close my account. Thanks for your help!,Cancellation,High,synthetic
T04126,"Hi support team, Does the cloud storage infrastructure comply with SOC2 and HIPAA security certifications? Thanks for your help!",Product Inquiry,Medium,synthetic
T04127,"Hey there, Why does the mobile application crash every time I try to open the camera or upload a document? Please advise as soon as possible.",Technical Support,Medium,synthetic
T04128,Quick question - There is an unrecognized charge of $249.5 on my credit card statement. Plz respond asap.,Billing,Critical,synthetic
T04129,"Hey there, Our organization was charged a late fee penalty of $149.0 despite completing the wire transfer prior to the due date. Attached is our bank transaction confirmation for your accounts team to verify and credit back.",Billing,Medium,synthetic
T04130,"Hello, Can I request a live demo session with a product specialist for model PRO-536? Please advise as soon as possible.",Product Inquiry,Medium,synthetic
T04131,"Hey there, Your representative was dismissive and unhelpful when I asked for assistance w/ system errors. Kindly look into this matter promptly.",Complaint,Low,synthetic
T04132,"Hello, Our scheduled virtual event was ruined due to continuous platform outages on your side. We paid $99.99 for premium hosting and request an immediate pro-rated credit refund to our corporate account balance. Contact me via email or phone.",Refund,Medium,synthetic
T04133,"Dear customer service, Bulk license pricing details? Looking forward to hearing back.",Product Inquiry,Low,synthetic
T04134,"I placed order 50729 for an enterprise hardware component, but received a completely different consumer product model. Since this does not match the product specification or purchase order, I am returning the package and request a full refund including express shipping charges. Please advise as soon as possible.",Refund,High,synthetic
T04135,"FYI, Our scheduled virtual event was ruined due to continuous platform outages on your side. We paid $99.99 for premium hosting and request an immediate pro-rated credit refund to our corporate account balance. Plz respond asap.",Refund,Medium,synthetic
T04136,"Hello, Our scheduled virtual event was ruined due to continuous platform outages on your side. We paid $99.99 for premium hosting and request an immediate pro-rated credit refund to our corporate account balance. Urgent attention required.",Refund,Medium,synthetic
T04137,"Hello, The item arrived with broken glass and torn packaging. I demand an immediate full refund. Appreciate a quick update on this.",Refund,High,synthetic
T04138,"FYI, Where to find user documentation? Looking forward to hearing back.",Product Inquiry,Low,synthetic
T04139,Could you tell me if your platform supports SAML 2.0 Single Sign-On for enterprise users? Plz respond asap.,Product Inquiry,Low,synthetic
T04140,"Hello, I was billed $149.0 this month, but my plan is supposed to be $29.99. Looking forward to hearing back.",Billing,Medium,synthetic
T04141,"Hello, The item arrived with broken glass and torn packaging. I demand an immediate full refund. Thanks for your help!",Refund,High,synthetic
T04142,"Dear customer service, We are currently evaluating software solutions for a 300-person engineering team. Could you provide a comprehensive comparison document outlining feature differences between the Professional and Enterprise plans, along with volume discount schedules? Looking forward to hearing back.",Product Inquiry,Low,synthetic
T04143,Plz help - Worst support experience ever.,Complaint,Low,synthetic
T04144,Quick question - Payment failed but money deducted. Kindly look into this matter promptly.,Billing,High,synthetic
T04145,Urgent: Server error 500 on submit. Plz respond asap.,Technical Support,Critical,synthetic
T04146,"Urgent: I placed order 83580 for an enterprise hardware component, but received a completely different consumer product model. Since this does not match the product specification or purchase order, I am returning the package and request a full refund including express shipping charges. Appreciate a quick update on this",Refund,High,synthetic
T04147,Plz help - Payment failed but money deducted,Billing,High,synthetic
T04148,"Hey there, The item arrived w/ broken glass and torn packaging. I demand an immediate full refund. Thanks for your help!",Refund,High,synthetic
T04149,"Urgent: Wrong item delivered, money back. Urgent attention required.",Refund,High,synthetic
T04150,Plz help - The offline synchronization module fails to push local SQLite records to the cloud database when reconnecting to Wi-Fi. Data remains cached locally without throwing explicit log exceptions. Kindly look into this matter promptly.,Technical Support,Medium,synthetic
T04151,"Hello, Due to budget cuts in our organization, we can no longer maintain our active subscription plan. Plz process account cancellation immediately and send written confirmation that auto-renew has been disabled. Urgent attention required.",Cancellation,High,synthetic
T04152,"Dear customer service, Can someone help resolve the DLL loading error on Windows 11 when starting the client application? Contact me via email or phone",Technical Support,Medium,synthetic
T04153,"FYI, Cancel subscription immediately. Appreciate a quick update on this.",Cancellation,High,synthetic
T04154,"Hi support team, System cancelled my order due to stock shortage, but the money has not been refunded yet. Thanks for your help!",Refund,Medium,synthetic
T04155,"Ever since updating to version 4.2 yesterday, our entire telemetry team has been unable to access the web portal. The page loads infinitely before displaying an internal server error (HTTP 500). This is blocking active customer operations. Urgent attention required",Technical Support,High,synthetic
T04156,Plz help - Do you offer non-profit or educational discounts for team subscription accounts? Thanks for your help!,Product Inquiry,Low,synthetic
T04157,Urgent: Account locked after failed logins. Contact me via email or phone.,Account,High,synthetic
T04158,Order cancel hone ke baad bhi refund credit nahi hua account mein. Plz respond asap,Refund,High,synthetic
T04159,Quick question - How can I change the primary administrator email address associated with our company portal? Kindly look into this matter promptly.,Account,Low,synthetic
T04160,"Plz help - System cancelled my order due to stock shortage, but the money has not been refunded yet. Please advise as soon as possible.",Refund,Medium,synthetic
T04161,Quick question - Forgot password link expired. Plz respond asap,Account,High,synthetic
T04162,"Hey there, Please help unlock my account after entering wrong password three times. Thanks for your help!",Account,Low,synthetic
T04163,Wrong delivery address on order 67565,Shipping,Medium,synthetic
T04164,"Hey there, Our scheduled virtual event was ruined due to continuous platform outages on your side. We paid $49.0 for premium hosting and request an immediate pro-rated credit refund to our corporate account balance. Looking forward to hearing back",Refund,Medium,synthetic
T04165,"Plz help - I paid my monthly invoice yesterday, but the account dashboard still shows payment pending. Thanks for your help!",Billing,Medium,synthetic
T04166,Plz help - Database connection timeout. Looking forward to hearing back.,Technical Support,Critical,synthetic
T04167,"Hello, We are observing consistent memory leaks in the background daemon process on node 192.168.164.115. Memory utilization climbs to 99% within two hours of service start, eventually forcing a kernel panic and abrupt system reboot.",Technical Support,Critical,synthetic
T04168,"Hi support team, Repeated system downtime and unannounced maintenance windows over the past month have disrupted our operations three times. We demand an immediate explanation from management and SLA service credits. Urgent attention required.",Complaint,Critical,synthetic
T04169,Urgent: Our organization was charged a late fee penalty of $99.99 despite completing the wire transfer prior to the due date. Attached is our bank transaction confirmation for your accounts team to verify and credit back. Please advise as soon as possible.,Billing,High,synthetic
T04170,"Hi support team, Could you tell me if your platform supports SAML 2.0 Single Sign-On for enterprise users? Looking forward to hearing back.",Product Inquiry,Low,synthetic
T04171,"Hello, Do you offer non-profit or educational discounts for team subscription accounts? Appreciate a quick update on this.",Product Inquiry,Low,synthetic
T04172,"Dear customer service, Is macOS Sequoia supported? Appreciate a quick update on this.",Product Inquiry,Low,synthetic
T04173,"FYI, Ticket closed w/out resolution. Thanks for your help!",Complaint,Medium,synthetic
T04174,"Hello, Our organization was charged a late fee penalty of $99.99 despite completing the wire transfer prior to the due date. Attached is our bank transaction confirmation for your accounts team to verify and credit back. Looking forward to hearing back.",Billing,Medium,synthetic
T04175,"Hello, I am filing a formal complaint regarding misleading feature advertising on your pricing page. We purchased the business plan based on promised custom integration features, only to discover after onboarding that the API is not included. Appreciate a quick update on this",Complaint,Medium,synthetic
T04176,Plz help - The item arrived with broken glass and torn packaging. I demand an immediate full refund. Contact me via email or phone.,Refund,High,synthetic
T04177,"Dear customer service, There is an unrecognized charge of $19.99 on my credit card statement. Looking forward to hearing back.",Billing,Critical,synthetic
T04178,"Hello, Worst support experience ever. Plz respond asap.",Complaint,Low,synthetic
T04179,"I placed order 73470 for an enterprise hardware component, but received a completely different consumer product model. Since this does not match the product specification or purchase order, I am returning the package and request a full refund including express shipping charges.",Refund,High,synthetic
T04180,"Hi support team, Does the cloud storage infrastructure comply with SOC2 and HIPAA security certifications? Kindly look into this matter promptly.",Product Inquiry,Medium,synthetic
T04181,Received billing notification for unknown monthly service charge.,Billing,High,external
T04182,Updated my payment method but automated billing still shows expired card.,Billing,Medium,external
T04183,Requesting refund of duplicate charge on transaction statement #9928.,Billing,High,external
T04184,Invoice generated without our corporate tax identification number.,Billing,Low,external
T04185,Credit card failed error during checkout process.,Billing,High,external
T04186,Billed standard rate instead of contracted enterprise discount rate.,Billing,High,external
T04187,Need billing contact updated for accounts payable department.,Billing,Low,external
T04188,Annual invoice shows wrong seat count for active user licenses.,Billing,Medium,external
T04189,Payment confirmation email not received after successful wire transfer.,Billing,Low,external
T04190,Discrepancy between quote provided by sales rep and billed invoice total.,Billing,High,external
T04191,Database connector throwing connection reset by peer error.,Technical Support,Critical,external
T04192,User authentication token expiring prematurely causing frequent re-logins.,Technical Support,Medium,external
T04193,Web portal rendering blank white page on Safari browser version 17.,Technical Support,High,external
T04194,File conversion utility hanging at 99% progress bar indefinitely.,Technical Support,Medium,external
T04195,High latency reported on regional server node us-east-1.,Technical Support,High,external
T04196,Memory leak observed in desktop daemon process background worker.,Technical Support,High,external
T04197,Webhook endpoint returning HTTP 403 Forbidden on payload POST.,Technical Support,High,external
T04198,Search indexing engine failed to update new product listings.,Technical Support,Medium,external
T04199,Client side validation error preventing form submission on checkout.,Technical Support,Medium,external
T04200,System audit log export truncating records older than 30 days.,Technical Support,Low,external
T04201,Requesting full reimbursement for cancelled conference ticket.,Refund,Medium,external
T04202,"Returned goods delivered to facility on 12th, awaiting credit posting.",Refund,Medium,external
T04203,Product hardware malfunctioning within 14-day return window.,Refund,High,external
T04204,Overcharge refund agreed by support representative not reflected on card.,Refund,High,external
T04205,Cancelled order refund status inquiry for order reference #77291.,Refund,Medium,external
T04206,Subscription cancelled during money-back guarantee period.,Refund,High,external
T04207,"Defective shipment returned, please credit back original payment source.",Refund,High,external
T04208,Service SLA breach credit refund request for downtime incident.,Refund,High,external
T04209,Double payment deduction refund for transaction ID #10492.,Refund,Critical,external
T04210,"Order items damaged during transport, demanding store credit or refund.",Refund,High,external
T04211,Carrier notification indicates delivery delay due to severe weather conditions.,Shipping,Low,external
T04212,Package tracking details not updated for past 72 hours.,Shipping,Medium,external
T04213,Shipment delivered to wrong zip code according to tracking link.,Shipping,High,external
T04214,Request to hold parcel at local depot for self pickup.,Shipping,Low,external
T04215,International freight shipment stuck in customs inspection.,Shipping,Medium,external
T04216,Dispatch confirmation received but shipping label show pending pickup.,Shipping,Low,external
T04217,"Partial order shipment arrived, remaining items missing from package.",Shipping,High,external
T04218,Address correction required prior to courier dispatch.,Shipping,High,external
T04219,Damaged packaging container reported upon freight arrival.,Shipping,Medium,external
T04220,Express delivery deadline missed by courier service provider.,Shipping,Medium,external
T04221,Multi-factor authentication reset required for admin profile.,Account,Critical,external
T04222,Unable to modify account owner email in security settings panel.,Account,Medium,external
T04223,Account locked after automated security audit flagged anomaly.,Account,High,external
T04224,Password reset verification email not arriving in inbox.,Account,High,external
T04225,User permission escalation request for team manager profile.,Account,Medium,external
T04226,Deactivate former employee user access from corporate domain.,Account,High,external
T04227,Single Sign-On integration failing with identity provider metadata error.,Account,High,external
T04228,Profile contact phone number update request.,Account,Low,external
T04229,GDPR account deletion request and data erasure.,Account,Medium,external
T04230,Concurrent session limit error blocking valid user login.,Account,Medium,external
T04231,Unacceptable response time from Tier 1 support team.,Complaint,High,external
T04232,Repeated platform outages impacting critical business operations.,Complaint,Critical,external
T04233,Feature promised during sales call is absent from released product.,Complaint,High,external
T04234,Unresolved software defect open for over six weeks.,Complaint,High,external
T04235,Poor communication regarding planned system maintenance window.,Complaint,Medium,external
T04236,Unexpected price structure changes without prior advisory notice.,Complaint,High,external
T04237,Support ticket marked resolved without customer confirmation.,Complaint,High,external
T04238,Inconsistent information provided by different support reps.,Complaint,Medium,external
T04239,Inquiring about compatibility with PostgreSQL 15 database engines.,Product Inquiry,Low,external
T04240,What encryption standards are utilized for data at rest?,Product Inquiry,Low,external
T04241,Are custom API rate limits available for enterprise contracts?,Product Inquiry,Low,external
T04242,Does the system support multi-currency transactions and reporting?,Product Inquiry,Low,external
T04243,Inquiry regarding roadmap for native mobile tablet application.,Product Inquiry,Low,external
T04244,What is the maximum number of concurrent users supported on Pro plan?,Product Inquiry,Low,external
T04245,Requesting hardware specification guide for on-premise installation.,Product Inquiry,Low,external
T04246,Is SOC2 Type II compliance documentation available upon NDA?,Product Inquiry,Low,external
T04247,Formal notice of contract non-renewal effective at term end.,Cancellation,High,external
T04248,Request to cancel automatic monthly plan renewal.,Cancellation,Medium,external
T04249,Immediate account termination and billing cancellation requested.,Cancellation,High,external
T04250,Subscription cancellation due to business acquisition.,Cancellation,Medium,external
T04251,Downgrading from Premium to Free plan before billing cycle.,Cancellation,Medium,external
T04252,Terminate trial period and remove credit card details.,Cancellation,Medium,external
T04253,Cancelling membership due to budget constraints.,Cancellation,Medium,external
T04254,Account closure request following vendor consolidation.,Cancellation,High,external
T04255,Why am I seeing two charges on my account statement for order #99201?,Billing,High,external
T04256,App crashes when opening settings on iOS 17.5.1,Technical Support,Medium,external
T04257,Mera payment deduction ho gaya par order process nahi hua,Billing,High,external
T04258,My bank statement indicates that the same transaction was processed twice.,Billing,High,manual
T04259,Why did u guys charge me again??,Billing,High,manual
T04260,"This is ridiculous, I have been charged twice and nobody is helping me!",Billing,Critical,manual
T04261,Charged twice.,Billing,High,manual
T04262,"I purchased the annual subscription yesterday, but my credit card statement now shows two separate charges for the same order.",Billing,High,manual
T04263,Need vat invoice for last month subscription fee.,Billing,Low,manual
T04264,Auto renewal billed me $99 even though I sent cancellation request last week.,Billing,High,manual
T04265,Incorrect tax amount added to invoice #INV-99201. Plz fix.,Billing,Medium,manual
T04266,Payment went through on my bank app but portal says payment pending.,Billing,Medium,manual
T04267,Can you send the PDF receipt for my team subscription to accounting@company.org?,Billing,Low,manual
T04268,Overcharged by 50 dollars on month end billing statement.,Billing,High,manual
T04269,I was charged currency conversion fee when purchase was in USD. Why?,Billing,Medium,manual
T04270,Promo code PROMO2024 was applied but full price was charged to my card.,Billing,Medium,manual
T04271,"Got a message saying payment failed, but my account balance decreased.",Billing,High,manual
T04272,Why is there an additional $15 maintenance charge on my bill?,Billing,Medium,manual
T04273,The app crashes whenever I try to upload a file.,Technical Support,High,manual
T04274,Getting 500 error when clicking submit.,Technical Support,Medium,manual
T04275,"Hey, your website is completely down on Chrome. White screen showing up.",Technical Support,Critical,manual
T04276,API response time is over 12 seconds for /v1/data endpoint. Server timeout.,Technical Support,High,manual
T04277,Cant connect database error sqlite3.OperationalError database locked.,Technical Support,High,manual
T04278,Export to CSV button does nothing when clicked in Firefox browser.,Technical Support,Medium,manual
T04279,App stuck on loading screen after latest 2.4.1 update.,Technical Support,High,manual
T04280,Dashboard metrics showing 0 despite active data ingestion streams.,Technical Support,Medium,manual
T04281,SSL certificate expired warning when accessing client portal.,Technical Support,Critical,manual
T04282,Mobile app logout spontaneously every 5 minutes.,Technical Support,Medium,manual
T04283,Dark mode toggle is glitching and flickering constantly.,Technical Support,Low,manual
T04284,Desktop software crash dump attached - exit code 0xC0000005.,Technical Support,High,manual
T04285,Unable to sync offline offline records to server once online.,Technical Support,High,manual
T04286,Notification push messages are not arriving on Android 14 devices.,Technical Support,Medium,manual
T04287,Item arrived damaged in transit. I want an immediate full refund.,Refund,High,manual
T04288,I requested refund 10 days ago. Still no update on status???,Refund,High,manual
T04289,Product did not match the website description at all. Returning product for money back.,Refund,Medium,manual
T04290,Accidentally bought 2 licenses instead of 1. Refund the extra one please.,Refund,Medium,manual
T04291,"Order cancelled by seller due to out of stock, but money not refunded yet.",Refund,High,manual
T04292,Where is my refund?,Refund,Medium,manual
T04293,Partial refund received ($20) instead of promised full refund ($100).,Refund,High,manual
T04294,System charged me after trial ended even though I opted out. Money back immediately.,Refund,Critical,manual
T04295,Service quality was unacceptable during webinar event. Requesting subscription refund.,Refund,Medium,manual
T04296,Returned item received at warehouse per carrier tracking #8821. Process reimbursement.,Refund,Medium,manual
T04297,Where can I track my delivery?,Shipping,Low,manual
T04298,Package marked delivered by courier but I did not receive anything at my door.,Shipping,Critical,manual
T04299,Delivery is 4 days late and tracking status has not updated since Monday.,Shipping,High,manual
T04300,Need to change shipping address to Apartment 4B before order dispatches.,Shipping,High,manual
T04301,Item shipped to old residential address by mistake.,Shipping,High,manual
T04302,Parcel box arrived completely crushed and open.,Shipping,High,manual
T04303,"Paid extra for next-day priority shipping, but it's taking standard 5 days.",Shipping,Medium,manual
T04304,Customs holding shipment at port demanding additional clearance documentation.,Shipping,Medium,manual
T04305,Wrong tracking code sent in email confirmation.,Shipping,Low,manual
T04306,Courier driver left package in heavy rain without ringing doorbell.,Shipping,Medium,manual
T04307,Locked out of my admin account due to forgotten 2FA device.,Account,Critical,manual
T04308,Password reset link is giving 'expired' error immediately upon arrival.,Account,High,manual
T04309,How do I change my primary account email address?,Account,Low,manual
T04310,Suspicious login attempt detected from unrecognized location. Deactivate account temporarily.,Account,Critical,manual
T04311,Cannot update profile picture or display name in settings page.,Account,Low,manual
T04312,Please transfer account owner privileges to user user2@org.com.,Account,Medium,manual
T04313,Verification code SMS not reaching my mobile phone number.,Account,High,manual
T04314,Account deactivated message showing when logging in. Why?,Account,High,manual
T04315,Want to delete my profile and purge all stored user personal data.,Account,Medium,manual
T04316,SSO Google login fails with OAuth redirect URI mismatch.,Account,High,manual
T04317,Your customer service rep on phone was extremely rude and unhelpful.,Complaint,High,manual
T04318,Worst experience ever. System has been down 3 times this month!,Complaint,High,manual
T04319,I have been waiting on hold for over 45 minutes without any agent answering.,Complaint,Medium,manual
T04320,Misleading marketing claims regarding features included in standard plan.,Complaint,Medium,manual
T04321,Escalating this issue to management. Unresolved bug open for 30 days.,Complaint,Critical,manual
T04322,Prices increased by 30% without prior email notification to subscribers.,Complaint,High,manual
T04323,Support ticket #4401 closed automatically without providing solution.,Complaint,High,manual
T04324,Data privacy concern: shared workspace showing other client's file names.,Complaint,Critical,manual
T04325,Does the enterprise tier support single sign-on (SSO) via SAML 2.0?,Product Inquiry,Low,manual
T04326,Is there an iOS tablet version available for download?,Product Inquiry,Low,manual
T04327,What is the maximum file upload size limit per attachment?,Product Inquiry,Low,manual
T04328,Can I integrate this platform with Zapier or Webhooks?,Product Inquiry,Low,manual
T04329,Looking for detailed documentation on REST API rate limits.,Product Inquiry,Low,manual
T04330,Are there discount options for non-profit organizations or universities?,Product Inquiry,Low,manual
T04331,Does product support dark theme and custom CSS styling?,Product Inquiry,Low,manual
T04332,Is user training included with team plan onboard?,Product Inquiry,Low,manual
T04333,Please cancel my subscription immediately before next billing cycle.,Cancellation,High,manual
T04334,How do I terminate my account subscription?,Cancellation,Medium,manual
T04335,Cancel auto-renewal for my annual membership plan.,Cancellation,Medium,manual
T04336,Want to end contract early due to company restructuring.,Cancellation,High,manual
T04337,Stop my subscription at end of current billing period.,Cancellation,Medium,manual
T04338,I am closing my business and need to cancel all associated services.,Cancellation,High,manual
T04339,Unsubscribe me from all paid services and emails right now.,Cancellation,High,manual
T04340,"Switched to alternative product, please cancel plan effective today.",Cancellation,Medium,manual
T04341,Need to change shipping address before package is sent out,Shipping,High,manual
