ticket_id,ticket_text,category,priority,source
TICK-003783,I need to update my registered email address and phone number. Please advise as soon as possible.,Account,Medium,synthetic
TICK-002190,Unable to connect to remote database server from IP address 192.168.64.72. Thank you for your assistance.,Technical Support,Critical,synthetic
TICK-006171,Canceling contract due to budget constraints in our organization. Looking forward to your prompt response.,Cancellation,Medium,synthetic
TICK-003890,I need to update my registered email address and phone number. Contact me via email or phone.,Account,Low,synthetic
TICK-003177,Customs clearance is delaying package shipment at border transit.,Shipping,Low,synthetic
TICK-001032,Double charge observed on my bank statement for invoice 72493. Urgent attention required.,Billing,Critical,synthetic
TICK-005600,Subscription cancellation button is missing from account settings page. Thank you for your assistance.,Cancellation,High,synthetic
TICK-003503,I need to change shipping address for order 42653 before dispatch. Urgent attention required.,Shipping,Critical,synthetic
TICK-005121,Is this product compatible with macOS Sequoia and Apple Silicon? Appreciate a quick update on this.,Product Inquiry,Low,synthetic
TICK-006021,Please turn off auto-renewal for my annual membership plan.,Cancellation,Medium,synthetic
TICK-001764,The desktop application freezes every time I click the save button.,Technical Support,High,synthetic
TICK-001408,There is a billing discrepancy on my recent statement for billing period Q1 2026. Kindly look into this matter promptly.,Billing,Medium,synthetic
TICK-002501,The product quality is sub-par and does not match description. Please refund. Urgent attention required.,Refund,Medium,synthetic
TICK-004791,Very dissatisfied with rude customer service representative on call. Looking forward to your prompt response.,Complaint,Low,synthetic
TICK-002047,VPN connection drops every 5 minutes unexpectedly. Kindly look into this matter promptly.,Technical Support,High,synthetic
TICK-001518,I received a late payment penalty charge even though I paid on time. Urgent attention required.,Billing,High,synthetic
TICK-004793,Agent closed my support ticket without resolving the actual issue. Contact me via email or phone.,Complaint,Medium,synthetic
TICK-006031,Need assistance closing and permanently deleting my account. Urgent attention required.,Cancellation,Critical,synthetic
TICK-003729,I cannot log into my account despite entering correct password. Contact me via email or phone.,Account,High,synthetic
TICK-005202,Does your enterprise plan support custom API integrations? Appreciate a quick update on this.,Product Inquiry,Low,synthetic
TICK-005252,Looking for comparison between standard and professional tiers. Appreciate a quick update on this.,Product Inquiry,Low,synthetic
TICK-003232,Estimated delivery date has passed but package has not arrived. Appreciate a quick update on this.,Shipping,Medium,synthetic
TICK-005077,Where can I find user manuals and documentation for model PRO-450? Contact me via email or phone.,Product Inquiry,Low,synthetic
TICK-004066,Account permissions are misconfigured and user cannot access dashboard. Urgent attention required.,Account,Critical,synthetic
TICK-003725,Account permissions are misconfigured and user cannot access dashboard. Looking forward to your prompt response.,Account,High,synthetic
TICK-005887,Need assistance closing and permanently deleting my account. Appreciate a quick update on this.,Cancellation,High,synthetic
TICK-002452,Service was down during our event. Requesting credit refund to account. Urgent attention required.,Refund,High,synthetic
TICK-005649,We are switching to an alternative solution and wish to terminate service. Contact me via email or phone.,Cancellation,High,synthetic
TICK-005144,Looking for comparison between standard and professional tiers. Looking forward to your prompt response.,Product Inquiry,Low,synthetic
TICK-001227,I need an official tax invoice and payment receipt for order 99783.,Billing,Low,synthetic
TICK-002592,"Charged after cancellation request, need immediate reimbursement.",Refund,High,synthetic
TICK-004078,Received suspicious password reset email without requesting it. Kindly look into this matter promptly.,Account,Critical,synthetic
TICK-005047,Does the cloud platform comply with SOC2 and HIPAA standards? Please advise as soon as possible.,Product Inquiry,High,synthetic
TICK-003545,"Tracking indicates delivered, but package is missing from my doorstep. Looking forward to your prompt response.",Shipping,High,synthetic
TICK-001296,I am being billed for a service that was supposed to be free during trial. Contact me via email or phone.,Billing,Medium,synthetic
TICK-002326,Order was canceled by system but refund has not posted to my account. Thank you for your assistance.,Refund,Medium,synthetic
TICK-003892,I cannot log into my account despite entering correct password.,Account,High,synthetic
TICK-002469,Service was down during our event. Requesting credit refund to account.,Refund,Medium,synthetic
TICK-004217,Unable to reset password via email link; link expired immediately. Appreciate a quick update on this.,Account,Medium,synthetic
TICK-004639,No response to urgent tickets for 72 hours despite premium support SLA. Contact me via email or phone.,Complaint,High,synthetic
TICK-003520,International shipment stuck at distribution center for over a week. Contact me via email or phone.,Shipping,Medium,synthetic
TICK-004577,Appalled by lack of response to critical security vulnerability report. Please advise as soon as possible.,Complaint,Critical,synthetic
TICK-003767,Unable to reset password via email link; link expired immediately. Urgent attention required.,Account,High,synthetic
TICK-005307,Where can I find user manuals and documentation for model PRO-968? Please advise as soon as possible.,Product Inquiry,Medium,synthetic
TICK-002727,Partial refund missing from my previous dispute case 34768. Kindly look into this matter promptly.,Refund,Medium,synthetic
TICK-004224,Unable to reset password via email link; link expired immediately. Looking forward to your prompt response.,Account,Medium,synthetic
TICK-002594,Partial refund missing from my previous dispute case 47192. Appreciate a quick update on this.,Refund,Medium,synthetic
TICK-004424,Agent closed my support ticket without resolving the actual issue. Please advise as soon as possible.,Complaint,High,synthetic
TICK-006149,Subscription cancellation button is missing from account settings page. Appreciate a quick update on this.,Cancellation,High,synthetic
TICK-005768,Need assistance closing and permanently deleting my account. Looking forward to your prompt response.,Cancellation,High,synthetic
TICK-002243,Page load times are extremely slow and API calls are timing out. Looking forward to your prompt response.,Technical Support,Medium,synthetic
TICK-001137,I received a late payment penalty charge even though I paid on time. Please advise as soon as possible.,Billing,High,synthetic
TICK-005548,Are there any upcoming features planned for mobile tablet views? Looking forward to your prompt response.,Product Inquiry,Low,synthetic
TICK-002624,I accidentally purchased the wrong subscription tier and need money back. Contact me via email or phone.,Refund,Low,synthetic
TICK-003510,"Tracking indicates delivered, but package is missing from my doorstep. Kindly look into this matter promptly.",Shipping,High,synthetic
TICK-002615,Partial refund missing from my previous dispute case 58952. Kindly look into this matter promptly.,Refund,Medium,synthetic
TICK-001094,I need an official tax invoice and payment receipt for order 91987. Thank you for your assistance.,Billing,Low,synthetic
TICK-006103,Requesting account closure and deletion of stored customer data. Thank you for your assistance.,Cancellation,High,synthetic
TICK-004323,Formal complaint regarding poor product build quality and support delay. Contact me via email or phone.,Complaint,Medium,synthetic
TICK-004174,My profile settings fail to save changes. Thank you for your assistance.,Account,Low,synthetic
TICK-003634,Two-factor authentication code is not being received on my phone. Please advise as soon as possible.,Account,Critical,synthetic
TICK-001072,Double charge observed on my bank statement for invoice 29973.,Billing,High,synthetic
TICK-001426,"My payment failed yesterday, but money was deducted from my bank account. Thank you for your assistance.",Billing,High,synthetic
TICK-004630,Misleading advertising regarding feature capabilities on sales page. Urgent attention required.,Complaint,Medium,synthetic
TICK-005839,Please turn off auto-renewal for my annual membership plan. Looking forward to your prompt response.,Cancellation,Medium,synthetic
TICK-004202,My profile settings fail to save changes. Kindly look into this matter promptly.,Account,Low,synthetic
TICK-001161,Can you update my credit card billing address and tax ID for billing? Kindly look into this matter promptly.,Billing,Low,synthetic
TICK-002135,Mobile app keeps crashing on launch after updating to latest iOS/Android version. Urgent attention required.,Technical Support,Critical,synthetic
TICK-001052,Double charge observed on my bank statement for invoice 51145. Looking forward to your prompt response.,Billing,High,synthetic
TICK-003848,Unable to reset password via email link; link expired immediately. Kindly look into this matter promptly.,Account,Medium,synthetic
TICK-001422,Why was I billed $99.99 when my plan is $9.99?,Billing,Medium,synthetic
TICK-004873,Very dissatisfied with rude customer service representative on call. Contact me via email or phone.,Complaint,Low,synthetic
TICK-004770,Worst service experience ever! Unprofessional support team.,Complaint,Low,synthetic
TICK-002892,"Charged after cancellation request, need immediate reimbursement. Looking forward to your prompt response.",Refund,High,synthetic
TICK-004916,Is this product compatible with macOS Sequoia and Apple Silicon? Urgent attention required.,Product Inquiry,Medium,synthetic
TICK-003757,Received suspicious password reset email without requesting it. Looking forward to your prompt response.,Account,Critical,synthetic
TICK-005500,Can you provide information on bulk licensing discounts for 500+ users? Contact me via email or phone.,Product Inquiry,Medium,synthetic
TICK-001167,"My payment failed yesterday, but money was deducted from my bank account.",Billing,High,synthetic
TICK-002754,Returned package was delivered to warehouse. When will refund be processed? Looking forward to your prompt response.,Refund,Low,synthetic
TICK-004353,Escalating issue: product failed during critical presentation. Kindly look into this matter promptly.,Complaint,High,synthetic
TICK-005686,I want to cancel my subscription effective immediately. Appreciate a quick update on this.,Cancellation,High,synthetic
TICK-003534,"Tracking indicates delivered, but package is missing from my doorstep. Thank you for your assistance.",Shipping,High,synthetic
TICK-004143,My profile settings fail to save changes.,Account,Low,synthetic
TICK-002844,I demand a prompt refund for defective goods received yesterday. Looking forward to your prompt response.,Refund,High,synthetic
TICK-005135,Looking for comparison between standard and professional tiers. Urgent attention required.,Product Inquiry,Medium,synthetic
TICK-002265,Unable to connect to remote database server from IP address 192.168.16.240. Kindly look into this matter promptly.,Technical Support,Critical,synthetic
TICK-001366,I need an official tax invoice and payment receipt for order 74865. Please advise as soon as possible.,Billing,Medium,synthetic
TICK-002032,Page load times are extremely slow and API calls are timing out. Please advise as soon as possible.,Technical Support,High,synthetic
TICK-001003,I am being billed for a service that was supposed to be free during trial. Please advise as soon as possible.,Billing,High,synthetic
TICK-005330,What is the warranty period and coverage for international orders? Appreciate a quick update on this.,Product Inquiry,Low,synthetic
TICK-006083,Requesting account closure and deletion of stored customer data. Looking forward to your prompt response.,Cancellation,High,synthetic
TICK-005270,Does the cloud platform comply with SOC2 and HIPAA standards? Appreciate a quick update on this.,Product Inquiry,Medium,synthetic
TICK-004169,Two-factor authentication code is not being received on my phone. Contact me via email or phone.,Account,High,synthetic
TICK-003654,Received suspicious password reset email without requesting it. Appreciate a quick update on this.,Account,Critical,synthetic
TICK-006196,Closing subscription due to missing essential features. Kindly look into this matter promptly.,Cancellation,Medium,synthetic
TICK-001507,I need an official tax invoice and payment receipt for order 93071. Appreciate a quick update on this.,Billing,Low,synthetic
TICK-004647,Escalating issue: product failed during critical presentation.,Complaint,High,synthetic
TICK-003233,Estimated delivery date has passed but package has not arrived. Thank you for your assistance.,Shipping,Medium,synthetic
TICK-004025,I need to update my registered email address and phone number. Looking forward to your prompt response.,Account,Low,synthetic
TICK-001395,Double charge observed on my bank statement for invoice 86823.,Billing,High,synthetic
TICK-005634,Canceling contract due to budget constraints in our organization. Appreciate a quick update on this.,Cancellation,Medium,synthetic
TICK-004472,Worst service experience ever! Unprofessional support team. Please advise as soon as possible.,Complaint,Medium,synthetic
TICK-002093,Mobile app keeps crashing on launch after updating to latest iOS/Android version. Contact me via email or phone.,Technical Support,High,synthetic
TICK-004671,No response to urgent tickets for 72 hours despite premium support SLA. Kindly look into this matter promptly.,Complaint,High,synthetic
TICK-003600,Package arrived with crushed outer box and broken contents. Urgent attention required.,Shipping,Critical,synthetic
TICK-004771,Agent closed my support ticket without resolving the actual issue. Thank you for your assistance.,Complaint,Medium,synthetic
TICK-005819,Closing subscription due to missing essential features.,Cancellation,Medium,synthetic
TICK-001045,Double charge observed on my bank statement for invoice 30257. Kindly look into this matter promptly.,Billing,High,synthetic
TICK-004199,Account permissions are misconfigured and user cannot access dashboard. Kindly look into this matter promptly.,Account,High,synthetic
TICK-004415,Worst service experience ever! Unprofessional support team. Contact me via email or phone.,Complaint,Low,synthetic
TICK-003320,"Tracking indicates delivered, but package is missing from my doorstep. Contact me via email or phone.",Shipping,High,synthetic
TICK-005729,Please turn off auto-renewal for my annual membership plan. Appreciate a quick update on this.,Cancellation,Medium,synthetic
TICK-001676,Software installation fails due to missing DLL files on Windows 11. Appreciate a quick update on this.,Technical Support,Medium,synthetic
TICK-005293,Where can I find user manuals and documentation for model PRO-920? Urgent attention required.,Product Inquiry,Medium,synthetic
TICK-002111,System crashed completely during export task showing error code SOCKET_TIMEOUT.,Technical Support,Critical,synthetic
TICK-005092,Does the cloud platform comply with SOC2 and HIPAA standards?,Product Inquiry,Medium,synthetic
TICK-001010,Can you update my credit card billing address and tax ID for billing? Please advise as soon as possible.,Billing,Medium,synthetic
TICK-004737,Agent closed my support ticket without resolving the actual issue. Looking forward to your prompt response.,Complaint,Medium,synthetic
TICK-001900,My internet is not working and the router LED is blinking red. Urgent attention required.,Technical Support,Critical,synthetic
TICK-006011,I want to cancel my subscription effective immediately. Looking forward to your prompt response.,Cancellation,High,synthetic
TICK-005631,Subscription cancellation button is missing from account settings page.,Cancellation,High,synthetic
TICK-002286,System crashed completely during export task showing error code AUTH_DENIED. Urgent attention required.,Technical Support,Critical,synthetic
TICK-004883,Misleading advertising regarding feature capabilities on sales page. Please advise as soon as possible.,Complaint,Medium,synthetic
TICK-001911,Page load times are extremely slow and API calls are timing out.,Technical Support,Medium,synthetic
TICK-002644,Order was canceled by system but refund has not posted to my account. Looking forward to your prompt response.,Refund,Medium,synthetic
TICK-005431,Does your enterprise plan support custom API integrations? Contact me via email or phone.,Product Inquiry,Low,synthetic
TICK-001514,I noticed an unauthorized charge of $99.99 on my monthly invoice. Kindly look into this matter promptly.,Billing,Critical,synthetic
TICK-001756,My internet is not working and the router LED is blinking red. Thank you for your assistance.,Technical Support,High,synthetic
TICK-001581,I am being billed for a service that was supposed to be free during trial. Urgent attention required.,Billing,High,synthetic
TICK-004313,Agent closed my support ticket without resolving the actual issue.,Complaint,Medium,synthetic
TICK-005477,Where can I find user manuals and documentation for model PRO-567? Please advise as soon as possible.,Product Inquiry,Medium,synthetic
TICK-002345,Partial refund missing from my previous dispute case 32931. Appreciate a quick update on this.,Refund,Medium,synthetic
TICK-002296,VPN connection drops every 5 minutes unexpectedly. Thank you for your assistance.,Technical Support,High,synthetic
TICK-003662,I cannot log into my account despite entering correct password. Looking forward to your prompt response.,Account,High,synthetic
TICK-004903,Does the cloud platform comply with SOC2 and HIPAA standards? Kindly look into this matter promptly.,Product Inquiry,Medium,synthetic
TICK-005416,Can you provide information on bulk licensing discounts for 500+ users? Please advise as soon as possible.,Product Inquiry,High,synthetic
TICK-001284,I noticed an unauthorized charge of $499.0 on my monthly invoice. Kindly look into this matter promptly.,Billing,Critical,synthetic
TICK-005480,Are there any upcoming features planned for mobile tablet views? Urgent attention required.,Product Inquiry,Medium,synthetic
TICK-002911,Order was canceled by system but refund has not posted to my account. Please advise as soon as possible.,Refund,High,synthetic
TICK-003928,How do I transfer account ownership to another administrator? Looking forward to your prompt response.,Account,Low,synthetic
TICK-005743,How do I cancel my order before it enters fulfillment phase? Appreciate a quick update on this.,Cancellation,Medium,synthetic
TICK-002456,Item arrived damaged in transit. I want an immediate full refund.,Refund,High,synthetic
TICK-004694,Appalled by lack of response to critical security vulnerability report. Urgent attention required.,Complaint,Critical,synthetic
TICK-004504,System downtime caused business revenue loss for our team. Thank you for your assistance.,Complaint,Critical,synthetic
TICK-003567,Customs clearance is delaying package shipment at border transit. Appreciate a quick update on this.,Shipping,Low,synthetic
TICK-002074,Unable to connect to remote database server from IP address 192.168.182.235. Kindly look into this matter promptly.,Technical Support,Critical,synthetic
TICK-006174,Closing subscription due to missing essential features. Looking forward to your prompt response.,Cancellation,Medium,synthetic
TICK-003489,Delivery courier left parcel in rain without notification. Thank you for your assistance.,Shipping,Medium,synthetic
TICK-002137,Unable to connect to remote database server from IP address 192.168.252.208. Urgent attention required.,Technical Support,Critical,synthetic
TICK-003749,Account permissions are misconfigured and user cannot access dashboard. Appreciate a quick update on this.,Account,High,synthetic
TICK-001613,I noticed an unauthorized charge of $249.5 on my monthly invoice. Please advise as soon as possible.,Billing,Critical,synthetic
TICK-001093,Double charge observed on my bank statement for invoice 66207. Thank you for your assistance.,Billing,High,synthetic
TICK-003178,Where is my package? Tracking number 34483 shows no movement for 5 days. Contact me via email or phone.,Shipping,Medium,synthetic
TICK-005177,What are the hardware specifications required to run this software? Please advise as soon as possible.,Product Inquiry,Medium,synthetic
TICK-002526,Item arrived damaged in transit. I want an immediate full refund. Kindly look into this matter promptly.,Refund,High,synthetic
TICK-004227,Two-factor authentication code is not being received on my phone. Kindly look into this matter promptly.,Account,High,synthetic
TICK-002155,Unable to connect to remote database server from IP address 192.168.36.148. Kindly look into this matter promptly.,Technical Support,Critical,synthetic
TICK-004180,Unable to reset password via email link; link expired immediately.,Account,Medium,synthetic
TICK-003667,Single Sign-On (SSO) integration is failing for company domain. Looking forward to your prompt response.,Account,High,synthetic
TICK-001658,Mobile app keeps crashing on launch after updating to latest iOS/Android version. Thank you for your assistance.,Technical Support,High,synthetic
TICK-005012,Can I try out premium features during a free trial demo? Contact me via email or phone.,Product Inquiry,Low,synthetic
TICK-003882,How do I transfer account ownership to another administrator?,Account,Low,synthetic
TICK-001328,There is a billing discrepancy on my recent statement for billing period Q1 2026. Please advise as soon as possible.,Billing,High,synthetic
TICK-005232,Are there any upcoming features planned for mobile tablet views? Please advise as soon as possible.,Product Inquiry,Medium,synthetic
TICK-003039,"Tracking indicates delivered, but package is missing from my doorstep. Appreciate a quick update on this.",Shipping,High,synthetic
TICK-002488,Item arrived damaged in transit. I want an immediate full refund. Thank you for your assistance.,Refund,High,synthetic
TICK-001510,My credit card was charged twice for transaction 30146. Kindly look into this matter promptly.,Billing,High,synthetic
TICK-005024,Can I try out premium features during a free trial demo?,Product Inquiry,Low,synthetic
TICK-003137,Package arrived with crushed outer box and broken contents. Appreciate a quick update on this.,Shipping,High,synthetic
TICK-005163,Are there any upcoming features planned for mobile tablet views? Appreciate a quick update on this.,Product Inquiry,Low,synthetic
TICK-002094,Bluetooth sync is failing between the hardware device and dashboard.,Technical Support,Medium,synthetic
TICK-002148,The web application keeps throwing 500 internal server errors when submitting forms.,Technical Support,High,synthetic
TICK-002020,The web application keeps throwing 500 internal server errors when submitting forms. Thank you for your assistance.,Technical Support,High,synthetic
TICK-003417,Estimated delivery date has passed but package has not arrived. Kindly look into this matter promptly.,Shipping,Medium,synthetic
TICK-005116,Where can I find user manuals and documentation for model PRO-615? Please advise as soon as possible.,Product Inquiry,Medium,synthetic
TICK-005429,What is the warranty period and coverage for international orders?,Product Inquiry,Low,synthetic
TICK-005515,Looking for comparison between standard and professional tiers. Contact me via email or phone.,Product Inquiry,Low,synthetic
TICK-002342,Returned package was delivered to warehouse. When will refund be processed? Please advise as soon as possible.,Refund,Medium,synthetic
TICK-002421,Returned package was delivered to warehouse. When will refund be processed? Appreciate a quick update on this.,Refund,Low,synthetic
TICK-001385,I received a late payment penalty charge even though I paid on time. Looking forward to your prompt response.,Billing,Medium,synthetic
TICK-001659,Mobile app keeps crashing on launch after updating to latest iOS/Android version. Please advise as soon as possible.,Technical Support,Critical,synthetic
TICK-001707,Mobile app keeps crashing on launch after updating to latest iOS/Android version.,Technical Support,High,synthetic
TICK-002317,Returned package was delivered to warehouse. When will refund be processed? Thank you for your assistance.,Refund,Low,synthetic
TICK-005189,Where can I find user manuals and documentation for model PRO-655? Kindly look into this matter promptly.,Product Inquiry,Low,synthetic
TICK-005572,Canceling contract due to budget constraints in our organization.,Cancellation,Medium,synthetic
TICK-002505,Item arrived damaged in transit. I want an immediate full refund. Please advise as soon as possible.,Refund,Critical,synthetic
TICK-005805,Subscription cancellation button is missing from account settings page. Looking forward to your prompt response.,Cancellation,High,synthetic
TICK-005134,Can you provide information on bulk licensing discounts for 500+ users? Urgent attention required.,Product Inquiry,High,synthetic
TICK-004578,Very dissatisfied with rude customer service representative on call. Appreciate a quick update on this.,Complaint,Low,synthetic
TICK-002025,System crashed completely during export task showing error code NULL_POINTER_EXC. Kindly look into this matter promptly.,Technical Support,Critical,synthetic
TICK-001431,I need an official tax invoice and payment receipt for order 92211. Thank you for your assistance.,Billing,Low,synthetic
TICK-001030,Why was I billed $19.99 when my plan is $29.99?,Billing,Medium,synthetic
TICK-005835,Closing subscription due to missing essential features. Appreciate a quick update on this.,Cancellation,Medium,synthetic
TICK-001309,There is a billing discrepancy on my recent statement for billing period Jan 2026. Looking forward to your prompt response.,Billing,Medium,synthetic
TICK-004715,Formal complaint regarding poor product build quality and support delay. Kindly look into this matter promptly.,Complaint,Medium,synthetic
TICK-004591,Worst service experience ever! Unprofessional support team. Looking forward to your prompt response.,Complaint,Low,synthetic
TICK-001662,My internet is not working and the router LED is blinking red. Looking forward to your prompt response.,Technical Support,High,synthetic
TICK-003314,Package arrived with crushed outer box and broken contents. Thank you for your assistance.,Shipping,High,synthetic
TICK-001982,System crashed completely during export task showing error code AUTH_DENIED. Kindly look into this matter promptly.,Technical Support,Critical,synthetic
TICK-004828,Misleading advertising regarding feature capabilities on sales page. Looking forward to your prompt response.,Complaint,Low,synthetic
TICK-006018,Closing subscription due to missing essential features. Contact me via email or phone.,Cancellation,Medium,synthetic
TICK-003774,Two-factor authentication code is not being received on my phone.,Account,High,synthetic
TICK-001559,Double charge observed on my bank statement for invoice 43244. Looking forward to your prompt response.,Billing,High,synthetic
TICK-003190,"Tracking indicates delivered, but package is missing from my doorstep. Urgent attention required.",Shipping,Critical,synthetic
TICK-003719,Single Sign-On (SSO) integration is failing for company domain. Contact me via email or phone.,Account,High,synthetic
TICK-004735,Worst service experience ever! Unprofessional support team. Appreciate a quick update on this.,Complaint,Low,synthetic
TICK-003130,"Express shipping paid, but package sent via standard economy post. Looking forward to your prompt response.",Shipping,Medium,synthetic
TICK-001798,Software installation fails due to missing DLL files on Windows 11. Thank you for your assistance.,Technical Support,Medium,synthetic
TICK-003362,My order 85887 was shipped to wrong delivery address. Contact me via email or phone.,Shipping,High,synthetic
TICK-005803,Canceling contract due to budget constraints in our organization. Please advise as soon as possible.,Cancellation,High,synthetic
TICK-005497,Is this product compatible with macOS Sequoia and Apple Silicon? Please advise as soon as possible.,Product Inquiry,Medium,synthetic
TICK-002366,Order was canceled by system but refund has not posted to my account.,Refund,Medium,synthetic
TICK-002832,The product quality is sub-par and does not match description. Please refund. Thank you for your assistance.,Refund,Low,synthetic
TICK-001334,Double charge observed on my bank statement for invoice 60939.,Billing,High,synthetic
TICK-001828,System crashed completely during export task showing error code SOCKET_TIMEOUT. Looking forward to your prompt response.,Technical Support,Critical,synthetic
TICK-002308,"Charged after cancellation request, need immediate reimbursement. Thank you for your assistance.",Refund,High,synthetic
TICK-005846,How do I cancel my order before it enters fulfillment phase? Kindly look into this matter promptly.,Cancellation,Medium,synthetic
TICK-005358,Does your enterprise plan support custom API integrations? Thank you for your assistance.,Product Inquiry,Low,synthetic
TICK-005378,What are the hardware specifications required to run this software? Looking forward to your prompt response.,Product Inquiry,Low,synthetic
TICK-004465,Escalating issue: product failed during critical presentation. Please advise as soon as possible.,Complaint,Critical,synthetic
TICK-003815,Single Sign-On (SSO) integration is failing for company domain.,Account,High,synthetic
TICK-004523,Appalled by lack of response to critical security vulnerability report. Appreciate a quick update on this.,Complaint,Critical,synthetic
TICK-004624,No response to urgent tickets for 72 hours despite premium support SLA.,Complaint,High,synthetic
TICK-005019,Where can I find user manuals and documentation for model PRO-530? Please advise as soon as possible.,Product Inquiry,Medium,synthetic
TICK-003179,International shipment stuck at distribution center for over a week. Kindly look into this matter promptly.,Shipping,Medium,synthetic
TICK-003437,I need to change shipping address for order 90657 before dispatch. Urgent attention required.,Shipping,Critical,synthetic
TICK-005735,I want to cancel my subscription effective immediately.,Cancellation,High,synthetic
TICK-002376,"Charged after cancellation request, need immediate reimbursement. Contact me via email or phone.",Refund,High,synthetic
TICK-004832,Formal complaint regarding poor product build quality and support delay. Thank you for your assistance.,Complaint,Medium,synthetic
TICK-006146,We are switching to an alternative solution and wish to terminate service. Kindly look into this matter promptly.,Cancellation,High,synthetic
TICK-005089,Where can I find user manuals and documentation for model PRO-601? Contact me via email or phone.,Product Inquiry,Low,synthetic
TICK-004616,System downtime caused business revenue loss for our team. Urgent attention required.,Complaint,Critical,synthetic
TICK-001105,I am being billed for a service that was supposed to be free during trial.,Billing,Medium,synthetic
TICK-001893,VPN connection drops every 5 minutes unexpectedly. Please advise as soon as possible.,Technical Support,Critical,synthetic
TICK-004461,Repeatedly transferred between agents without any resolution.,Complaint,Medium,synthetic
TICK-005589,Need assistance closing and permanently deleting my account. Thank you for your assistance.,Cancellation,High,synthetic
TICK-001102,Can you update my credit card billing address and tax ID for billing? Urgent attention required.,Billing,Medium,synthetic
TICK-001938,Bluetooth sync is failing between the hardware device and dashboard. Appreciate a quick update on this.,Technical Support,Medium,synthetic
TICK-004003,I cannot log into my account despite entering correct password. Urgent attention required.,Account,Critical,synthetic
TICK-003366,Where is my package? Tracking number 63419 shows no movement for 5 days. Looking forward to your prompt response.,Shipping,Medium,synthetic
TICK-001251,I need an official tax invoice and payment receipt for order 16653. Kindly look into this matter promptly.,Billing,Low,synthetic
TICK-004375,System downtime caused business revenue loss for our team. Kindly look into this matter promptly.,Complaint,Critical,synthetic
TICK-001807,Mobile app keeps crashing on launch after updating to latest iOS/Android version. Appreciate a quick update on this.,Technical Support,High,synthetic
TICK-003707,Two-factor authentication code is not being received on my phone. Thank you for your assistance.,Account,High,synthetic
TICK-002445,I demand a prompt refund for defective goods received yesterday. Thank you for your assistance.,Refund,High,synthetic
TICK-004687,Repeatedly transferred between agents without any resolution. Looking forward to your prompt response.,Complaint,Medium,synthetic
TICK-001562,I need an official tax invoice and payment receipt for order 68536. Please advise as soon as possible.,Billing,Medium,synthetic
TICK-005091,What is the warranty period and coverage for international orders? Urgent attention required.,Product Inquiry,Medium,synthetic
TICK-005346,Are there any upcoming features planned for mobile tablet views? Thank you for your assistance.,Product Inquiry,Low,synthetic
TICK-005261,Where can I find user manuals and documentation for model PRO-320? Please advise as soon as possible.,Product Inquiry,Medium,synthetic
TICK-006074,Closing subscription due to missing essential features. Please advise as soon as possible.,Cancellation,High,synthetic
TICK-004249,My profile settings fail to save changes. Looking forward to your prompt response.,Account,Low,synthetic
TICK-004957,Does the cloud platform comply with SOC2 and HIPAA standards? Looking forward to your prompt response.,Product Inquiry,Medium,synthetic
TICK-002400,I accidentally purchased the wrong subscription tier and need money back. Appreciate a quick update on this.,Refund,Low,synthetic
TICK-005384,Does the cloud platform comply with SOC2 and HIPAA standards? Urgent attention required.,Product Inquiry,High,synthetic
TICK-004371,Repeatedly transferred between agents without any resolution. Thank you for your assistance.,Complaint,Medium,synthetic
TICK-001367,There is a billing discrepancy on my recent statement for billing period Q1 2026. Urgent attention required.,Billing,High,synthetic
TICK-001686,Bluetooth sync is failing between the hardware device and dashboard. Contact me via email or phone.,Technical Support,Medium,synthetic
TICK-001733,System crashed completely during export task showing error code NULL_POINTER_EXC.,Technical Support,Critical,synthetic
TICK-005911,Please confirm cancellation of recurring billing for account 32483. Please advise as soon as possible.,Cancellation,High,synthetic
TICK-005622,Canceling contract due to budget constraints in our organization. Kindly look into this matter promptly.,Cancellation,Medium,synthetic
TICK-002028,Page load times are extremely slow and API calls are timing out. Contact me via email or phone.,Technical Support,Medium,synthetic
TICK-002090,Unable to connect to remote database server from IP address 192.168.128.76. Urgent attention required.,Technical Support,Critical,synthetic
TICK-003328,"Tracking indicates delivered, but package is missing from my doorstep. Please advise as soon as possible.",Shipping,Critical,synthetic
TICK-001463,My credit card was charged twice for transaction 98702. Kindly look into this matter promptly.,Billing,High,synthetic
TICK-005930,Requesting account closure and deletion of stored customer data. Appreciate a quick update on this.,Cancellation,High,synthetic
TICK-004246,I need to update my registered email address and phone number. Kindly look into this matter promptly.,Account,Low,synthetic
TICK-001973,Page load times are extremely slow and API calls are timing out. Thank you for your assistance.,Technical Support,Medium,synthetic
TICK-005660,Please turn off auto-renewal for my annual membership plan. Thank you for your assistance.,Cancellation,Medium,synthetic
TICK-005218,Where can I find user manuals and documentation for model PRO-592? Contact me via email or phone.,Product Inquiry,Low,synthetic
TICK-003142,Where is my package? Tracking number 89938 shows no movement for 5 days. Please advise as soon as possible.,Shipping,High,synthetic
TICK-005170,What is the warranty period and coverage for international orders? Thank you for your assistance.,Product Inquiry,Low,synthetic
TICK-004804,Formal complaint regarding poor product build quality and support delay. Appreciate a quick update on this.,Complaint,Medium,synthetic
TICK-002494,Partial refund missing from my previous dispute case 20249. Looking forward to your prompt response.,Refund,Medium,synthetic
TICK-002056,Mobile app keeps crashing on launch after updating to latest iOS/Android version. Kindly look into this matter promptly.,Technical Support,High,synthetic
TICK-002628,I demand a prompt refund for defective goods received yesterday. Kindly look into this matter promptly.,Refund,High,synthetic
TICK-001635,Why was I billed $499.0 when my plan is $29.99?,Billing,Medium,synthetic
TICK-002670,Returned package was delivered to warehouse. When will refund be processed?,Refund,Low,synthetic
TICK-001474,I noticed an unauthorized charge of $499.0 on my monthly invoice. Thank you for your assistance.,Billing,Critical,synthetic
TICK-003072,Where is my package? Tracking number 60631 shows no movement for 5 days. Contact me via email or phone.,Shipping,Medium,synthetic
TICK-001871,Unable to connect to remote database server from IP address 192.168.223.79. Kindly look into this matter promptly.,Technical Support,Critical,synthetic
TICK-001247,I need an official tax invoice and payment receipt for order 49008. Appreciate a quick update on this.,Billing,Low,synthetic
TICK-005731,Subscription cancellation button is missing from account settings page. Please advise as soon as possible.,Cancellation,Critical,synthetic
TICK-005081,What is the warranty period and coverage for international orders? Contact me via email or phone.,Product Inquiry,Low,synthetic
TICK-002287,Software installation fails due to missing DLL files on Windows 11. Kindly look into this matter promptly.,Technical Support,Medium,synthetic
TICK-005245,Can I try out premium features during a free trial demo? Appreciate a quick update on this.,Product Inquiry,Low,synthetic
TICK-002884,Service was down during our event. Requesting credit refund to account. Contact me via email or phone.,Refund,Medium,synthetic
TICK-004498,Agent closed my support ticket without resolving the actual issue. Kindly look into this matter promptly.,Complaint,Medium,synthetic
TICK-002273,The desktop application freezes every time I click the save button. Thank you for your assistance.,Technical Support,High,synthetic
TICK-003096,Where is my package? Tracking number 25307 shows no movement for 5 days. Kindly look into this matter promptly.,Shipping,Medium,synthetic
TICK-001065,I received a late payment penalty charge even though I paid on time. Appreciate a quick update on this.,Billing,Medium,synthetic
TICK-005297,Are there any upcoming features planned for mobile tablet views?,Product Inquiry,Low,synthetic
TICK-002995,I need to change shipping address for order 52613 before dispatch. Urgent attention required.,Shipping,Critical,synthetic
TICK-005086,Can you provide information on bulk licensing discounts for 500+ users?,Product Inquiry,Medium,synthetic
TICK-004653,No response to urgent tickets for 72 hours despite premium support SLA. Please advise as soon as possible.,Complaint,Critical,synthetic
TICK-003976,How do I transfer account ownership to another administrator? Appreciate a quick update on this.,Account,Low,synthetic
TICK-004332,Appalled by lack of response to critical security vulnerability report. Thank you for your assistance.,Complaint,Critical,synthetic
TICK-003080,Customs clearance is delaying package shipment at border transit. Looking forward to your prompt response.,Shipping,Low,synthetic
TICK-003641,Received suspicious password reset email without requesting it. Thank you for your assistance.,Account,Critical,synthetic
TICK-005821,Please confirm cancellation of recurring billing for account 57346. Contact me via email or phone.,Cancellation,Medium,synthetic
TICK-004485,Escalating issue: product failed during critical presentation. Appreciate a quick update on this.,Complaint,High,synthetic
TICK-001906,Software installation fails due to missing DLL files on Windows 11. Contact me via email or phone.,Technical Support,Medium,synthetic
TICK-003978,Unable to reset password via email link; link expired immediately. Please advise as soon as possible.,Account,High,synthetic
TICK-001606,I am being billed for a service that was supposed to be free during trial. Appreciate a quick update on this.,Billing,Medium,synthetic
TICK-004588,Misleading advertising regarding feature capabilities on sales page. Kindly look into this matter promptly.,Complaint,Low,synthetic
TICK-001617,I noticed an unauthorized charge of $249.5 on my monthly invoice. Thank you for your assistance.,Billing,Critical,synthetic
TICK-003730,My account has been locked due to multiple failed login attempts. Please advise as soon as possible.,Account,Critical,synthetic
TICK-005576,Closing subscription due to missing essential features. Urgent attention required.,Cancellation,High,synthetic
TICK-005527,Can you provide information on bulk licensing discounts for 500+ users? Kindly look into this matter promptly.,Product Inquiry,Medium,synthetic
TICK-006164,Canceling contract due to budget constraints in our organization. Thank you for your assistance.,Cancellation,Medium,synthetic
TICK-004849,Formal complaint regarding poor product build quality and support delay. Urgent attention required.,Complaint,High,synthetic
TICK-001412,Why was I billed $499.0 when my plan is $29.99? Contact me via email or phone.,Billing,Medium,synthetic
TICK-001991,My internet is not working and the router LED is blinking red. Kindly look into this matter promptly.,Technical Support,High,synthetic
TICK-002981,International shipment stuck at distribution center for over a week. Thank you for your assistance.,Shipping,Medium,synthetic
TICK-002943,Order was canceled by system but refund has not posted to my account. Urgent attention required.,Refund,High,synthetic
TICK-002537,Partial refund missing from my previous dispute case 58866. Looking forward to your prompt response.,Refund,Medium,synthetic
TICK-002479,The product quality is sub-par and does not match description. Please refund.,Refund,Low,synthetic
TICK-003118,"Express shipping paid, but package sent via standard economy post. Urgent attention required.",Shipping,High,synthetic
TICK-002564,The product quality is sub-par and does not match description. Please refund. Contact me via email or phone.,Refund,Low,synthetic
TICK-001200,I noticed an unauthorized charge of $99.99 on my monthly invoice. Urgent attention required.,Billing,Critical,synthetic
TICK-001620,My credit card was charged twice for transaction 56598. Kindly look into this matter promptly.,Billing,High,synthetic
TICK-001543,There is a billing discrepancy on my recent statement for billing period Q1 2026.,Billing,Medium,synthetic
TICK-004018,Unable to reset password via email link; link expired immediately. Contact me via email or phone.,Account,Medium,synthetic
TICK-003331,I need to change shipping address for order 63740 before dispatch. Appreciate a quick update on this.,Shipping,High,synthetic
TICK-004354,Very dissatisfied with rude customer service representative on call. Urgent attention required.,Complaint,Medium,synthetic
TICK-002133,Bluetooth sync is failing between the hardware device and dashboard. Kindly look into this matter promptly.,Technical Support,Medium,synthetic
TICK-002196,Unable to connect to remote database server from IP address 192.168.14.170. Kindly look into this matter promptly.,Technical Support,Critical,synthetic
TICK-004175,My account has been locked due to multiple failed login attempts. Looking forward to your prompt response.,Account,High,synthetic
TICK-001542,Double charge observed on my bank statement for invoice 95634. Looking forward to your prompt response.,Billing,High,synthetic
TICK-003332,"Express shipping paid, but package sent via standard economy post. Appreciate a quick update on this.",Shipping,Medium,synthetic
TICK-003474,Where is my package? Tracking number 33494 shows no movement for 5 days. Looking forward to your prompt response.,Shipping,Medium,synthetic
TICK-002583,I accidentally purchased the wrong subscription tier and need money back. Thank you for your assistance.,Refund,Low,synthetic
TICK-003102,"Tracking indicates delivered, but package is missing from my doorstep.",Shipping,High,synthetic
TICK-002571,"Charged after cancellation request, need immediate reimbursement. Please advise as soon as possible.",Refund,Critical,synthetic
TICK-005360,Where can I find user manuals and documentation for model PRO-144? Looking forward to your prompt response.,Product Inquiry,Low,synthetic
TICK-003795,Account permissions are misconfigured and user cannot access dashboard. Contact me via email or phone.,Account,High,synthetic
TICK-002156,Software installation fails due to missing DLL files on Windows 11. Please advise as soon as possible.,Technical Support,High,synthetic
TICK-004545,Misleading advertising regarding feature capabilities on sales page. Contact me via email or phone.,Complaint,Low,synthetic
TICK-004488,Repeatedly transferred between agents without any resolution. Contact me via email or phone.,Complaint,Medium,synthetic
TICK-005107,Can I try out premium features during a free trial demo? Looking forward to your prompt response.,Product Inquiry,Low,synthetic
TICK-003263,I need to change shipping address for order 54601 before dispatch. Urgent attention required.,Shipping,Critical,synthetic
TICK-003131,Delivery courier left parcel in rain without notification. Kindly look into this matter promptly.,Shipping,Medium,synthetic
TICK-002913,I accidentally purchased the wrong subscription tier and need money back.,Refund,Low,synthetic
TICK-001557,"My payment failed yesterday, but money was deducted from my bank account. Please advise as soon as possible.",Billing,Critical,synthetic
TICK-003449,My order 58705 was shipped to wrong delivery address. Thank you for your assistance.,Shipping,High,synthetic
TICK-003543,"Express shipping paid, but package sent via standard economy post.",Shipping,Medium,synthetic
TICK-001844,Unable to connect to remote database server from IP address 192.168.109.177. Thank you for your assistance.,Technical Support,Critical,synthetic
TICK-003468,Where is my package? Tracking number 16545 shows no movement for 5 days. Looking forward to your prompt response.,Shipping,Medium,synthetic
TICK-006063,Please confirm cancellation of recurring billing for account 83431. Contact me via email or phone.,Cancellation,Medium,synthetic
TICK-004506,Very dissatisfied with rude customer service representative on call. Thank you for your assistance.,Complaint,Low,synthetic
TICK-001898,The web application keeps throwing 500 internal server errors when submitting forms. Kindly look into this matter promptly.,Technical Support,High,synthetic
TICK-003139,I need to change shipping address for order 60997 before dispatch. Contact me via email or phone.,Shipping,High,synthetic
TICK-002216,Unable to connect to remote database server from IP address 192.168.6.80. Urgent attention required.,Technical Support,Critical,synthetic
TICK-001590,There is a billing discrepancy on my recent statement for billing period Feb 2026. Kindly look into this matter promptly.,Billing,Medium,synthetic
TICK-001894,Unable to connect to remote database server from IP address 192.168.232.208. Thank you for your assistance.,Technical Support,Critical,synthetic
TICK-003293,I need to change shipping address for order 81476 before dispatch. Appreciate a quick update on this.,Shipping,High,synthetic
TICK-004314,Worst service experience ever! Unprofessional support team. Urgent attention required.,Complaint,Medium,synthetic
TICK-002598,Partial refund missing from my previous dispute case 50027. Contact me via email or phone.,Refund,Medium,synthetic
TICK-005406,Where can I find user manuals and documentation for model PRO-915? Contact me via email or phone.,Product Inquiry,Low,synthetic
TICK-001504,I need an official tax invoice and payment receipt for order 80932. Contact me via email or phone.,Billing,Low,synthetic
TICK-004909,Where can I find user manuals and documentation for model PRO-692? Kindly look into this matter promptly.,Product Inquiry,Low,synthetic
TICK-001203,"My payment failed yesterday, but money was deducted from my bank account. Appreciate a quick update on this.",Billing,High,synthetic
TICK-003354,Where is my package? Tracking number 33219 shows no movement for 5 days. Contact me via email or phone.,Shipping,Medium,synthetic
TICK-002934,Order was canceled by system but refund has not posted to my account. Kindly look into this matter promptly.,Refund,Medium,synthetic
TICK-003574,Where is my package? Tracking number 82912 shows no movement for 5 days. Please advise as soon as possible.,Shipping,High,synthetic
TICK-006148,Closing subscription due to missing essential features. Thank you for your assistance.,Cancellation,Medium,synthetic
TICK-001995,Software installation fails due to missing DLL files on Windows 11.,Technical Support,Medium,synthetic
TICK-005879,Canceling contract due to budget constraints in our organization. Urgent attention required.,Cancellation,High,synthetic
TICK-005484,Where can I find user manuals and documentation for model PRO-183? Looking forward to your prompt response.,Product Inquiry,Low,synthetic
TICK-001423,I need an official tax invoice and payment receipt for order 22712. Thank you for your assistance.,Billing,Low,synthetic
TICK-003451,Where is my package? Tracking number 73644 shows no movement for 5 days. Kindly look into this matter promptly.,Shipping,Medium,synthetic
TICK-003203,Where is my package? Tracking number 31804 shows no movement for 5 days. Looking forward to your prompt response.,Shipping,Medium,synthetic
TICK-002484,I requested a refund for order 50873 two weeks ago but haven't received it. Thank you for your assistance.,Refund,Medium,synthetic
TICK-001437,My credit card was charged twice for transaction 54284. Thank you for your assistance.,Billing,High,synthetic
TICK-004207,How do I transfer account ownership to another administrator? Kindly look into this matter promptly.,Account,Low,synthetic
TICK-005332,Can you provide information on bulk licensing discounts for 500+ users? Thank you for your assistance.,Product Inquiry,Medium,synthetic
TICK-002688,Partial refund missing from my previous dispute case 85885. Contact me via email or phone.,Refund,Medium,synthetic
TICK-002637,I requested a refund for order 80710 two weeks ago but haven't received it. Kindly look into this matter promptly.,Refund,Medium,synthetic
TICK-001304,I received a late payment penalty charge even though I paid on time. Contact me via email or phone.,Billing,Medium,synthetic
TICK-004125,I cannot log into my account despite entering correct password. Please advise as soon as possible.,Account,Critical,synthetic
TICK-002859,Partial refund missing from my previous dispute case 44472. Please advise as soon as possible.,Refund,High,synthetic
TICK-001346,I need an official tax invoice and payment receipt for order 17780. Kindly look into this matter promptly.,Billing,Low,synthetic
TICK-001728,The web application keeps throwing 500 internal server errors when submitting forms. Appreciate a quick update on this.,Technical Support,High,synthetic
TICK-005804,We are switching to an alternative solution and wish to terminate service. Thank you for your assistance.,Cancellation,High,synthetic
TICK-003514,My order 55436 was shipped to wrong delivery address.,Shipping,High,synthetic
TICK-004753,No response to urgent tickets for 72 hours despite premium support SLA. Thank you for your assistance.,Complaint,High,synthetic
TICK-006048,How do I cancel my order before it enters fulfillment phase? Please advise as soon as possible.,Cancellation,High,synthetic
TICK-002194,Software installation fails due to missing DLL files on Windows 11. Looking forward to your prompt response.,Technical Support,Medium,synthetic
TICK-003330,"Express shipping paid, but package sent via standard economy post. Contact me via email or phone.",Shipping,Medium,synthetic
TICK-005917,Requesting account closure and deletion of stored customer data. Kindly look into this matter promptly.,Cancellation,High,synthetic
TICK-004149,I cannot log into my account despite entering correct password. Thank you for your assistance.,Account,High,synthetic
TICK-003527,I need to change shipping address for order 81137 before dispatch. Urgent attention required.,Shipping,Critical,synthetic
TICK-003996,My account has been locked due to multiple failed login attempts. Appreciate a quick update on this.,Account,High,synthetic
TICK-005638,Subscription cancellation button is missing from account settings page. Urgent attention required.,Cancellation,Critical,synthetic
TICK-004688,Escalating issue: product failed during critical presentation. Contact me via email or phone.,Complaint,High,synthetic
TICK-001907,The desktop application freezes every time I click the save button. Contact me via email or phone.,Technical Support,High,synthetic
TICK-005306,Where can I find user manuals and documentation for model PRO-514? Looking forward to your prompt response.,Product Inquiry,Low,synthetic
TICK-002669,I requested a refund for order 88861 two weeks ago but haven't received it. Contact me via email or phone.,Refund,Medium,synthetic
TICK-006169,Need assistance closing and permanently deleting my account. Contact me via email or phone.,Cancellation,High,synthetic
TICK-002235,Unable to connect to remote database server from IP address 192.168.31.247. Urgent attention required.,Technical Support,Critical,synthetic
TICK-001593,Can you update my credit card billing address and tax ID for billing? Looking forward to your prompt response.,Billing,Low,synthetic
TICK-001761,System crashed completely during export task showing error code AUTH_DENIED. Thank you for your assistance.,Technical Support,Critical,synthetic
TICK-002007,Unable to connect to remote database server from IP address 192.168.50.24. Appreciate a quick update on this.,Technical Support,Critical,synthetic
TICK-001352,I noticed an unauthorized charge of $249.5 on my monthly invoice. Appreciate a quick update on this.,Billing,Critical,synthetic
TICK-002340,Partial refund missing from my previous dispute case 75948. Kindly look into this matter promptly.,Refund,Medium,synthetic
TICK-006175,Please confirm cancellation of recurring billing for account 55426. Please advise as soon as possible.,Cancellation,High,synthetic
TICK-003575,I need to change shipping address for order 73237 before dispatch.,Shipping,High,synthetic
TICK-004085,Received suspicious password reset email without requesting it. Contact me via email or phone.,Account,Critical,synthetic
TICK-003923,Single Sign-On (SSO) integration is failing for company domain. Thank you for your assistance.,Account,High,synthetic
TICK-002877,Returned package was delivered to warehouse. When will refund be processed? Kindly look into this matter promptly.,Refund,Low,synthetic
TICK-003738,How do I transfer account ownership to another administrator? Urgent attention required.,Account,Medium,synthetic
TICK-003548,Where is my package? Tracking number 52174 shows no movement for 5 days. Contact me via email or phone.,Shipping,Medium,synthetic
TICK-001787,System crashed completely during export task showing error code ERR_502.,Technical Support,Critical,synthetic
TICK-003686,My profile settings fail to save changes. Contact me via email or phone.,Account,Low,synthetic
TICK-004467,Very dissatisfied with rude customer service representative on call. Kindly look into this matter promptly.,Complaint,Low,synthetic
TICK-002640,Returned package was delivered to warehouse. When will refund be processed? Contact me via email or phone.,Refund,Low,synthetic
TICK-004579,Appalled by lack of response to critical security vulnerability report. Kindly look into this matter promptly.,Complaint,Critical,synthetic
TICK-005225,What is the warranty period and coverage for international orders? Looking forward to your prompt response.,Product Inquiry,Low,synthetic
TICK-004508,System downtime caused business revenue loss for our team. Looking forward to your prompt response.,Complaint,Critical,synthetic
TICK-002495,Partial refund missing from my previous dispute case 67887. Kindly look into this matter promptly.,Refund,Medium,synthetic
TICK-001424,"My payment failed yesterday, but money was deducted from my bank account. Looking forward to your prompt response.",Billing,High,synthetic
TICK-006042,Please turn off auto-renewal for my annual membership plan. Kindly look into this matter promptly.,Cancellation,Medium,synthetic
TICK-002160,System crashed completely during export task showing error code SOCKET_TIMEOUT. Contact me via email or phone.,Technical Support,Critical,synthetic
TICK-001187,I need an official tax invoice and payment receipt for order 79993.,Billing,Low,synthetic
TICK-001348,My credit card was charged twice for transaction 46349. Contact me via email or phone.,Billing,High,synthetic
TICK-002633,I requested a refund for order 18019 two weeks ago but haven't received it. Urgent attention required.,Refund,High,synthetic
TICK-006172,Please confirm cancellation of recurring billing for account 48197. Appreciate a quick update on this.,Cancellation,Medium,synthetic
TICK-001812,Unable to connect to remote database server from IP address 192.168.168.166. Kindly look into this matter promptly.,Technical Support,Critical,synthetic
TICK-006198,Please confirm cancellation of recurring billing for account 58211. Appreciate a quick update on this.,Cancellation,Medium,synthetic
TICK-001050,There is a billing discrepancy on my recent statement for billing period Q1 2026. Contact me via email or phone.,Billing,Medium,synthetic
TICK-002548,I requested a refund for order 59051 two weeks ago but haven't received it. Urgent attention required.,Refund,High,synthetic
TICK-002092,The desktop application freezes every time I click the save button. Kindly look into this matter promptly.,Technical Support,High,synthetic
TICK-001645,Double charge observed on my bank statement for invoice 11498. Urgent attention required.,Billing,Critical,synthetic
TICK-002315,I demand a prompt refund for defective goods received yesterday. Please advise as soon as possible.,Refund,Critical,synthetic
TICK-003108,Delivery courier left parcel in rain without notification. Looking forward to your prompt response.,Shipping,Medium,synthetic
TICK-001233,I need an official tax invoice and payment receipt for order 38199.,Billing,Low,synthetic
TICK-004794,Misleading advertising regarding feature capabilities on sales page. Thank you for your assistance.,Complaint,Low,synthetic
TICK-003175,My order 85707 was shipped to wrong delivery address.,Shipping,High,synthetic
TICK-002335,Returned package was delivered to warehouse. When will refund be processed? Urgent attention required.,Refund,Medium,synthetic
TICK-005016,Where can I find user manuals and documentation for model PRO-766? Urgent attention required.,Product Inquiry,Medium,synthetic
TICK-003624,Unable to reset password via email link; link expired immediately. Thank you for your assistance.,Account,Medium,synthetic
TICK-005339,Are there any upcoming features planned for mobile tablet views? Kindly look into this matter promptly.,Product Inquiry,Low,synthetic
TICK-003563,I need to change shipping address for order 68748 before dispatch. Appreciate a quick update on this.,Shipping,High,synthetic
TICK-003559,"Express shipping paid, but package sent via standard economy post. Thank you for your assistance.",Shipping,Medium,synthetic
TICK-003946,I cannot log into my account despite entering correct password. Appreciate a quick update on this.,Account,High,synthetic
TICK-003828,Account permissions are misconfigured and user cannot access dashboard. Please advise as soon as possible.,Account,Critical,synthetic
TICK-003128,I need to change shipping address for order 33467 before dispatch. Urgent attention required.,Shipping,Critical,synthetic
TICK-001068,Why was I billed $499.0 when my plan is $9.99? Urgent attention required.,Billing,High,synthetic
TICK-005496,Where can I find user manuals and documentation for model PRO-996? Urgent attention required.,Product Inquiry,Medium,synthetic
TICK-002673,I demand a prompt refund for defective goods received yesterday. Appreciate a quick update on this.,Refund,High,synthetic
TICK-001536,Why was I billed $249.5 when my plan is $9.99? Thank you for your assistance.,Billing,Medium,synthetic
TICK-002318,I requested a refund for order 49883 two weeks ago but haven't received it. Urgent attention required.,Refund,High,synthetic
TICK-002211,System crashed completely during export task showing error code ERR_502. Kindly look into this matter promptly.,Technical Support,Critical,synthetic
TICK-003462,"Express shipping paid, but package sent via standard economy post. Please advise as soon as possible.",Shipping,High,synthetic
TICK-005356,What are the hardware specifications required to run this software?,Product Inquiry,Low,synthetic
TICK-002956,Package arrived with crushed outer box and broken contents. Contact me via email or phone.,Shipping,High,synthetic
TICK-005169,What are the hardware specifications required to run this software? Contact me via email or phone.,Product Inquiry,Low,synthetic
TICK-003183,I need to change shipping address for order 99600 before dispatch. Urgent attention required.,Shipping,Critical,synthetic
TICK-005438,Where can I find user manuals and documentation for model PRO-728? Kindly look into this matter promptly.,Product Inquiry,Low,synthetic
TICK-002806,I accidentally purchased the wrong subscription tier and need money back. Please advise as soon as possible.,Refund,Medium,synthetic
TICK-004215,I need to update my registered email address and phone number. Urgent attention required.,Account,Medium,synthetic
TICK-001358,Double charge observed on my bank statement for invoice 39647. Thank you for your assistance.,Billing,High,synthetic
TICK-005794,Need assistance closing and permanently deleting my account. Please advise as soon as possible.,Cancellation,Critical,synthetic
TICK-005319,Where can I find user manuals and documentation for model PRO-560? Looking forward to your prompt response.,Product Inquiry,Low,synthetic
TICK-003430,Where is my package? Tracking number 24611 shows no movement for 5 days. Kindly look into this matter promptly.,Shipping,Medium,synthetic
TICK-001141,Why was I billed $49.0 when my plan is $9.99? Contact me via email or phone.,Billing,Medium,synthetic
TICK-003236,I need to change shipping address for order 78412 before dispatch.,Shipping,High,synthetic
TICK-004438,Worst service experience ever! Unprofessional support team. Thank you for your assistance.,Complaint,Low,synthetic
TICK-001071,There is a billing discrepancy on my recent statement for billing period Jan 2026. Please advise as soon as possible.,Billing,High,synthetic
TICK-001683,Page load times are extremely slow and API calls are timing out. Urgent attention required.,Technical Support,High,synthetic
TICK-001503,I need an official tax invoice and payment receipt for order 44993. Appreciate a quick update on this.,Billing,Low,synthetic
TICK-001539,My credit card was charged twice for transaction 38681. Contact me via email or phone.,Billing,High,synthetic
TICK-002992,Where is my package? Tracking number 40258 shows no movement for 5 days. Contact me via email or phone.,Shipping,Medium,synthetic
TICK-005662,Please confirm cancellation of recurring billing for account 65158. Contact me via email or phone.,Cancellation,Medium,synthetic
TICK-005705,Canceling contract due to budget constraints in our organization. Contact me via email or phone.,Cancellation,Medium,synthetic
TICK-005437,What is the warranty period and coverage for international orders? Please advise as soon as possible.,Product Inquiry,Medium,synthetic
TICK-001591,Double charge observed on my bank statement for invoice 36077. Kindly look into this matter promptly.,Billing,High,synthetic
TICK-001361,Why was I billed $499.0 when my plan is $79.99? Contact me via email or phone.,Billing,Medium,synthetic
TICK-001968,System crashed completely during export task showing error code SOCKET_TIMEOUT. Appreciate a quick update on this.,Technical Support,Critical,synthetic
TICK-004132,How do I transfer account ownership to another administrator? Please advise as soon as possible.,Account,Medium,synthetic
TICK-001051,"My payment failed yesterday, but money was deducted from my bank account. Kindly look into this matter promptly.",Billing,High,synthetic
TICK-005482,Where can I find user manuals and documentation for model PRO-901? Urgent attention required.,Product Inquiry,Medium,synthetic
TICK-005473,Where can I find user manuals and documentation for model PRO-596? Kindly look into this matter promptly.,Product Inquiry,Low,synthetic
TICK-005392,Does your enterprise plan support custom API integrations? Kindly look into this matter promptly.,Product Inquiry,Low,synthetic
TICK-005196,Where can I find user manuals and documentation for model PRO-980? Kindly look into this matter promptly.,Product Inquiry,Low,synthetic
TICK-003086,Where is my package? Tracking number 94139 shows no movement for 5 days. Contact me via email or phone.,Shipping,Medium,synthetic
TICK-002963,I need to change shipping address for order 94783 before dispatch. Appreciate a quick update on this.,Shipping,High,synthetic
TICK-002841,I requested a refund for order 14076 two weeks ago but haven't received it. Thank you for your assistance.,Refund,Medium,synthetic
TICK-001086,I noticed an unauthorized charge of $49.0 on my monthly invoice. Appreciate a quick update on this.,Billing,Critical,synthetic
TICK-003472,Customs clearance is delaying package shipment at border transit. Kindly look into this matter promptly.,Shipping,Low,synthetic
TICK-001350,I noticed an unauthorized charge of $19.99 on my monthly invoice. Kindly look into this matter promptly.,Billing,Critical,synthetic
TICK-001039,"My payment failed yesterday, but money was deducted from my bank account. Contact me via email or phone.",Billing,High,synthetic
TICK-003061,Where is my package? Tracking number 13853 shows no movement for 5 days. Please advise as soon as possible.,Shipping,High,synthetic
TICK-001515,I received a late payment penalty charge even though I paid on time. Kindly look into this matter promptly.,Billing,Medium,synthetic
TICK-002601,Service was down during our event. Requesting credit refund to account. Kindly look into this matter promptly.,Refund,Medium,synthetic
TICK-003371,I need to change shipping address for order 11448 before dispatch. Looking forward to your prompt response.,Shipping,High,synthetic
TICK-001029,I noticed an unauthorized charge of $49.0 on my monthly invoice. Please advise as soon as possible.,Billing,Critical,synthetic
TICK-002620,I requested a refund for order 62620 two weeks ago but haven't received it. Kindly look into this matter promptly.,Refund,Medium,synthetic
TICK-001642,I noticed an unauthorized charge of $249.5 on my monthly invoice.,Billing,Critical,synthetic
TICK-005924,We are switching to an alternative solution and wish to terminate service. Please advise as soon as possible.,Cancellation,Critical,synthetic
TICK-005936,Please confirm cancellation of recurring billing for account 67823. Please advise as soon as possible.,Cancellation,High,synthetic
TICK-005175,Where can I find user manuals and documentation for model PRO-605? Urgent attention required.,Product Inquiry,Medium,synthetic
TICK-001996,The web application keeps throwing 500 internal server errors when submitting forms. Contact me via email or phone.,Technical Support,High,synthetic
TICK-001297,Double charge observed on my bank statement for invoice 79003.,Billing,High,synthetic
TICK-003499,My order 36350 was shipped to wrong delivery address. Urgent attention required.,Shipping,Critical,synthetic
TICK-005601,Please confirm cancellation of recurring billing for account 87313. Please advise as soon as possible.,Cancellation,High,synthetic
TICK-004786,System downtime caused business revenue loss for our team.,Complaint,Critical,synthetic
TICK-005869,We are switching to an alternative solution and wish to terminate service.,Cancellation,High,synthetic
TICK-005875,Please confirm cancellation of recurring billing for account 14859. Please advise as soon as possible.,Cancellation,High,synthetic
TICK-001362,Why was I billed $499.0 when my plan is $79.99? Urgent attention required.,Billing,High,synthetic
TICK-006118,How do I cancel my order before it enters fulfillment phase? Thank you for your assistance.,Cancellation,Medium,synthetic
TICK-003893,My profile settings fail to save changes. Urgent attention required.,Account,Medium,synthetic
TICK-003068,Where is my package? Tracking number 48528 shows no movement for 5 days. Kindly look into this matter promptly.,Shipping,Medium,synthetic
TICK-003590,I need to change shipping address for order 38594 before dispatch. Looking forward to your prompt response.,Shipping,High,synthetic
TICK-005200,Where can I find user manuals and documentation for model PRO-839? Kindly look into this matter promptly.,Product Inquiry,Low,synthetic
TICK-003199,Where is my package? Tracking number 22736 shows no movement for 5 days. Kindly look into this matter promptly.,Shipping,Medium,synthetic
TICK-001211,Double charge observed on my bank statement for invoice 30111. Urgent attention required.,Billing,Critical,synthetic
TICK-001879,Software installation fails due to missing DLL files on Windows 11. Urgent attention required.,Technical Support,High,synthetic
TICK-002275,Unable to connect to remote database server from IP address 192.168.5.78. Thank you for your assistance.,Technical Support,Critical,synthetic
TICK-004993,What are the hardware specifications required to run this software? Thank you for your assistance.,Product Inquiry,Low,synthetic
TICK-002558,Order was canceled by system but refund has not posted to my account. Appreciate a quick update on this.,Refund,Medium,synthetic
TICK-001202,I need an official tax invoice and payment receipt for order 15492.,Billing,Low,synthetic
TICK-003051,Customs clearance is delaying package shipment at border transit. Thank you for your assistance.,Shipping,Low,synthetic
TICK-005242,Where can I find user manuals and documentation for model PRO-863? Please advise as soon as possible.,Product Inquiry,Medium,synthetic
TICK-003355,I need to change shipping address for order 45133 before dispatch. Urgent attention required.,Shipping,Critical,synthetic
TICK-002252,Unable to connect to remote database server from IP address 192.168.115.202. Kindly look into this matter promptly.,Technical Support,Critical,synthetic
TICK-001242,Why was I billed $499.0 when my plan is $29.99? Thank you for your assistance.,Billing,Medium,synthetic
TICK-001457,Double charge observed on my bank statement for invoice 86062. Looking forward to your prompt response.,Billing,High,synthetic
TICK-002908,Partial refund missing from my previous dispute case 74219. Kindly look into this matter promptly.,Refund,Medium,synthetic
TICK-002603,I requested a refund for order 63580 two weeks ago but haven't received it. Contact me via email or phone.,Refund,Medium,synthetic
TICK-003062,My order 59452 was shipped to wrong delivery address. Thank you for your assistance.,Shipping,High,synthetic
TICK-001115,Can you update my credit card billing address and tax ID for billing?,Billing,Low,synthetic
TICK-001921,Bluetooth sync is failing between the hardware device and dashboard. Urgent attention required.,Technical Support,High,synthetic
TICK-003439,Where is my package? Tracking number 47660 shows no movement for 5 days. Urgent attention required.,Shipping,High,synthetic
TICK-002662,I accidentally purchased the wrong subscription tier and need money back. Kindly look into this matter promptly.,Refund,Low,synthetic
TICK-002248,My internet is not working and the router LED is blinking red. Appreciate a quick update on this.,Technical Support,High,synthetic
TICK-004587,Worst service experience ever! Unprofessional support team. Kindly look into this matter promptly.,Complaint,Low,synthetic
TICK-005308,Where can I find user manuals and documentation for model PRO-713? Looking forward to your prompt response.,Product Inquiry,Low,synthetic
TICK-002098,The desktop application freezes every time I click the save button. Looking forward to your prompt response.,Technical Support,High,synthetic
TICK-001443,Can you update my credit card billing address and tax ID for billing? Appreciate a quick update on this.,Billing,Low,synthetic
TICK-004434,Misleading advertising regarding feature capabilities on sales page. Appreciate a quick update on this.,Complaint,Low,synthetic
TICK-005765,I want to cancel my subscription effective immediately. Kindly look into this matter promptly.,Cancellation,High,synthetic
TICK-001727,Unable to connect to remote database server from IP address 192.168.236.242. Kindly look into this matter promptly.,Technical Support,Critical,synthetic
TICK-006039,Please confirm cancellation of recurring billing for account 87601. Thank you for your assistance.,Cancellation,Medium,synthetic
TICK-005927,Please confirm cancellation of recurring billing for account 32334. Appreciate a quick update on this.,Cancellation,Medium,synthetic
TICK-003136,I need to change shipping address for order 90135 before dispatch. Appreciate a quick update on this.,Shipping,High,synthetic
TICK-002042,System crashed completely during export task showing error code SOCKET_TIMEOUT. Urgent attention required.,Technical Support,Critical,synthetic
TICK-003380,Where is my package? Tracking number 88097 shows no movement for 5 days. Urgent attention required.,Shipping,High,synthetic
TICK-002051,The desktop application freezes every time I click the save button. Appreciate a quick update on this.,Technical Support,High,synthetic
TICK-001038,Double charge observed on my bank statement for invoice 95717. Urgent attention required.,Billing,Critical,synthetic
TICK-003734,Account permissions are misconfigured and user cannot access dashboard. Thank you for your assistance.,Account,High,synthetic
TICK-002950,I requested a refund for order 31519 two weeks ago but haven't received it. Urgent attention required.,Refund,High,synthetic
TICK-003196,Delivery courier left parcel in rain without notification. Appreciate a quick update on this.,Shipping,Medium,synthetic
TICK-002395,Partial refund missing from my previous dispute case 28057. Looking forward to your prompt response.,Refund,Medium,synthetic
TICK-003271,I need to change shipping address for order 65520 before dispatch.,Shipping,High,synthetic
TICK-004919,Where can I find user manuals and documentation for model PRO-899? Contact me via email or phone.,Product Inquiry,Low,synthetic
TICK-001144,My credit card was charged twice for transaction 32838. Thank you for your assistance.,Billing,High,synthetic
TICK-003521,My order 47997 was shipped to wrong delivery address.,Shipping,High,synthetic
TICK-001338,Why was I billed $99.99 when my plan is $29.99?,Billing,Medium,synthetic
TICK-002713,Partial refund missing from my previous dispute case 13665. Please advise as soon as possible.,Refund,High,synthetic
TICK-002254,System crashed completely during export task showing error code NULL_POINTER_EXC. Thank you for your assistance.,Technical Support,Critical,synthetic
TICK-001999,Unable to connect to remote database server from IP address 192.168.190.137. Thank you for your assistance.,Technical Support,Critical,synthetic
TICK-004923,Where can I find user manuals and documentation for model PRO-939? Kindly look into this matter promptly.,Product Inquiry,Low,synthetic
TICK-004936,Where can I find user manuals and documentation for model PRO-959? Looking forward to your prompt response.,Product Inquiry,Low,synthetic
TICK-005621,Please confirm cancellation of recurring billing for account 34765. Please advise as soon as possible.,Cancellation,High,synthetic
TICK-003464,My order 93545 was shipped to wrong delivery address. Thank you for your assistance.,Shipping,High,synthetic
TICK-005709,How do I cancel my order before it enters fulfillment phase? Looking forward to your prompt response.,Cancellation,Medium,synthetic
TICK-001333,There is a billing discrepancy on my recent statement for billing period Jan 2026. Kindly look into this matter promptly.,Billing,Medium,synthetic
TICK-002138,Unable to connect to remote database server from IP address 192.168.77.253. Urgent attention required.,Technical Support,Critical,synthetic
TICK-003427,Where is my package? Tracking number 24736 shows no movement for 5 days. Please advise as soon as possible.,Shipping,High,synthetic
TICK-001432,I noticed an unauthorized charge of $499.0 on my monthly invoice.,Billing,Critical,synthetic
TICK-001078,Why was I billed $49.0 when my plan is $79.99?,Billing,Medium,synthetic
TICK-006147,Please turn off auto-renewal for my annual membership plan. Please advise as soon as possible.,Cancellation,High,synthetic
TICK-002454,Partial refund missing from my previous dispute case 73040. Appreciate a quick update on this.,Refund,Medium,synthetic
TICK-001578,Double charge observed on my bank statement for invoice 56665.,Billing,High,synthetic
TICK-001108,I noticed an unauthorized charge of $19.99 on my monthly invoice. Appreciate a quick update on this.,Billing,Critical,synthetic
TICK-001012,I need an official tax invoice and payment receipt for order 95909. Contact me via email or phone.,Billing,Low,synthetic
TICK-001392,Why was I billed $49.0 when my plan is $29.99? Urgent attention required.,Billing,High,synthetic
TICK-001462,My credit card was charged twice for transaction 14944. Contact me via email or phone.,Billing,High,synthetic
TICK-005106,Where can I find user manuals and documentation for model PRO-166? Looking forward to your prompt response.,Product Inquiry,Low,synthetic
TICK-001389,Double charge observed on my bank statement for invoice 24283. Thank you for your assistance.,Billing,High,synthetic
TICK-001290,I need an official tax invoice and payment receipt for order 59786.,Billing,Low,synthetic
TICK-001918,Unable to connect to remote database server from IP address 192.168.181.120. Thank you for your assistance.,Technical Support,Critical,synthetic
TICK-001405,Double charge observed on my bank statement for invoice 13697.,Billing,High,synthetic
TICK-002829,Partial refund missing from my previous dispute case 74032. Kindly look into this matter promptly.,Refund,Medium,synthetic
TICK-004840,Agent closed my support ticket without resolving the actual issue. Urgent attention required.,Complaint,High,synthetic
TICK-001668,System crashed completely during export task showing error code ERR_502. Appreciate a quick update on this.,Technical Support,Critical,synthetic
TICK-003491,My order 63398 was shipped to wrong delivery address. Contact me via email or phone.,Shipping,High,synthetic
TICK-003119,Where is my package? Tracking number 57852 shows no movement for 5 days. Urgent attention required.,Shipping,High,synthetic
TICK-002807,I requested a refund for order 94266 two weeks ago but haven't received it. Urgent attention required.,Refund,High,synthetic
TICK-002972,My order 96117 was shipped to wrong delivery address. Contact me via email or phone.,Shipping,High,synthetic
TICK-003411,My order 27560 was shipped to wrong delivery address. Contact me via email or phone.,Shipping,High,synthetic
TICK-005823,Please confirm cancellation of recurring billing for account 22863. Contact me via email or phone.,Cancellation,Medium,synthetic
TICK-002856,Partial refund missing from my previous dispute case 23936. Looking forward to your prompt response.,Refund,Medium,synthetic
TICK-001533,There is a billing discrepancy on my recent statement for billing period Jan 2026. Appreciate a quick update on this.,Billing,Medium,synthetic
TICK-002658,I requested a refund for order 63788 two weeks ago but haven't received it. Contact me via email or phone.,Refund,Medium,synthetic
TICK-001116,I noticed an unauthorized charge of $249.5 on my monthly invoice. Urgent attention required.,Billing,Critical,synthetic
TICK-006097,Please confirm cancellation of recurring billing for account 40964. Thank you for your assistance.,Cancellation,Medium,synthetic
TICK-005710,Please confirm cancellation of recurring billing for account 63118. Contact me via email or phone.,Cancellation,Medium,synthetic
TICK-002264,Unable to connect to remote database server from IP address 192.168.140.40. Urgent attention required.,Technical Support,Critical,synthetic
TICK-001301,I need an official tax invoice and payment receipt for order 84289. Please advise as soon as possible.,Billing,Medium,synthetic
TICK-003143,My order 50189 was shipped to wrong delivery address.,Shipping,High,synthetic
TICK-001229,There is a billing discrepancy on my recent statement for billing period Q1 2026. Thank you for your assistance.,Billing,Medium,synthetic
TICK-003166,My order 82449 was shipped to wrong delivery address. Thank you for your assistance.,Shipping,High,synthetic
TICK-001293,My credit card was charged twice for transaction 64053. Contact me via email or phone.,Billing,High,synthetic
TICK-005449,Where can I find user manuals and documentation for model PRO-367? Urgent attention required.,Product Inquiry,Medium,synthetic
TICK-002846,I requested a refund for order 59803 two weeks ago but haven't received it. Thank you for your assistance.,Refund,Medium,synthetic
TICK-002680,Partial refund missing from my previous dispute case 80550. Looking forward to your prompt response.,Refund,Medium,synthetic
TICK-005238,Where can I find user manuals and documentation for model PRO-569? Contact me via email or phone.,Product Inquiry,Low,synthetic
TICK-005100,Where can I find user manuals and documentation for model PRO-363? Kindly look into this matter promptly.,Product Inquiry,Low,synthetic
TICK-003612,My account has been locked due to multiple failed login attempts.,Account,High,synthetic
TICK-001286,Double charge observed on my bank statement for invoice 36805.,Billing,High,synthetic
TICK-005922,Please confirm cancellation of recurring billing for account 94195. Appreciate a quick update on this.,Cancellation,Medium,synthetic
TICK-001335,Double charge observed on my bank statement for invoice 32613. Thank you for your assistance.,Billing,High,synthetic
TICK-003357,Where is my package? Tracking number 20346 shows no movement for 5 days. Kindly look into this matter promptly.,Shipping,Medium,synthetic
TICK-001004,Why was I billed $99.99 when my plan is $29.99? Thank you for your assistance.,Billing,Medium,synthetic
TICK-003027,My order 80648 was shipped to wrong delivery address. Urgent attention required.,Shipping,Critical,synthetic
TICK-005004,Where can I find user manuals and documentation for model PRO-900? Urgent attention required.,Product Inquiry,Medium,synthetic
TICK-002655,Partial refund missing from my previous dispute case 89910. Appreciate a quick update on this.,Refund,Medium,synthetic
TICK-001535,Double charge observed on my bank statement for invoice 85877.,Billing,High,synthetic
TICK-002944,I requested a refund for order 20414 two weeks ago but haven't received it. Urgent attention required.,Refund,High,synthetic
TICK-005488,Where can I find user manuals and documentation for model PRO-415? Looking forward to your prompt response.,Product Inquiry,Low,synthetic
TICK-001436,My credit card was charged twice for transaction 61877. Kindly look into this matter promptly.,Billing,High,synthetic
TICK-005147,Where can I find user manuals and documentation for model PRO-926? Looking forward to your prompt response.,Product Inquiry,Low,synthetic
TICK-003552,My order 38113 was shipped to wrong delivery address. Thank you for your assistance.,Shipping,High,synthetic
TICK-003597,I need to change shipping address for order 28500 before dispatch.,Shipping,High,synthetic
TICK-004665,Escalating issue: product failed during critical presentation. Thank you for your assistance.,Complaint,High,synthetic
TICK-005928,Please confirm cancellation of recurring billing for account 85024. Appreciate a quick update on this.,Cancellation,Medium,synthetic
TICK-005974,Please confirm cancellation of recurring billing for account 62119. Appreciate a quick update on this.,Cancellation,Medium,synthetic
TICK-003524,My order 99374 was shipped to wrong delivery address. Contact me via email or phone.,Shipping,High,synthetic
TICK-003523,Where is my package? Tracking number 59045 shows no movement for 5 days. Kindly look into this matter promptly.,Shipping,Medium,synthetic
TICK-002721,I requested a refund for order 68868 two weeks ago but haven't received it. Thank you for your assistance.,Refund,Medium,synthetic
TICK-005363,Does your enterprise plan support custom API integrations? Urgent attention required.,Product Inquiry,Medium,synthetic
TICK-003303,My order 84450 was shipped to wrong delivery address. Urgent attention required.,Shipping,Critical,synthetic
TICK-002297,Unable to connect to remote database server from IP address 192.168.56.222. Thank you for your assistance.,Technical Support,Critical,synthetic
TICK-003458,Where is my package? Tracking number 27968 shows no movement for 5 days. Please advise as soon as possible.,Shipping,High,synthetic
TICK-002582,Partial refund missing from my previous dispute case 73183. Kindly look into this matter promptly.,Refund,Medium,synthetic
TICK-003134,Where is my package? Tracking number 98212 shows no movement for 5 days. Kindly look into this matter promptly.,Shipping,Medium,synthetic
TICK-001456,There is a billing discrepancy on my recent statement for billing period Feb 2026. Please advise as soon as possible.,Billing,High,synthetic
TICK-003434,My order 85191 was shipped to wrong delivery address. Contact me via email or phone.,Shipping,High,synthetic
TICK-001490,I need an official tax invoice and payment receipt for order 69566.,Billing,Low,synthetic
TICK-002801,Partial refund missing from my previous dispute case 13337. Please advise as soon as possible.,Refund,High,synthetic
TICK-004193,Received suspicious password reset email without requesting it.,Account,Critical,synthetic
TICK-001438,I need an official tax invoice and payment receipt for order 27614. Thank you for your assistance.,Billing,Low,synthetic
TICK-005457,Can I try out premium features during a free trial demo? Urgent attention required.,Product Inquiry,Medium,synthetic
TICK-005258,Where can I find user manuals and documentation for model PRO-626? Please advise as soon as possible.,Product Inquiry,Medium,synthetic
TICK-002045,Unable to connect to remote database server from IP address 192.168.240.216. Appreciate a quick update on this.,Technical Support,Critical,synthetic
TICK-001789,Unable to connect to remote database server from IP address 192.168.97.229. Thank you for your assistance.,Technical Support,Critical,synthetic
TICK-002417,Partial refund missing from my previous dispute case 67712. Appreciate a quick update on this.,Refund,Medium,synthetic
TICK-003289,International shipment stuck at distribution center for over a week. Urgent attention required.,Shipping,High,synthetic
TICK-001414,I noticed an unauthorized charge of $99.99 on my monthly invoice. Thank you for your assistance.,Billing,Critical,synthetic
TICK-002635,I requested a refund for order 75215 two weeks ago but haven't received it. Kindly look into this matter promptly.,Refund,Medium,synthetic
TICK-005027,Where can I find user manuals and documentation for model PRO-828? Contact me via email or phone.,Product Inquiry,Low,synthetic
TICK-002736,Partial refund missing from my previous dispute case 57203. Appreciate a quick update on this.,Refund,Medium,synthetic
TICK-006060,Please confirm cancellation of recurring billing for account 25690. Contact me via email or phone.,Cancellation,Medium,synthetic
TICK-003071,My order 17259 was shipped to wrong delivery address. Thank you for your assistance.,Shipping,High,synthetic
TICK-002623,I requested a refund for order 79916 two weeks ago but haven't received it. Kindly look into this matter promptly.,Refund,Medium,synthetic
TICK-001122,Why was I billed $19.99 when my plan is $79.99? Urgent attention required.,Billing,High,synthetic
TICK-001238,My credit card was charged twice for transaction 15100. Urgent attention required.,Billing,Critical,synthetic
TICK-001119,I need an official tax invoice and payment receipt for order 92727. Thank you for your assistance.,Billing,Low,synthetic
TICK-003063,Package arrived with crushed outer box and broken contents. Kindly look into this matter promptly.,Shipping,High,synthetic
TICK-001657,Unable to connect to remote database server from IP address 192.168.18.100. Appreciate a quick update on this.,Technical Support,Critical,synthetic
TICK-001626,I noticed an unauthorized charge of $499.0 on my monthly invoice. Appreciate a quick update on this.,Billing,Critical,synthetic
TICK-003238,I need to change shipping address for order 72033 before dispatch. Looking forward to your prompt response.,Shipping,High,synthetic
TICK-003501,My order 35856 was shipped to wrong delivery address. Thank you for your assistance.,Shipping,High,synthetic
TICK-001111,There is a billing discrepancy on my recent statement for billing period Feb 2026.,Billing,Medium,synthetic
TICK-003335,Where is my package? Tracking number 73107 shows no movement for 5 days. Kindly look into this matter promptly.,Shipping,Medium,synthetic
TICK-001861,Unable to connect to remote database server from IP address 192.168.213.18. Please advise as soon as possible.,Technical Support,Critical,synthetic
TICK-004989,Where can I find user manuals and documentation for model PRO-891? Looking forward to your prompt response.,Product Inquiry,Low,synthetic
TICK-003188,Where is my package? Tracking number 90226 shows no movement for 5 days. Contact me via email or phone.,Shipping,Medium,synthetic
TICK-003391,My order 27259 was shipped to wrong delivery address. Contact me via email or phone.,Shipping,High,synthetic
TICK-001130,Why was I billed $99.99 when my plan is $79.99?,Billing,Medium,synthetic
TICK-005793,Please confirm cancellation of recurring billing for account 52416. Contact me via email or phone.,Cancellation,Medium,synthetic
TICK-001345,I need an official tax invoice and payment receipt for order 87060. Contact me via email or phone.,Billing,Low,synthetic
TICK-005483,Where can I find user manuals and documentation for model PRO-650? Please advise as soon as possible.,Product Inquiry,Medium,synthetic
TICK-001355,I need an official tax invoice and payment receipt for order 27290. Thank you for your assistance.,Billing,Low,synthetic
TICK-001332,My credit card was charged twice for transaction 38153. Urgent attention required.,Billing,Critical,synthetic
TICK-005445,Where can I find user manuals and documentation for model PRO-300? Contact me via email or phone.,Product Inquiry,Low,synthetic
TICK-005396,Where can I find user manuals and documentation for model PRO-297? Kindly look into this matter promptly.,Product Inquiry,Low,synthetic
TICK-003392,Where is my package? Tracking number 98228 shows no movement for 5 days. Contact me via email or phone.,Shipping,Medium,synthetic
TICK-001872,System crashed completely during export task showing error code AUTH_DENIED. Looking forward to your prompt response.,Technical Support,Critical,synthetic
TICK-001278,I need an official tax invoice and payment receipt for order 49552. Please advise as soon as possible.,Billing,Medium,synthetic
TICK-001171,I need an official tax invoice and payment receipt for order 32740.,Billing,Low,synthetic
TICK-001380,I need an official tax invoice and payment receipt for order 77603. Appreciate a quick update on this.,Billing,Low,synthetic
TICK-002481,Partial refund missing from my previous dispute case 52255. Contact me via email or phone.,Refund,Medium,synthetic
TICK-004925,Where can I find user manuals and documentation for model PRO-364? Kindly look into this matter promptly.,Product Inquiry,Low,synthetic
TICK-003265,Where is my package? Tracking number 56040 shows no movement for 5 days. Please advise as soon as possible.,Shipping,High,synthetic
TICK-002918,Partial refund missing from my previous dispute case 45338. Please advise as soon as possible.,Refund,High,synthetic
TICK-002310,I requested a refund for order 74740 two weeks ago but haven't received it. Urgent attention required.,Refund,High,synthetic
TICK-001574,I need an official tax invoice and payment receipt for order 51383. Contact me via email or phone.,Billing,Low,synthetic
TICK-001011,I need an official tax invoice and payment receipt for order 14207. Kindly look into this matter promptly.,Billing,Low,synthetic
TICK-003221,Where is my package? Tracking number 14205 shows no movement for 5 days. Kindly look into this matter promptly.,Shipping,Medium,synthetic
TICK-001485,Why was I billed $249.5 when my plan is $29.99? Contact me via email or phone.,Billing,Medium,synthetic
TICK-002743,Partial refund missing from my previous dispute case 66594. Urgent attention required.,Refund,High,synthetic
TICK-001655,Unable to connect to remote database server from IP address 192.168.141.124. Urgent attention required.,Technical Support,Critical,synthetic
TICK-005376,Where can I find user manuals and documentation for model PRO-482? Kindly look into this matter promptly.,Product Inquiry,Low,synthetic
TICK-005462,Where can I find user manuals and documentation for model PRO-521? Kindly look into this matter promptly.,Product Inquiry,Low,synthetic
TICK-005118,Where can I find user manuals and documentation for model PRO-405? Contact me via email or phone.,Product Inquiry,Low,synthetic
TICK-003252,I need to change shipping address for order 96662 before dispatch. Contact me via email or phone.,Shipping,High,synthetic
TICK-001433,My credit card was charged twice for transaction 91665. Thank you for your assistance.,Billing,High,synthetic
TICK-001194,Double charge observed on my bank statement for invoice 10688. Looking forward to your prompt response.,Billing,High,synthetic
TICK-003292,My order 15466 was shipped to wrong delivery address. Contact me via email or phone.,Shipping,High,synthetic
TICK-001394,I noticed an unauthorized charge of $19.99 on my monthly invoice. Thank you for your assistance.,Billing,Critical,synthetic
TICK-003573,Where is my package? Tracking number 81350 shows no movement for 5 days. Contact me via email or phone.,Shipping,Medium,synthetic
TICK-003393,Where is my package? Tracking number 46306 shows no movement for 5 days. Kindly look into this matter promptly.,Shipping,Medium,synthetic
TICK-003361,Where is my package? Tracking number 11274 shows no movement for 5 days. Please advise as soon as possible.,Shipping,High,synthetic
TICK-001223,Why was I billed $99.99 when my plan is $79.99? Urgent attention required.,Billing,High,synthetic
TICK-001724,System crashed completely during export task showing error code ERR_502. Looking forward to your prompt response.,Technical Support,Critical,synthetic
TICK-005690,Please turn off auto-renewal for my annual membership plan. Contact me via email or phone.,Cancellation,Medium,synthetic
TICK-002485,I requested a refund for order 91916 two weeks ago but haven't received it. Contact me via email or phone.,Refund,Medium,synthetic
TICK-001953,Unable to connect to remote database server from IP address 192.168.92.174. Urgent attention required.,Technical Support,Critical,synthetic
TICK-004988,Where can I find user manuals and documentation for model PRO-193? Urgent attention required.,Product Inquiry,Medium,synthetic
TICK-003000,My order 68896 was shipped to wrong delivery address. Urgent attention required.,Shipping,Critical,synthetic
TICK-002980,I need to change shipping address for order 24860 before dispatch. Contact me via email or phone.,Shipping,High,synthetic
TICK-003169,I need to change shipping address for order 28670 before dispatch. Contact me via email or phone.,Shipping,High,synthetic
TICK-002031,Unable to connect to remote database server from IP address 192.168.189.197. Kindly look into this matter promptly.,Technical Support,Critical,synthetic
TICK-001195,I noticed an unauthorized charge of $49.0 on my monthly invoice.,Billing,Critical,synthetic
TICK-003191,Where is my package? Tracking number 25095 shows no movement for 5 days. Looking forward to your prompt response.,Shipping,Medium,synthetic
TICK-001044,There is a billing discrepancy on my recent statement for billing period Q1 2026. Looking forward to your prompt response.,Billing,Medium,synthetic
TICK-001322,Double charge observed on my bank statement for invoice 62534. Kindly look into this matter promptly.,Billing,High,synthetic
TICK-002566,Partial refund missing from my previous dispute case 77021. Urgent attention required.,Refund,High,synthetic
TICK-001023,Double charge observed on my bank statement for invoice 38864. Kindly look into this matter promptly.,Billing,High,synthetic
TICK-001477,My credit card was charged twice for transaction 28139. Thank you for your assistance.,Billing,High,synthetic
TICK-003069,Where is my package? Tracking number 54235 shows no movement for 5 days. Please advise as soon as possible.,Shipping,High,synthetic
TICK-002820,I requested a refund for order 91169 two weeks ago but haven't received it. Urgent attention required.,Refund,High,synthetic
TICK-002683,Partial refund missing from my previous dispute case 30317. Contact me via email or phone.,Refund,Medium,synthetic
TICK-002701,I requested a refund for order 52842 two weeks ago but haven't received it. Contact me via email or phone.,Refund,Medium,synthetic
TICK-001932,System crashed completely during export task showing error code ERR_502. Thank you for your assistance.,Technical Support,Critical,synthetic
TICK-001266,Double charge observed on my bank statement for invoice 24707. Urgent attention required.,Billing,Critical,synthetic
TICK-001563,Why was I billed $19.99 when my plan is $9.99? Thank you for your assistance.,Billing,Medium,synthetic
TICK-001192,I need an official tax invoice and payment receipt for order 60615. Kindly look into this matter promptly.,Billing,Low,synthetic
TICK-002645,I requested a refund for order 35938 two weeks ago but haven't received it. Urgent attention required.,Refund,High,synthetic
TICK-005405,What is the warranty period and coverage for international orders? Kindly look into this matter promptly.,Product Inquiry,Low,synthetic
TICK-005633,Please confirm cancellation of recurring billing for account 95750. Contact me via email or phone.,Cancellation,Medium,synthetic
TICK-002080,Unable to connect to remote database server from IP address 192.168.108.8. Kindly look into this matter promptly.,Technical Support,Critical,synthetic
TICK-002541,I requested a refund for order 81139 two weeks ago but haven't received it. Kindly look into this matter promptly.,Refund,Medium,synthetic
TICK-001204,I noticed an unauthorized charge of $249.5 on my monthly invoice. Kindly look into this matter promptly.,Billing,Critical,synthetic
TICK-002709,Partial refund missing from my previous dispute case 94305. Appreciate a quick update on this.,Refund,Medium,synthetic
TICK-001263,I noticed an unauthorized charge of $99.99 on my monthly invoice.,Billing,Critical,synthetic
TICK-002106,Unable to connect to remote database server from IP address 192.168.179.171. Urgent attention required.,Technical Support,Critical,synthetic
TICK-002371,I requested a refund for order 86092 two weeks ago but haven't received it. Urgent attention required.,Refund,High,synthetic
TICK-002704,I requested a refund for order 91537 two weeks ago but haven't received it. Kindly look into this matter promptly.,Refund,Medium,synthetic
TICK-001425,Why was I billed $249.5 when my plan is $29.99?,Billing,Medium,synthetic
TICK-001114,My credit card was charged twice for transaction 51704. Urgent attention required.,Billing,Critical,synthetic
TICK-001376,My credit card was charged twice for transaction 75484. Thank you for your assistance.,Billing,High,synthetic
TICK-001467,I need an official tax invoice and payment receipt for order 12872. Please advise as soon as possible.,Billing,Medium,synthetic
TICK-001326,Double charge observed on my bank statement for invoice 75597. Thank you for your assistance.,Billing,High,synthetic
TICK-001259,Why was I billed $249.5 when my plan is $29.99? Thank you for your assistance.,Billing,Medium,synthetic
TICK-003386,My order 72750 was shipped to wrong delivery address. Urgent attention required.,Shipping,Critical,synthetic
TICK-001123,I need an official tax invoice and payment receipt for order 70443. Appreciate a quick update on this.,Billing,Low,synthetic
TICK-002465,Partial refund missing from my previous dispute case 62158. Contact me via email or phone.,Refund,Medium,synthetic
TICK-005186,Where can I find user manuals and documentation for model PRO-225? Kindly look into this matter promptly.,Product Inquiry,Low,synthetic
TICK-002794,Partial refund missing from my previous dispute case 29152. Contact me via email or phone.,Refund,Medium,synthetic
TICK-002870,Partial refund missing from my previous dispute case 89337. Urgent attention required.,Refund,High,synthetic
TICK-001419,Double charge observed on my bank statement for invoice 90431. Looking forward to your prompt response.,Billing,High,synthetic
TICK-001075,I noticed an unauthorized charge of $49.0 on my monthly invoice. Thank you for your assistance.,Billing,Critical,synthetic
TICK-001305,I noticed an unauthorized charge of $499.0 on my monthly invoice. Please advise as soon as possible.,Billing,Critical,synthetic
TICK-002298,Unable to connect to remote database server from IP address 192.168.187.178. Appreciate a quick update on this.,Technical Support,Critical,synthetic
TICK-002545,I requested a refund for order 20031 two weeks ago but haven't received it. Thank you for your assistance.,Refund,Medium,synthetic
TICK-003445,I need to change shipping address for order 68014 before dispatch. Urgent attention required.,Shipping,Critical,synthetic
TICK-001214,I need an official tax invoice and payment receipt for order 90199. Thank you for your assistance.,Billing,Low,synthetic
TICK-003157,I need to change shipping address for order 93776 before dispatch. Urgent attention required.,Shipping,Critical,synthetic
TICK-002997,Where is my package? Tracking number 43044 shows no movement for 5 days. Please advise as soon as possible.,Shipping,High,synthetic
TICK-001597,I need an official tax invoice and payment receipt for order 31877. Please advise as soon as possible.,Billing,Medium,synthetic
TICK-001647,I need an official tax invoice and payment receipt for order 66614. Please advise as soon as possible.,Billing,Medium,synthetic
TICK-001560,I need an official tax invoice and payment receipt for order 64162.,Billing,Low,synthetic
TICK-002973,Where is my package? Tracking number 14768 shows no movement for 5 days. Kindly look into this matter promptly.,Shipping,Medium,synthetic
TICK-003306,Where is my package? Tracking number 18261 shows no movement for 5 days. Please advise as soon as possible.,Shipping,High,synthetic
TICK-001595,Double charge observed on my bank statement for invoice 94494.,Billing,High,synthetic
TICK-001393,My credit card was charged twice for transaction 63004. Urgent attention required.,Billing,Critical,synthetic
TICK-001387,Double charge observed on my bank statement for invoice 84425. Kindly look into this matter promptly.,Billing,High,synthetic
TICK-003456,I need to change shipping address for order 66133 before dispatch. Contact me via email or phone.,Shipping,High,synthetic
TICK-002077,System crashed completely during export task showing error code NULL_POINTER_EXC. Contact me via email or phone.,Technical Support,Critical,synthetic
TICK-001484,Why was I billed $499.0 when my plan is $9.99?,Billing,Medium,synthetic
TICK-001016,I noticed an unauthorized charge of $499.0 on my monthly invoice. Urgent attention required.,Billing,Critical,synthetic
TICK-001076,Double charge observed on my bank statement for invoice 15383. Kindly look into this matter promptly.,Billing,High,synthetic
TICK-003374,Where is my package? Tracking number 84883 shows no movement for 5 days. Looking forward to your prompt response.,Shipping,Medium,synthetic
TICK-001806,Unable to connect to remote database server from IP address 192.168.71.14. Kindly look into this matter promptly.,Technical Support,Critical,synthetic
TICK-003146,I need to change shipping address for order 52960 before dispatch. Looking forward to your prompt response.,Shipping,High,synthetic
TICK-001189,Double charge observed on my bank statement for invoice 28140. Thank you for your assistance.,Billing,High,synthetic
TICK-001303,I noticed an unauthorized charge of $49.0 on my monthly invoice. Kindly look into this matter promptly.,Billing,Critical,synthetic
TICK-001712,Unable to connect to remote database server from IP address 192.168.37.242. Appreciate a quick update on this.,Technical Support,Critical,synthetic
TICK-001265,I need an official tax invoice and payment receipt for order 99173. Thank you for your assistance.,Billing,Low,synthetic
TICK-001841,Unable to connect to remote database server from IP address 192.168.107.118. Thank you for your assistance.,Technical Support,Critical,synthetic
TICK-003165,Where is my package? Tracking number 59434 shows no movement for 5 days. Urgent attention required.,Shipping,High,synthetic
TICK-001494,I need an official tax invoice and payment receipt for order 69905. Thank you for your assistance.,Billing,Low,synthetic
TICK-005080,Where can I find user manuals and documentation for model PRO-889? Contact me via email or phone.,Product Inquiry,Low,synthetic
TICK-003225,I need to change shipping address for order 32560 before dispatch.,Shipping,High,synthetic
TICK-003205,I need to change shipping address for order 51869 before dispatch. Appreciate a quick update on this.,Shipping,High,synthetic
TICK-005557,Please confirm cancellation of recurring billing for account 71958. Thank you for your assistance.,Cancellation,Medium,synthetic
TICK-003274,Where is my package? Tracking number 24208 shows no movement for 5 days. Please advise as soon as possible.,Shipping,High,synthetic
TICK-001470,Why was I billed $19.99 when my plan is $29.99? Urgent attention required.,Billing,High,synthetic
TICK-003512,My order 73631 was shipped to wrong delivery address. Urgent attention required.,Shipping,Critical,synthetic
TICK-001371,Why was I billed $99.99 when my plan is $29.99? Contact me via email or phone.,Billing,Medium,synthetic
TICK-002923,I requested a refund for order 49703 two weeks ago but haven't received it. Urgent attention required.,Refund,High,synthetic
TICK-001552,I need an official tax invoice and payment receipt for order 78512.,Billing,Low,synthetic
TICK-002475,I requested a refund for order 74673 two weeks ago but haven't received it. Kindly look into this matter promptly.,Refund,Medium,synthetic
TICK-001177,I noticed an unauthorized charge of $19.99 on my monthly invoice.,Billing,Critical,synthetic
TICK-003526,I need to change shipping address for order 32347 before dispatch. Looking forward to your prompt response.,Shipping,High,synthetic
TICK-001963,System crashed completely during export task showing error code NULL_POINTER_EXC. Appreciate a quick update on this.,Technical Support,Critical,synthetic
TICK-001185,Double charge observed on my bank statement for invoice 59377. Looking forward to your prompt response.,Billing,High,synthetic
TICK-001402,My credit card was charged twice for transaction 46822. Urgent attention required.,Billing,Critical,synthetic
TICK-003535,I need to change shipping address for order 80559 before dispatch. Appreciate a quick update on this.,Shipping,High,synthetic
TICK-001592,There is a billing discrepancy on my recent statement for billing period Q1 2026. Appreciate a quick update on this.,Billing,Medium,synthetic
TICK-001157,My credit card was charged twice for transaction 33647. Urgent attention required.,Billing,Critical,synthetic
TICK-002836,Partial refund missing from my previous dispute case 23607. Kindly look into this matter promptly.,Refund,Medium,synthetic
TICK-001197,Why was I billed $249.5 when my plan is $9.99? Urgent attention required.,Billing,High,synthetic
TICK-006132,Please confirm cancellation of recurring billing for account 96368. Thank you for your assistance.,Cancellation,Medium,synthetic
TICK-003133,Where is my package? Tracking number 96975 shows no movement for 5 days. Please advise as soon as possible.,Shipping,High,synthetic
TICK-001198,I noticed an unauthorized charge of $99.99 on my monthly invoice. Please advise as soon as possible.,Billing,Critical,synthetic
TICK-002208,The desktop application freezes every time I click the save button. Please advise as soon as possible.,Technical Support,Critical,synthetic
TICK-002062,Unable to connect to remote database server from IP address 192.168.117.15. Please advise as soon as possible.,Technical Support,Critical,synthetic
TICK-001226,Double charge observed on my bank statement for invoice 93753.,Billing,High,synthetic
TICK-002731,I requested a refund for order 24596 two weeks ago but haven't received it. Kindly look into this matter promptly.,Refund,Medium,synthetic
TICK-001566,I need an official tax invoice and payment receipt for order 14405. Please advise as soon as possible.,Billing,Medium,synthetic
TICK-003415,I need to change shipping address for order 36131 before dispatch. Appreciate a quick update on this.,Shipping,High,synthetic
TICK-001475,I noticed an unauthorized charge of $49.0 on my monthly invoice. Urgent attention required.,Billing,Critical,synthetic
TICK-005559,Please confirm cancellation of recurring billing for account 81641. Contact me via email or phone.,Cancellation,Medium,synthetic
TICK-005000,Where can I find user manuals and documentation for model PRO-989? Please advise as soon as possible.,Product Inquiry,Medium,synthetic
TICK-001256,Double charge observed on my bank statement for invoice 89007.,Billing,High,synthetic
TICK-003509,I need to change shipping address for order 93862 before dispatch.,Shipping,High,synthetic
TICK-002712,Partial refund missing from my previous dispute case 15456. Please advise as soon as possible.,Refund,High,synthetic
TICK-002617,Partial refund missing from my previous dispute case 24723. Contact me via email or phone.,Refund,Medium,synthetic
TICK-003471,Where is my package? Tracking number 63307 shows no movement for 5 days. Looking forward to your prompt response.,Shipping,Medium,synthetic
TICK-001611,Why was I billed $249.5 when my plan is $9.99?,Billing,Medium,synthetic
TICK-002152,Unable to connect to remote database server from IP address 192.168.2.143. Kindly look into this matter promptly.,Technical Support,Critical,synthetic
TICK-006030,Please confirm cancellation of recurring billing for account 72348. Appreciate a quick update on this.,Cancellation,Medium,synthetic
TICK-002015,Unable to connect to remote database server from IP address 192.168.85.80. Thank you for your assistance.,Technical Support,Critical,synthetic
TICK-002730,I requested a refund for order 67741 two weeks ago but haven't received it. Kindly look into this matter promptly.,Refund,Medium,synthetic
TICK-002538,Partial refund missing from my previous dispute case 60262. Appreciate a quick update on this.,Refund,Medium,synthetic
TICK-002700,Partial refund missing from my previous dispute case 17752. Please advise as soon as possible.,Refund,High,synthetic
TICK-002728,Service was down during our event. Requesting credit refund to account. Appreciate a quick update on this.,Refund,Medium,synthetic
TICK-003420,My order 11775 was shipped to wrong delivery address. Thank you for your assistance.,Shipping,High,synthetic
TICK-005485,Where can I find user manuals and documentation for model PRO-609? Please advise as soon as possible.,Product Inquiry,Medium,synthetic
TICK-001413,Double charge observed on my bank statement for invoice 23645. Urgent attention required.,Billing,Critical,synthetic
TICK-003536,Where is my package? Tracking number 23629 shows no movement for 5 days. Please advise as soon as possible.,Shipping,High,synthetic
TICK-001830,Unable to connect to remote database server from IP address 192.168.11.211. Appreciate a quick update on this.,Technical Support,Critical,synthetic
TICK-005070,Where can I find user manuals and documentation for model PRO-504? Kindly look into this matter promptly.,Product Inquiry,Low,synthetic
TICK-001407,My credit card was charged twice for transaction 79002. Urgent attention required.,Billing,Critical,synthetic
TICK-003187,Where is my package? Tracking number 22120 shows no movement for 5 days. Contact me via email or phone.,Shipping,Medium,synthetic
TICK-001553,Double charge observed on my bank statement for invoice 88618. Urgent attention required.,Billing,Critical,synthetic
TICK-001175,I noticed an unauthorized charge of $19.99 on my monthly invoice. Please advise as soon as possible.,Billing,Critical,synthetic
TICK-003201,Where is my package? Tracking number 43994 shows no movement for 5 days. Please advise as soon as possible.,Shipping,High,synthetic
TICK-001152,I noticed an unauthorized charge of $19.99 on my monthly invoice. Urgent attention required.,Billing,Critical,synthetic
TICK-001034,Double charge observed on my bank statement for invoice 87924. Kindly look into this matter promptly.,Billing,High,synthetic
TICK-003037,Where is my package? Tracking number 96774 shows no movement for 5 days. Kindly look into this matter promptly.,Shipping,Medium,synthetic
TICK-006102,Please confirm cancellation of recurring billing for account 73356. Appreciate a quick update on this.,Cancellation,Medium,synthetic
TICK-003381,My order 82185 was shipped to wrong delivery address. Thank you for your assistance.,Shipping,High,synthetic
TICK-002834,I requested a refund for order 55017 two weeks ago but haven't received it. Urgent attention required.,Refund,High,synthetic
TICK-001277,My credit card was charged twice for transaction 28367. Kindly look into this matter promptly.,Billing,High,synthetic
TICK-003577,Where is my package? Tracking number 16192 shows no movement for 5 days. Looking forward to your prompt response.,Shipping,Medium,synthetic
TICK-005756,Please confirm cancellation of recurring billing for account 43396. Contact me via email or phone.,Cancellation,Medium,synthetic
TICK-001530,I need an official tax invoice and payment receipt for order 51652. Kindly look into this matter promptly.,Billing,Low,synthetic
TICK-002204,System crashed completely during export task showing error code SOCKET_TIMEOUT. Please advise as soon as possible.,Technical Support,Critical,synthetic
TICK-002951,Where is my package? Tracking number 28394 shows no movement for 5 days. Urgent attention required.,Shipping,High,synthetic
TICK-005248,Where can I find user manuals and documentation for model PRO-927? Kindly look into this matter promptly.,Product Inquiry,Low,synthetic
TICK-003251,Where is my package? Tracking number 91689 shows no movement for 5 days. Contact me via email or phone.,Shipping,Medium,synthetic
TICK-002184,System crashed completely during export task showing error code ERR_502. Contact me via email or phone.,Technical Support,Critical,synthetic
TICK-003482,Where is my package? Tracking number 84843 shows no movement for 5 days. Please advise as soon as possible.,Shipping,High,synthetic
TICK-002414,Partial refund missing from my previous dispute case 38553. Kindly look into this matter promptly.,Refund,Medium,synthetic
TICK-003384,I need to change shipping address for order 82120 before dispatch.,Shipping,High,synthetic
TICK-005668,Please confirm cancellation of recurring billing for account 34549. Contact me via email or phone.,Cancellation,Medium,synthetic
TICK-001439,I need an official tax invoice and payment receipt for order 67896. Kindly look into this matter promptly.,Billing,Low,synthetic
TICK-002288,Unable to connect to remote database server from IP address 192.168.161.198. Urgent attention required.,Technical Support,Critical,synthetic
TICK-001547,I need an official tax invoice and payment receipt for order 15655. Please advise as soon as possible.,Billing,Medium,synthetic
TICK-003599,Where is my package? Tracking number 53695 shows no movement for 5 days. Contact me via email or phone.,Shipping,Medium,synthetic
TICK-003588,I need to change shipping address for order 58806 before dispatch. Contact me via email or phone.,Shipping,High,synthetic
TICK-003466,Where is my package? Tracking number 30780 shows no movement for 5 days. Kindly look into this matter promptly.,Shipping,Medium,synthetic
TICK-002522,Partial refund missing from my previous dispute case 24136. Urgent attention required.,Refund,High,synthetic
TICK-001231,I need an official tax invoice and payment receipt for order 30932.,Billing,Low,synthetic
TICK-001047,I need an official tax invoice and payment receipt for order 36158. Contact me via email or phone.,Billing,Low,synthetic
TICK-005899,Please confirm cancellation of recurring billing for account 46868. Appreciate a quick update on this.,Cancellation,Medium,synthetic
TICK-005946,Please confirm cancellation of recurring billing for account 40541. Appreciate a quick update on this.,Cancellation,Medium,synthetic
TICK-001523,Double charge observed on my bank statement for invoice 21338.,Billing,High,synthetic
TICK-001959,Unable to connect to remote database server from IP address 192.168.88.74. Urgent attention required.,Technical Support,Critical,synthetic
TICK-002363,Partial refund missing from my previous dispute case 74920. Please advise as soon as possible.,Refund,High,synthetic
TICK-001059,My credit card was charged twice for transaction 23970. Thank you for your assistance.,Billing,High,synthetic
TICK-002711,Partial refund missing from my previous dispute case 73452. Please advise as soon as possible.,Refund,High,synthetic
TICK-001254,Double charge observed on my bank statement for invoice 40437. Looking forward to your prompt response.,Billing,High,synthetic
TICK-001684,Unable to connect to remote database server from IP address 192.168.128.219. Please advise as soon as possible.,Technical Support,Critical,synthetic
TICK-001445,I need an official tax invoice and payment receipt for order 94853. Please advise as soon as possible.,Billing,Medium,synthetic
TICK-005038,Where can I find user manuals and documentation for model PRO-469? Please advise as soon as possible.,Product Inquiry,Medium,synthetic
EXT_B001,Received billing notification for unknown monthly service charge.,Billing,High,external
EXT_B002,Updated my payment method but automated billing still shows expired card.,Billing,Medium,external
EXT_B003,Requesting refund of duplicate charge on transaction statement #9928.,Billing,High,external
EXT_B005,Credit card failed error during checkout process.,Billing,High,external
EXT_B008,Annual invoice shows wrong seat count for active user licenses.,Billing,Medium,external
EXT_B009,Payment confirmation email not received after successful wire transfer.,Billing,Low,external
EXT_B010,Discrepancy between quote provided by sales rep and billed invoice total.,Billing,High,external
EXT_T001,Database connector throwing connection reset by peer error.,Technical Support,Critical,external
EXT_T003,Web portal rendering blank white page on Safari browser version 17.,Technical Support,High,external
EXT_T005,High latency reported on regional server node us-east-1.,Technical Support,High,external
EXT_T006,Memory leak observed in desktop daemon process background worker.,Technical Support,High,external
EXT_T007,Webhook endpoint returning HTTP 403 Forbidden on payload POST.,Technical Support,High,external
EXT_T009,Client side validation error preventing form submission on checkout.,Technical Support,Medium,external
EXT_T010,System audit log export truncating records older than 30 days.,Technical Support,Low,external
EXT_R001,Requesting full reimbursement for cancelled conference ticket.,Refund,Medium,external
EXT_R004,Overcharge refund agreed by support representative not reflected on card.,Refund,High,external
EXT_R005,Cancelled order refund status inquiry for order reference #77291.,Refund,Medium,external
EXT_R006,Subscription cancelled during money-back guarantee period.,Refund,High,external
EXT_R007,"Defective shipment returned, please credit back original payment source.",Refund,High,external
EXT_R008,Service SLA breach credit refund request for downtime incident.,Refund,High,external
EXT_R010,"Order items damaged during transport, demanding store credit or refund.",Refund,High,external
EXT_S001,Carrier notification indicates delivery delay due to severe weather conditions.,Shipping,Low,external
EXT_S002,Package tracking details not updated for past 72 hours.,Shipping,Medium,external
EXT_S003,Shipment delivered to wrong zip code according to tracking link.,Shipping,High,external
EXT_S004,Request to hold parcel at local depot for self pickup.,Shipping,Low,external
EXT_S005,International freight shipment stuck in customs inspection.,Shipping,Medium,external
EXT_S006,Dispatch confirmation received but shipping label show pending pickup.,Shipping,Low,external
EXT_S007,"Partial order shipment arrived, remaining items missing from package.",Shipping,High,external
EXT_S008,Address correction required prior to courier dispatch.,Shipping,High,external
EXT_S009,Damaged packaging container reported upon freight arrival.,Shipping,Medium,external
EXT_S010,Express delivery deadline missed by courier service provider.,Shipping,Medium,external
EXT_A001,Multi-factor authentication reset required for admin profile.,Account,Critical,external
EXT_A002,Unable to modify account owner email in security settings panel.,Account,Medium,external
EXT_A007,Single Sign-On integration failing with identity provider metadata error.,Account,High,external
EXT_C002,Repeated platform outages impacting critical business operations.,Complaint,Critical,external
EXT_C003,Feature promised during sales call is absent from released product.,Complaint,High,external
EXT_C004,Unresolved software defect open for over six weeks.,Complaint,High,external
EXT_C007,Support ticket marked resolved without customer confirmation.,Complaint,High,external
EXT_P001,Inquiring about compatibility with PostgreSQL 15 database engines.,Product Inquiry,Low,external
EXT_P002,What encryption standards are utilized for data at rest?,Product Inquiry,Low,external
EXT_P003,Are custom API rate limits available for enterprise contracts?,Product Inquiry,Low,external
EXT_P004,Does the system support multi-currency transactions and reporting?,Product Inquiry,Low,external
EXT_P005,Inquiry regarding roadmap for native mobile tablet application.,Product Inquiry,Low,external
EXT_P006,What is the maximum number of concurrent users supported on Pro plan?,Product Inquiry,Low,external
EXT_P008,Is SOC2 Type II compliance documentation available upon NDA?,Product Inquiry,Low,external
EXT_X002,Request to cancel automatic monthly plan renewal.,Cancellation,Medium,external
EXT_X003,Immediate account termination and billing cancellation requested.,Cancellation,High,external
EXT_X004,Subscription cancellation due to business acquisition.,Cancellation,Medium,external
EXT_X006,Terminate trial period and remove credit card details.,Cancellation,Medium,external
EXT_X007,Cancelling membership due to budget constraints.,Cancellation,Medium,external
MAN_B002,Why did u guys charge me again??,Billing,High,manual
MAN_B003,"This is ridiculous, I have been charged twice and nobody is helping me!",Billing,Critical,manual
MAN_B004,Charged twice.,Billing,High,manual
MAN_B006,Need vat invoice for last month subscription fee.,Billing,Low,manual
MAN_B007,Auto renewal billed me $99 even though I sent cancellation request last week.,Billing,High,manual
MAN_B008,Incorrect tax amount added to invoice #INV-99201. Plz fix.,Billing,Medium,manual
MAN_B009,Payment went through on my bank app but portal says payment pending.,Billing,Medium,manual
MAN_B100,Can you send the PDF receipt for my team subscription to accounting@company.org?,Billing,Low,manual
MAN_B101,Overcharged by 50 dollars on month end billing statement.,Billing,High,manual
MAN_B102,I was charged currency conversion fee when purchase was in USD. Why?,Billing,Medium,manual
MAN_B103,Promo code PROMO2024 was applied but full price was charged to my card.,Billing,Medium,manual
MAN_B104,"Got a message saying payment failed, but my account balance decreased.",Billing,High,manual
MAN_T002,Getting 500 error when clicking submit.,Technical Support,Medium,manual
MAN_T003,"Hey, your website is completely down on Chrome. White screen showing up.",Technical Support,Critical,manual
MAN_T004,API response time is over 12 seconds for /v1/data endpoint. Server timeout.,Technical Support,High,manual
MAN_T006,Export to CSV button does nothing when clicked in Firefox browser.,Technical Support,Medium,manual
MAN_T100,Mobile app logout spontaneously every 5 minutes.,Technical Support,Medium,manual
MAN_T101,Dark mode toggle is glitching and flickering constantly.,Technical Support,Low,manual
MAN_T102,Desktop software crash dump attached - exit code 0xC0000005.,Technical Support,High,manual
MAN_T103,Unable to sync offline offline records to server once online.,Technical Support,High,manual
MAN_T104,Notification push messages are not arriving on Android 14 devices.,Technical Support,Medium,manual
MAN_R002,I requested refund 10 days ago. Still no update on status???,Refund,High,manual
MAN_R003,Product did not match the website description at all. Returning product for money back.,Refund,Medium,manual
MAN_R004,Accidentally bought 2 licenses instead of 1. Refund the extra one please.,Refund,Medium,manual
MAN_R005,"Order cancelled by seller due to out of stock, but money not refunded yet.",Refund,High,manual
MAN_R006,Where is my refund?,Refund,Medium,manual
MAN_R008,System charged me after trial ended even though I opted out. Money back immediately.,Refund,Critical,manual
MAN_R009,Service quality was unacceptable during webinar event. Requesting subscription refund.,Refund,Medium,manual
MAN_R100,Returned item received at warehouse per carrier tracking #8821. Process reimbursement.,Refund,Medium,manual
MAN_S001,Where can I track my delivery?,Shipping,Low,manual
MAN_S002,Package marked delivered by courier but I did not receive anything at my door.,Shipping,Critical,manual
MAN_S003,Delivery is 4 days late and tracking status has not updated since Monday.,Shipping,High,manual
MAN_S004,Need to change shipping address to Apartment 4B before order dispatches.,Shipping,High,manual
MAN_S005,Item shipped to old residential address by mistake.,Shipping,High,manual
MAN_S006,Parcel box arrived completely crushed and open.,Shipping,High,manual
MAN_S007,"Paid extra for next-day priority shipping, but it's taking standard 5 days.",Shipping,Medium,manual
MAN_S008,Customs holding shipment at port demanding additional clearance documentation.,Shipping,Medium,manual
MAN_S009,Wrong tracking code sent in email confirmation.,Shipping,Low,manual
MAN_S100,Courier driver left package in heavy rain without ringing doorbell.,Shipping,Medium,manual
MAN_A002,Password reset link is giving 'expired' error immediately upon arrival.,Account,High,manual
MAN_A003,How do I change my primary account email address?,Account,Low,manual
MAN_A004,Suspicious login attempt detected from unrecognized location. Deactivate account temporarily.,Account,Critical,manual
MAN_A005,Cannot update profile picture or display name in settings page.,Account,Low,manual
MAN_A006,Please transfer account owner privileges to user user2@org.com.,Account,Medium,manual
MAN_A008,Account deactivated message showing when logging in. Why?,Account,High,manual
MAN_A009,Want to delete my profile and purge all stored user personal data.,Account,Medium,manual
MAN_C002,Worst experience ever. System has been down 3 times this month!,Complaint,High,manual
MAN_C004,Misleading marketing claims regarding features included in standard plan.,Complaint,Medium,manual
MAN_C005,Escalating this issue to management. Unresolved bug open for 30 days.,Complaint,Critical,manual
MAN_C006,Prices increased by 30% without prior email notification to subscribers.,Complaint,High,manual
MAN_C007,Support ticket #4401 closed automatically without providing solution.,Complaint,High,manual
MAN_P001,Does the enterprise tier support single sign-on (SSO) via SAML 2.0?,Product Inquiry,Low,manual
MAN_P002,Is there an iOS tablet version available for download?,Product Inquiry,Low,manual
MAN_P003,What is the maximum file upload size limit per attachment?,Product Inquiry,Low,manual
MAN_P004,Can I integrate this platform with Zapier or Webhooks?,Product Inquiry,Low,manual
MAN_P005,Looking for detailed documentation on REST API rate limits.,Product Inquiry,Low,manual
MAN_P007,Does product support dark theme and custom CSS styling?,Product Inquiry,Low,manual
MAN_X002,How do I terminate my account subscription?,Cancellation,Medium,manual
MAN_X003,Cancel auto-renewal for my annual membership plan.,Cancellation,Medium,manual
MAN_X004,Want to end contract early due to company restructuring.,Cancellation,High,manual
MAN_X005,Stop my subscription at end of current billing period.,Cancellation,Medium,manual
MAN_X008,"Switched to alternative product, please cancel plan effective today.",Cancellation,Medium,manual
